left,middle,right
ENSG00000000971,ENSG00000004660,ENSG00000001084
ENSG00000001617,ENSG00000005884,ENSG00000001561
ENSG00000001630,ENSG00000006016,ENSG00000002822
ENSG00000003436,ENSG00000006128,ENSG00000006453
ENSG00000004777,ENSG00000006283,ENSG00000006747
ENSG00000004799,ENSG00000015413,ENSG00000007541
ENSG00000005102,ENSG00000029153,ENSG00000008952
ENSG00000005238,ENSG00000046653,ENSG00000010319
ENSG00000005448,ENSG00000047936,ENSG00000010438
ENSG00000006468,ENSG00000049540,ENSG00000011201
ENSG00000006606,ENSG00000053747,ENSG00000013588
ENSG00000006652,ENSG00000064205,ENSG00000014138
ENSG00000006740,ENSG00000065413,ENSG00000015133
ENSG00000007237,ENSG00000074527,ENSG00000015153
ENSG00000007255,ENSG00000076770,ENSG00000018625
ENSG00000008056,ENSG00000078269,ENSG00000024526
ENSG00000008083,ENSG00000079102,ENSG00000025039
ENSG00000008086,ENSG00000082196,ENSG00000027075
ENSG00000008118,ENSG00000082497,ENSG00000032444
ENSG00000008441,ENSG00000087494,ENSG00000034053
ENSG00000008517,ENSG00000087495,ENSG00000036672
ENSG00000009413,ENSG00000089225,ENSG00000038427
ENSG00000010310,ENSG00000091129,ENSG00000039560
ENSG00000010818,ENSG00000095637,ENSG00000039987
ENSG00000011332,ENSG00000099204,ENSG00000041515
ENSG00000011347,ENSG00000099864,ENSG00000049192
ENSG00000011422,ENSG00000100292,ENSG00000049323
ENSG00000011465,ENSG00000101938,ENSG00000049759
ENSG00000013297,ENSG00000102265,ENSG00000050555
ENSG00000017427,ENSG00000102760,ENSG00000051523
ENSG00000019485,ENSG00000103044,ENSG00000052850
ENSG00000020181,ENSG00000103253,ENSG00000054282
ENSG00000020633,ENSG00000103811,ENSG00000055163
ENSG00000021645,ENSG00000104081,ENSG00000057294
ENSG00000021762,ENSG00000104490,ENSG00000057704
ENSG00000022267,ENSG00000104722,ENSG00000058404
ENSG00000023287,ENSG00000104783,ENSG00000059915
ENSG00000023902,ENSG00000105499,ENSG00000061455
ENSG00000025708,ENSG00000106123,ENSG00000064655
ENSG00000026508,ENSG00000106772,ENSG00000065243
ENSG00000026559,ENSG00000107317,ENSG00000065802
ENSG00000029559,ENSG00000108387,ENSG00000065882
ENSG00000029993,ENSG00000108846,ENSG00000066248
ENSG00000032742,ENSG00000108984,ENSG00000068489
ENSG00000035664,ENSG00000109610,ENSG00000068654
ENSG00000040199,ENSG00000109881,ENSG00000070404
ENSG00000040731,ENSG00000110799,ENSG00000070669
ENSG00000041353,ENSG00000111275,ENSG00000071539
ENSG00000042088,ENSG00000111341,ENSG00000072422
ENSG00000042832,ENSG00000112246,ENSG00000074181
ENSG00000044524,ENSG00000112562,ENSG00000074964
ENSG00000046604,ENSG00000112759,ENSG00000075275
ENSG00000047932,ENSG00000112769,ENSG00000076554
ENSG00000048540,ENSG00000113070,ENSG00000076944
ENSG00000049089,ENSG00000114251,ENSG00000077044
ENSG00000052795,ENSG00000115468,ENSG00000077150
ENSG00000052802,ENSG00000115648,ENSG00000078018
ENSG00000054356,ENSG00000115756,ENSG00000078053
ENSG00000054598,ENSG00000115884,ENSG00000078487
ENSG00000054967,ENSG00000116183,ENSG00000079150
ENSG00000055732,ENSG00000116690,ENSG00000079337
ENSG00000055813,ENSG00000117676,ENSG00000080200
ENSG00000056558,ENSG00000118495,ENSG00000080854
ENSG00000057019,ENSG00000118785,ENSG00000080986
ENSG00000057657,ENSG00000118971,ENSG00000081277
ENSG00000058085,ENSG00000121769,ENSG00000086696
ENSG00000058866,ENSG00000121957,ENSG00000086717
ENSG00000059758,ENSG00000122641,ENSG00000087299
ENSG00000059804,ENSG00000122862,ENSG00000087470
ENSG00000060656,ENSG00000122966,ENSG00000087510
ENSG00000060718,ENSG00000123689,ENSG00000087586
ENSG00000060982,ENSG00000124440,ENSG00000087903
ENSG00000062282,ENSG00000124749,ENSG00000088325
ENSG00000064042,ENSG00000125398,ENSG00000089472
ENSG00000064300,ENSG00000125430,ENSG00000089639
ENSG00000064666,ENSG00000125538,ENSG00000089685
ENSG00000064687,ENSG00000126218,ENSG00000090889
ENSG00000064692,ENSG00000127083,ENSG00000093009
ENSG00000064787,ENSG00000127530,ENSG00000095539
ENSG00000064989,ENSG00000128045,ENSG00000095574
ENSG00000065534,ENSG00000128165,ENSG00000096433
ENSG00000065621,ENSG00000128342,ENSG00000099256
ENSG00000065923,ENSG00000128606,ENSG00000099849
ENSG00000066468,ENSG00000128645,ENSG00000099875
ENSG00000067057,ENSG00000128965,ENSG00000099937
ENSG00000067225,ENSG00000130513,ENSG00000099957
ENSG00000067992,ENSG00000130600,ENSG00000100003
ENSG00000068028,ENSG00000130720,ENSG00000100234
ENSG00000068137,ENSG00000131477,ENSG00000100311
ENSG00000068366,ENSG00000132031,ENSG00000100354
ENSG00000069122,ENSG00000132329,ENSG00000100526
ENSG00000069424,ENSG00000132386,ENSG00000100605
ENSG00000069431,ENSG00000132821,ENSG00000100626
ENSG00000069482,ENSG00000132854,ENSG00000100714
ENSG00000069702,ENSG00000133687,ENSG00000100997
ENSG00000069869,ENSG00000134539,ENSG00000101003
ENSG00000069974,ENSG00000134871,ENSG00000101057
ENSG00000070214,ENSG00000134986,ENSG00000101187
ENSG00000070371,ENSG00000135074,ENSG00000101210
ENSG00000070808,ENSG00000135842,ENSG00000101247
ENSG00000070961,ENSG00000136237,ENSG00000101255
ENSG00000071054,ENSG00000136531,ENSG00000101441
ENSG00000071242,ENSG00000137309,ENSG00000101624
ENSG00000071282,ENSG00000137460,ENSG00000102003
ENSG00000071967,ENSG00000137573,ENSG00000102384
ENSG00000072041,ENSG00000137727,ENSG00000102878
ENSG00000072071,ENSG00000137825,ENSG00000103067
ENSG00000072163,ENSG00000138166,ENSG00000103335
ENSG00000072201,ENSG00000138435,ENSG00000104290
ENSG00000072657,ENSG00000138678,ENSG00000104415
ENSG00000072952,ENSG00000138771,ENSG00000104435
ENSG00000073464,ENSG00000139174,ENSG00000104689
ENSG00000073711,ENSG00000139209,ENSG00000104998
ENSG00000073756,ENSG00000139263,ENSG00000105011
ENSG00000073910,ENSG00000140945,ENSG00000105048
ENSG00000074211,ENSG00000140961,ENSG00000105464
ENSG00000074410,ENSG00000142669,ENSG00000105472
ENSG00000075213,ENSG00000142910,ENSG00000105643
ENSG00000075711,ENSG00000143061,ENSG00000105738
ENSG00000076258,ENSG00000143127,ENSG00000105750
ENSG00000076356,ENSG00000143333,ENSG00000106031
ENSG00000076555,ENSG00000143341,ENSG00000106258
ENSG00000076641,ENSG00000143850,ENSG00000106541
ENSG00000076706,ENSG00000144339,ENSG00000106829
ENSG00000077420,ENSG00000144476,ENSG00000107105
ENSG00000077684,ENSG00000144648,ENSG00000107815
ENSG00000077942,ENSG00000145506,ENSG00000107984
ENSG00000078114,ENSG00000145675,ENSG00000108309
ENSG00000078725,ENSG00000145681,ENSG00000108602
ENSG00000079263,ENSG00000146197,ENSG00000108639
ENSG00000079462,ENSG00000147536,ENSG00000108821
ENSG00000079482,ENSG00000147889,ENSG00000109255
ENSG00000079691,ENSG00000148655,ENSG00000109846
ENSG00000079841,ENSG00000148671,ENSG00000109920
ENSG00000079931,ENSG00000150281,ENSG00000110042
ENSG00000080493,ENSG00000150594,ENSG00000111057
ENSG00000081059,ENSG00000151150,ENSG00000111058
ENSG00000081189,ENSG00000151623,ENSG00000111647
ENSG00000082126,ENSG00000152661,ENSG00000111700
ENSG00000082438,ENSG00000152977,ENSG00000111752
ENSG00000082482,ENSG00000153233,ENSG00000111846
ENSG00000082512,ENSG00000153292,ENSG00000112379
ENSG00000083814,ENSG00000153446,ENSG00000112619
ENSG00000084628,ENSG00000154127,ENSG00000112936
ENSG00000084710,ENSG00000154146,ENSG00000112984
ENSG00000084731,ENSG00000154175,ENSG00000113205
ENSG00000085117,ENSG00000154188,ENSG00000113657
ENSG00000085741,ENSG00000154589,ENSG00000114120
ENSG00000085831,ENSG00000155066,ENSG00000114923
ENSG00000086991,ENSG00000155897,ENSG00000115194
ENSG00000087076,ENSG00000156011,ENSG00000115457
ENSG00000087116,ENSG00000156113,ENSG00000115816
ENSG00000087303,ENSG00000157551,ENSG00000116001
ENSG00000088305,ENSG00000158887,ENSG00000116106
ENSG00000088756,ENSG00000159164,ENSG00000116151
ENSG00000088826,ENSG00000159231,ENSG00000116157
ENSG00000089327,ENSG00000160161,ENSG00000116254
ENSG00000090339,ENSG00000161249,ENSG00000116815
ENSG00000090376,ENSG00000161381,ENSG00000117152
ENSG00000090530,ENSG00000162545,ENSG00000117318
ENSG00000091490,ENSG00000162688,ENSG00000117399
ENSG00000091656,ENSG00000162706,ENSG00000117594
ENSG00000091879,ENSG00000162772,ENSG00000118113
ENSG00000091986,ENSG00000162849,ENSG00000118402
ENSG00000092421,ENSG00000162981,ENSG00000118482
ENSG00000092820,ENSG00000163083,ENSG00000118640
ENSG00000092969,ENSG00000163814,ENSG00000118898
ENSG00000095303,ENSG00000163909,ENSG00000119283
ENSG00000095752,ENSG00000164056,ENSG00000119686
ENSG00000096060,ENSG00000164066,ENSG00000119922
ENSG00000096968,ENSG00000164093,ENSG00000120057
ENSG00000097096,ENSG00000164112,ENSG00000120068
ENSG00000099139,ENSG00000164142,ENSG00000120549
ENSG00000099250,ENSG00000164171,ENSG00000121152
ENSG00000099365,ENSG00000164251,ENSG00000121454
ENSG00000099953,ENSG00000165023,ENSG00000121797
ENSG00000099994,ENSG00000165029,ENSG00000122121
ENSG00000099998,ENSG00000165891,ENSG00000122254
ENSG00000100036,ENSG00000166396,ENSG00000122378
ENSG00000100077,ENSG00000167641,ENSG00000122417
ENSG00000100092,ENSG00000167676,ENSG00000122591
ENSG00000100167,ENSG00000167779,ENSG00000122863
ENSG00000100336,ENSG00000167900,ENSG00000122870
ENSG00000100439,ENSG00000168542,ENSG00000122877
ENSG00000100490,ENSG00000169174,ENSG00000122952
ENSG00000100504,ENSG00000169184,ENSG00000123146
ENSG00000100558,ENSG00000169418,ENSG00000123342
ENSG00000100583,ENSG00000169583,ENSG00000123453
ENSG00000100599,ENSG00000169891,ENSG00000123485
ENSG00000100600,ENSG00000170006,ENSG00000123496
ENSG00000100739,ENSG00000170390,ENSG00000123500
ENSG00000100767,ENSG00000170962,ENSG00000123636
ENSG00000100906,ENSG00000172403,ENSG00000123739
ENSG00000100985,ENSG00000173227,ENSG00000124102
ENSG00000101000,ENSG00000173432,ENSG00000124107
ENSG00000101188,ENSG00000173517,ENSG00000124383
ENSG00000101265,ENSG00000173546,ENSG00000124664
ENSG00000101311,ENSG00000173705,ENSG00000125148
ENSG00000101342,ENSG00000174600,ENSG00000125347
ENSG00000101347,ENSG00000174945,ENSG00000125375
ENSG00000101412,ENSG00000175899,ENSG00000126216
ENSG00000101439,ENSG00000176485,ENSG00000126787
ENSG00000101463,ENSG00000176845,ENSG00000126803
ENSG00000101605,ENSG00000177096,ENSG00000126822
ENSG00000101680,ENSG00000177675,ENSG00000127241
ENSG00000101871,ENSG00000178726,ENSG00000127324
ENSG00000101955,ENSG00000182902,ENSG00000127328
ENSG00000102172,ENSG00000183114,ENSG00000127564
ENSG00000102181,ENSG00000183696,ENSG00000127578
ENSG00000102385,ENSG00000184160,ENSG00000127863
ENSG00000102471,ENSG00000184292,ENSG00000127993
ENSG00000102575,ENSG00000184557,ENSG00000128000
ENSG00000102755,ENSG00000185022,ENSG00000128266
ENSG00000102802,ENSG00000185274,ENSG00000128284
ENSG00000103034,ENSG00000186417,ENSG00000128510
ENSG00000103145,ENSG00000187134,ENSG00000129295
ENSG00000103187,ENSG00000187498,ENSG00000129991
ENSG00000103196,ENSG00000187955,ENSG00000130005
ENSG00000103241,ENSG00000188015,ENSG00000130158
ENSG00000103316,ENSG00000188158,ENSG00000130203
ENSG00000103485,ENSG00000188626,ENSG00000130338
ENSG00000103647,ENSG00000188783,ENSG00000130787
ENSG00000103855,ENSG00000189058,ENSG00000131069
ENSG00000103888,ENSG00000189221,ENSG00000131153
ENSG00000103994,ENSG00000196220,ENSG00000131174
ENSG00000104313,ENSG00000196754,ENSG00000131378
ENSG00000104419,ENSG00000196872,ENSG00000131747
ENSG00000104611,ENSG00000196878,ENSG00000132170
ENSG00000104635,ENSG00000198691,ENSG00000132182
ENSG00000104823,ENSG00000198848,ENSG00000132470
ENSG00000104870,ENSG00000203709,ENSG00000132481
ENSG00000104881,ENSG00000204682,ENSG00000132837
ENSG00000104885,ENSG00000205426,ENSG00000133083
ENSG00000104936,ENSG00000205710,ENSG00000133101
ENSG00000105088,ENSG00000215183,ENSG00000133135
ENSG00000105329,ENSG00000216490,ENSG00000133138
ENSG00000105497,ENSG00000221890,ENSG00000133466
ENSG00000105509,ENSG00000223953,ENSG00000133641
ENSG00000105605,ENSG00000224596,ENSG00000134057
ENSG00000105650,ENSG00000228536,ENSG00000134193
ENSG00000105655,ENSG00000229619,ENSG00000134247
ENSG00000105664,ENSG00000230630,ENSG00000134339
ENSG00000105767,ENSG00000231131,ENSG00000134690
ENSG00000105792,ENSG00000232679,ENSG00000134762
ENSG00000105808,ENSG00000233098,ENSG00000134901
ENSG00000105825,ENSG00000233452,ENSG00000134909
ENSG00000105835,ENSG00000241764,ENSG00000135083
ENSG00000105855,ENSG00000242288,ENSG00000135114
ENSG00000105880,ENSG00000244734,ENSG00000135116
ENSG00000105976,ENSG00000248323,ENSG00000135127
ENSG00000105989,ENSG00000255690,ENSG00000135324
ENSG00000106089,ENSG00000255920,ENSG00000135424
ENSG00000106211,ENSG00000256940,ENSG00000135437
ENSG00000106462,ENSG00000257219,ENSG00000135451
ENSG00000106484,ENSG00000266094,ENSG00000135476
ENSG00000106511,ENSG00000269113,ENSG00000135480
ENSG00000106537,ENSG00000283782,ENSG00000135549
ENSG00000106538,ENSG00000284976,ENSG00000135636
ENSG00000106624,ENSG00000289316,ENSG00000135945
ENSG00000106780,ENSG00000289731,ENSG00000136295
ENSG00000106809,ENSG00000289754,ENSG00000136367
ENSG00000106819,ENSG00000291174,ENSG00000136490
ENSG00000106823,,ENSG00000136492
ENSG00000107104,,ENSG00000136542
ENSG00000107249,,ENSG00000136630
ENSG00000107338,,ENSG00000136861
ENSG00000107551,,ENSG00000137571
ENSG00000107562,,ENSG00000137642
ENSG00000108010,,ENSG00000137871
ENSG00000108219,,ENSG00000138100
ENSG00000108381,,ENSG00000138135
ENSG00000108688,,ENSG00000138162
ENSG00000108691,,ENSG00000138180
ENSG00000108932,,ENSG00000138347
ENSG00000108950,,ENSG00000138386
ENSG00000108960,,ENSG00000138735
ENSG00000109063,,ENSG00000138772
ENSG00000109099,,ENSG00000138795
ENSG00000109265,,ENSG00000139200
ENSG00000109321,,ENSG00000139668
ENSG00000109511,,ENSG00000139725
ENSG00000109625,,ENSG00000139926
ENSG00000109686,,ENSG00000139946
ENSG00000109743,,ENSG00000139970
ENSG00000109790,,ENSG00000139973
ENSG00000109794,,ENSG00000140285
ENSG00000109906,,ENSG00000140937
ENSG00000109929,,ENSG00000141068
ENSG00000110031,,ENSG00000141198
ENSG00000110076,,ENSG00000141854
ENSG00000110203,,ENSG00000142065
ENSG00000110218,,ENSG00000142494
ENSG00000110400,,ENSG00000142632
ENSG00000110436,,ENSG00000142765
ENSG00000110719,,ENSG00000142973
ENSG00000110841,,ENSG00000143110
ENSG00000110876,,ENSG00000143195
ENSG00000110900,,ENSG00000143217
ENSG00000110921,,ENSG00000143324
ENSG00000111052,,ENSG00000143344
ENSG00000111087,,ENSG00000143476
ENSG00000111215,,ENSG00000143537
ENSG00000111252,,ENSG00000143845
ENSG00000111348,,ENSG00000144057
ENSG00000111371,,ENSG00000144063
ENSG00000111424,,ENSG00000144230
ENSG00000111640,,ENSG00000144354
ENSG00000111799,,ENSG00000144366
ENSG00000111816,,ENSG00000144485
ENSG00000111859,,ENSG00000144488
ENSG00000111863,,ENSG00000144554
ENSG00000111907,,ENSG00000144908
ENSG00000112182,,ENSG00000145242
ENSG00000112183,,ENSG00000145794
ENSG00000112186,,ENSG00000146670
ENSG00000112218,,ENSG00000147099
ENSG00000112297,,ENSG00000147676
ENSG00000112414,,ENSG00000147799
ENSG00000112559,,ENSG00000148053
ENSG00000112561,,ENSG00000148057
ENSG00000112576,,ENSG00000148225
ENSG00000112715,,ENSG00000148541
ENSG00000112796,,ENSG00000148600
ENSG00000112964,,ENSG00000148677
ENSG00000112972,,ENSG00000148773
ENSG00000113083,,ENSG00000148848
ENSG00000113356,,ENSG00000149403
ENSG00000113369,,ENSG00000149633
ENSG00000113448,,ENSG00000149781
ENSG00000113504,,ENSG00000149809
ENSG00000113578,,ENSG00000150471
ENSG00000113722,,ENSG00000150687
ENSG00000113739,,ENSG00000151012
ENSG00000113805,,ENSG00000151320
ENSG00000114019,,ENSG00000151388
ENSG00000114107,,ENSG00000151468
ENSG00000114268,,ENSG00000151490
ENSG00000114270,,ENSG00000151692
ENSG00000114279,,ENSG00000151892
ENSG00000114315,,ENSG00000152137
ENSG00000114480,,ENSG00000152217
ENSG00000114529,,ENSG00000153006
ENSG00000114626,,ENSG00000153253
ENSG00000114698,,ENSG00000153707
ENSG00000114771,,ENSG00000154065
ENSG00000114790,,ENSG00000154330
ENSG00000114796,,ENSG00000154545
ENSG00000114805,,ENSG00000154678
ENSG00000114861,,ENSG00000154764
ENSG00000115041,,ENSG00000155093
ENSG00000115107,,ENSG00000155511
ENSG00000115232,,ENSG00000155886
ENSG00000115252,,ENSG00000156218
ENSG00000115339,,ENSG00000157353
ENSG00000115380,,ENSG00000157368
ENSG00000115461,,ENSG00000157423
ENSG00000115594,,ENSG00000157502
ENSG00000115641,,ENSG00000157510
ENSG00000115685,,ENSG00000158122
ENSG00000115687,,ENSG00000158220
ENSG00000115738,,ENSG00000158258
ENSG00000115896,,ENSG00000158555
ENSG00000115963,,ENSG00000158987
ENSG00000116039,,ENSG00000159182
ENSG00000116117,,ENSG00000159184
ENSG00000116133,,ENSG00000159212
ENSG00000116194,,ENSG00000159314
ENSG00000116260,,ENSG00000160097
ENSG00000116396,,ENSG00000160145
ENSG00000116652,,ENSG00000160179
ENSG00000116701,,ENSG00000160678
ENSG00000116711,,ENSG00000160961
ENSG00000116852,,ENSG00000161921
ENSG00000116962,,ENSG00000162129
ENSG00000117016,,ENSG00000162139
ENSG00000117155,,ENSG00000162664
ENSG00000117228,,ENSG00000162745
ENSG00000117262,,ENSG00000163029
ENSG00000117298,,ENSG00000163104
ENSG00000117479,,ENSG00000163235
ENSG00000117525,,ENSG00000163347
ENSG00000117586,,ENSG00000163378
ENSG00000117643,,ENSG00000163395
ENSG00000118242,,ENSG00000163531
ENSG00000118523,,ENSG00000163637
ENSG00000118689,,ENSG00000163661
ENSG00000119227,,ENSG00000163728
ENSG00000119280,,ENSG00000163738
ENSG00000119403,,ENSG00000163781
ENSG00000119514,,ENSG00000163815
ENSG00000119630,,ENSG00000163873
ENSG00000119655,,ENSG00000164045
ENSG00000119699,,ENSG00000164099
ENSG00000119714,,ENSG00000164120
ENSG00000119929,,ENSG00000164125
ENSG00000119943,,ENSG00000164199
ENSG00000119950,,ENSG00000164465
ENSG00000120156,,ENSG00000164576
ENSG00000120162,,ENSG00000164611
ENSG00000120278,,ENSG00000164663
ENSG00000120279,,ENSG00000164692
ENSG00000120437,,ENSG00000164761
ENSG00000120594,,ENSG00000164889
ENSG00000120708,,ENSG00000164932
ENSG00000120738,,ENSG00000165115
ENSG00000120885,,ENSG00000165140
ENSG00000121064,,ENSG00000165156
ENSG00000121764,,ENSG00000165194
ENSG00000121858,,ENSG00000165288
ENSG00000122176,,ENSG00000165323
ENSG00000122335,,ENSG00000165338
ENSG00000122420,,ENSG00000165359
ENSG00000122694,,ENSG00000165449
ENSG00000122707,,ENSG00000165474
ENSG00000122861,,ENSG00000165490
ENSG00000122986,,ENSG00000165507
ENSG00000123610,,ENSG00000165617
ENSG00000123700,,ENSG00000165655
ENSG00000124067,,ENSG00000166165
ENSG00000124120,,ENSG00000166343
ENSG00000124145,,ENSG00000166446
ENSG00000124212,,ENSG00000166448
ENSG00000124216,,ENSG00000166450
ENSG00000124406,,ENSG00000166478
ENSG00000124491,,ENSG00000166546
ENSG00000124766,,ENSG00000166803
ENSG00000125246,,ENSG00000166851
ENSG00000125247,,ENSG00000166923
ENSG00000125384,,ENSG00000167088
ENSG00000125414,,ENSG00000167178
ENSG00000125449,,ENSG00000167191
ENSG00000125648,,ENSG00000167632
ENSG00000125730,,ENSG00000167644
ENSG00000125733,,ENSG00000167670
ENSG00000125740,,ENSG00000167880
ENSG00000125845,,ENSG00000168078
ENSG00000125965,,ENSG00000168079
ENSG00000125968,,ENSG00000168280
ENSG00000126016,,ENSG00000168477
ENSG00000126368,,ENSG00000168743
ENSG00000126561,,ENSG00000169136
ENSG00000126778,,ENSG00000169247
ENSG00000126861,,ENSG00000169604
ENSG00000126950,,ENSG00000169629
ENSG00000127152,,ENSG00000169744
ENSG00000127334,,ENSG00000169855
ENSG00000127507,,ENSG00000169908
ENSG00000127920,,ENSG00000170161
ENSG00000128016,,ENSG00000170271
ENSG00000128335,,ENSG00000170312
ENSG00000128340,,ENSG00000170323
ENSG00000128422,,ENSG00000170373
ENSG00000128482,,ENSG00000170421
ENSG00000128564,,ENSG00000170425
ENSG00000128567,,ENSG00000170439
ENSG00000128578,,ENSG00000170500
ENSG00000128805,,ENSG00000170801
ENSG00000129048,,ENSG00000170921
ENSG00000129226,,ENSG00000170946
ENSG00000129596,,ENSG00000171159
ENSG00000129667,,ENSG00000171224
ENSG00000129757,,ENSG00000171345
ENSG00000130052,,ENSG00000171346
ENSG00000130222,,ENSG00000171522
ENSG00000130340,,ENSG00000171848
ENSG00000130592,,ENSG00000171903
ENSG00000130595,,ENSG00000171984
ENSG00000130707,,ENSG00000171992
ENSG00000130751,,ENSG00000172061
ENSG00000130844,,ENSG00000172318
ENSG00000131019,,ENSG00000172375
ENSG00000131323,,ENSG00000172590
ENSG00000131386,,ENSG00000172687
ENSG00000131389,,ENSG00000172731
ENSG00000131459,,ENSG00000172845
ENSG00000131634,,ENSG00000172915
ENSG00000131773,,ENSG00000172927
ENSG00000132000,,ENSG00000173068
ENSG00000132185,,ENSG00000173210
ENSG00000132207,,ENSG00000173221
ENSG00000132334,,ENSG00000173320
ENSG00000132510,,ENSG00000173421
ENSG00000132561,,ENSG00000173599
ENSG00000132669,,ENSG00000173698
ENSG00000132801,,ENSG00000174371
ENSG00000132846,,ENSG00000174564
ENSG00000133048,,ENSG00000174697
ENSG00000133055,,ENSG00000174775
ENSG00000133104,,ENSG00000174938
ENSG00000133107,,ENSG00000175040
ENSG00000133142,,ENSG00000175063
ENSG00000133169,,ENSG00000175084
ENSG00000133657,,ENSG00000175197
ENSG00000133794,,ENSG00000175315
ENSG00000133805,,ENSG00000175414
ENSG00000133874,,ENSG00000175445
ENSG00000133935,,ENSG00000175567
ENSG00000133961,,ENSG00000175793
ENSG00000134013,,ENSG00000175879
ENSG00000134042,,ENSG00000177125
ENSG00000134070,,ENSG00000177575
ENSG00000134201,,ENSG00000177853
ENSG00000134242,,ENSG00000178343
ENSG00000134243,,ENSG00000178401
ENSG00000134259,,ENSG00000178662
ENSG00000134363,,ENSG00000178776
ENSG00000134533,,ENSG00000179314
ENSG00000134602,,ENSG00000179542
ENSG00000134627,,ENSG00000179604
ENSG00000134668,,ENSG00000179750
ENSG00000134824,,ENSG00000179909
ENSG00000134830,,ENSG00000180530
ENSG00000134853,,ENSG00000180537
ENSG00000134955,,ENSG00000181192
ENSG00000135046,,ENSG00000181409
ENSG00000135047,,ENSG00000181649
ENSG00000135069,,ENSG00000181690
ENSG00000135111,,ENSG00000181722
ENSG00000135299,,ENSG00000182218
ENSG00000135318,,ENSG00000182325
ENSG00000135362,,ENSG00000182484
ENSG00000135363,,ENSG00000182492
ENSG00000135378,,ENSG00000182836
ENSG00000135678,,ENSG00000182916
ENSG00000135723,,ENSG00000183044
ENSG00000135736,,ENSG00000183196
ENSG00000135905,,ENSG00000183421
ENSG00000135914,,ENSG00000183454
ENSG00000135929,,ENSG00000183578
ENSG00000136002,,ENSG00000183760
ENSG00000136010,,ENSG00000183828
ENSG00000136026,,ENSG00000184254
ENSG00000136040,,ENSG00000184363
ENSG00000136114,,ENSG00000184408
ENSG00000136158,,ENSG00000184697
ENSG00000136160,,ENSG00000184988
ENSG00000136161,,ENSG00000185090
ENSG00000136231,,ENSG00000185100
ENSG00000136235,,ENSG00000185164
ENSG00000136244,,ENSG00000185304
ENSG00000136541,,ENSG00000185477
ENSG00000136546,,ENSG00000185567
ENSG00000136720,,ENSG00000185686
ENSG00000136826,,ENSG00000185972
ENSG00000136828,,ENSG00000186185
ENSG00000136859,,ENSG00000186205
ENSG00000136928,,ENSG00000186567
ENSG00000136999,,ENSG00000186918
ENSG00000137033,,ENSG00000187244
ENSG00000137070,,ENSG00000187736
ENSG00000137094,,ENSG00000188153
ENSG00000137101,,ENSG00000188343
ENSG00000137266,,ENSG00000188372
ENSG00000137267,,ENSG00000188536
ENSG00000137285,,ENSG00000188580
ENSG00000137310,,ENSG00000188659
ENSG00000137331,,ENSG00000188921
ENSG00000137486,,ENSG00000188994
ENSG00000137563,,ENSG00000189007
ENSG00000137628,,ENSG00000189056
ENSG00000137673,,ENSG00000189143
ENSG00000137745,,ENSG00000189337
ENSG00000137752,,ENSG00000196154
ENSG00000137801,,ENSG00000196420
ENSG00000137868,,ENSG00000196542
ENSG00000137880,,ENSG00000196730
ENSG00000137942,,ENSG00000197093
ENSG00000137959,,ENSG00000197128
ENSG00000137962,,ENSG00000197405
ENSG00000138061,,ENSG00000197576
ENSG00000138131,,ENSG00000197619
ENSG00000138160,,ENSG00000197956
ENSG00000138193,,ENSG00000197978
ENSG00000138311,,ENSG00000198468
ENSG00000138316,,ENSG00000198695
ENSG00000138356,,ENSG00000198712
ENSG00000138449,,ENSG00000198727
ENSG00000138463,,ENSG00000198763
ENSG00000138615,,ENSG00000198786
ENSG00000138623,,ENSG00000198795
ENSG00000138696,,ENSG00000198840
ENSG00000138758,,ENSG00000198886
ENSG00000138759,,ENSG00000198887
ENSG00000138814,,ENSG00000198888
ENSG00000138835,,ENSG00000198899
ENSG00000138944,,ENSG00000198901
ENSG00000139132,,ENSG00000198938
ENSG00000139187,,ENSG00000203930
ENSG00000139192,,ENSG00000204262
ENSG00000139278,,ENSG00000204305
ENSG00000139289,,ENSG00000204564
ENSG00000139318,,ENSG00000204634
ENSG00000139329,,ENSG00000204859
ENSG00000139364,,ENSG00000205420
ENSG00000139428,,ENSG00000205560
ENSG00000139508,,ENSG00000205795
ENSG00000139517,,ENSG00000212907
ENSG00000139574,,ENSG00000213853
ENSG00000139629,,ENSG00000213999
ENSG00000140092,,ENSG00000214029
ENSG00000140199,,ENSG00000215218
ENSG00000140297,,ENSG00000218336
ENSG00000140526,,ENSG00000220201
ENSG00000140545,,ENSG00000221955
ENSG00000140557,,ENSG00000221968
ENSG00000140564,,ENSG00000222009
ENSG00000140598,,ENSG00000222022
ENSG00000140948,,ENSG00000223802
ENSG00000141401,,ENSG00000224259
ENSG00000141449,,ENSG00000225614
ENSG00000141576,,ENSG00000225783
ENSG00000141682,,ENSG00000226237
ENSG00000141736,,ENSG00000226471
ENSG00000141753,,ENSG00000226806
ENSG00000141837,,ENSG00000228063
ENSG00000142089,,ENSG00000229637
ENSG00000142279,,ENSG00000229647
ENSG00000142408,,ENSG00000230590
ENSG00000142611,,ENSG00000230606
ENSG00000142661,,ENSG00000231187
ENSG00000142798,,ENSG00000231298
ENSG00000142871,,ENSG00000232442
ENSG00000142920,,ENSG00000232940
ENSG00000143013,,ENSG00000233143
ENSG00000143067,,ENSG00000233927
ENSG00000143153,,ENSG00000234678
ENSG00000143162,,ENSG00000235194
ENSG00000143178,,ENSG00000235609
ENSG00000143196,,ENSG00000235750
ENSG00000143369,,ENSG00000236423
ENSG00000143387,,ENSG00000236778
ENSG00000143473,,ENSG00000237523
ENSG00000143479,,ENSG00000237649
ENSG00000143507,,ENSG00000240445
ENSG00000143554,,ENSG00000241058
ENSG00000143669,,ENSG00000241404
ENSG00000143702,,ENSG00000242474
ENSG00000143786,,ENSG00000243943
ENSG00000143797,,ENSG00000244198
ENSG00000143819,,ENSG00000246695
ENSG00000143842,,ENSG00000248101
ENSG00000143847,,ENSG00000250120
ENSG00000143878,,ENSG00000253305
ENSG00000144061,,ENSG00000253917
ENSG00000144136,,ENSG00000255529
ENSG00000144152,,ENSG00000256043
ENSG00000144191,,ENSG00000257354
ENSG00000144278,,ENSG00000258017
ENSG00000144331,,ENSG00000258289
ENSG00000144645,,ENSG00000258738
ENSG00000144668,,ENSG00000259607
ENSG00000144677,,ENSG00000259661
ENSG00000144791,,ENSG00000259768
ENSG00000144810,,ENSG00000259974
ENSG00000144824,,ENSG00000260597
ENSG00000144891,,ENSG00000260604
ENSG00000145040,,ENSG00000260853
ENSG00000145244,,ENSG00000261713
ENSG00000145246,,ENSG00000261801
ENSG00000145247,,ENSG00000261971
ENSG00000145358,,ENSG00000262001
ENSG00000145390,,ENSG00000262155
ENSG00000145423,,ENSG00000262160
ENSG00000145555,,ENSG00000262454
ENSG00000145569,,ENSG00000264668
ENSG00000145623,,ENSG00000265962
ENSG00000145687,,ENSG00000265972
ENSG00000145934,,ENSG00000266088
ENSG00000146072,,ENSG00000267199
ENSG00000146122,,ENSG00000267296
ENSG00000146250,,ENSG00000267374
ENSG00000146411,,ENSG00000268350
ENSG00000146592,,ENSG00000268621
ENSG00000146674,,ENSG00000269713
ENSG00000146802,,ENSG00000271533
ENSG00000147010,,ENSG00000271811
ENSG00000147027,,ENSG00000271978
ENSG00000147041,,ENSG00000272398
ENSG00000147082,,ENSG00000272636
ENSG00000147155,,ENSG00000272841
ENSG00000147224,,ENSG00000282885
ENSG00000147234,,ENSG00000282988
ENSG00000147408,,ENSG00000283189
ENSG00000147437,,ENSG00000285737
ENSG00000147576,,ENSG00000286185
ENSG00000147642,,ENSG00000286619
ENSG00000147872,,ENSG00000287542
ENSG00000147912,,ENSG00000287725
ENSG00000148019,,ENSG00000289537
ENSG00000148344,,ENSG00000289560
ENSG00000148400,,ENSG00000289901
ENSG00000148426,,ENSG00000290383
ENSG00000148680,,ENSG00000290535
ENSG00000148798,,ENSG00000291027
ENSG00000148834,,ENSG00000291073
ENSG00000148841,,ENSG00000291082
ENSG00000149090,,ENSG00000291104
ENSG00000149131,,ENSG00000291105
ENSG00000149260,,ENSG00000291259
ENSG00000149451,,
ENSG00000149554,,
ENSG00000149571,,
ENSG00000149582,,
ENSG00000149596,,
ENSG00000149798,,
ENSG00000149948,,
ENSG00000149968,,
ENSG00000150457,,
ENSG00000150551,,
ENSG00000150907,,
ENSG00000151090,,
ENSG00000151117,,
ENSG00000151136,,
ENSG00000151414,,
ENSG00000151474,,
ENSG00000151491,,
ENSG00000151572,,
ENSG00000151632,,
ENSG00000151726,,
ENSG00000151790,,
ENSG00000152049,,
ENSG00000152078,,
ENSG00000152154,,
ENSG00000152256,,
ENSG00000152284,,
ENSG00000152518,,
ENSG00000152583,,
ENSG00000152642,,
ENSG00000152760,,
ENSG00000152952,,
ENSG00000152953,,
ENSG00000152990,,
ENSG00000153012,,
ENSG00000153064,,
ENSG00000153094,,
ENSG00000153132,,
ENSG00000153246,,
ENSG00000153291,,
ENSG00000153558,,
ENSG00000153767,,
ENSG00000153823,,
ENSG00000153904,,
ENSG00000153936,,
ENSG00000153976,,
ENSG00000154122,,
ENSG00000154217,,
ENSG00000154258,,
ENSG00000154262,,
ENSG00000154263,,
ENSG00000154265,,
ENSG00000154310,,
ENSG00000154380,,
ENSG00000154556,,
ENSG00000154639,,
ENSG00000154654,,
ENSG00000154736,,
ENSG00000154803,,
ENSG00000154856,,
ENSG00000154928,,
ENSG00000154930,,
ENSG00000155008,,
ENSG00000155011,,
ENSG00000155111,,
ENSG00000155324,,
ENSG00000155465,,
ENSG00000155760,,
ENSG00000155792,,
ENSG00000155816,,
ENSG00000155850,,
ENSG00000156103,,
ENSG00000156427,,
ENSG00000156453,,
ENSG00000156711,,
ENSG00000157064,,
ENSG00000157150,,
ENSG00000157168,,
ENSG00000157240,,
ENSG00000157514,,
ENSG00000157542,,
ENSG00000157654,,
ENSG00000157873,,
ENSG00000158008,,
ENSG00000158079,,
ENSG00000158234,,
ENSG00000158246,,
ENSG00000158270,,
ENSG00000158292,,
ENSG00000158352,,
ENSG00000158406,,
ENSG00000158710,,
ENSG00000158714,,
ENSG00000158859,,
ENSG00000158869,,
ENSG00000159167,,
ENSG00000159261,,
ENSG00000159363,,
ENSG00000159388,,
ENSG00000159399,,
ENSG00000159403,,
ENSG00000159674,,
ENSG00000159713,,
ENSG00000159917,,
ENSG00000160219,,
ENSG00000160224,,
ENSG00000160285,,
ENSG00000160752,,
ENSG00000160796,,
ENSG00000160801,,
ENSG00000160888,,
ENSG00000161040,,
ENSG00000161638,,
ENSG00000161958,,
ENSG00000162104,,
ENSG00000162267,,
ENSG00000162337,,
ENSG00000162409,,
ENSG00000162433,,
ENSG00000162490,,
ENSG00000162493,,
ENSG00000162512,,
ENSG00000162551,,
ENSG00000162595,,
ENSG00000162614,,
ENSG00000162616,,
ENSG00000162618,,
ENSG00000162702,,
ENSG00000162746,,
ENSG00000162783,,
ENSG00000162946,,
ENSG00000162998,,
ENSG00000163032,,
ENSG00000163040,,
ENSG00000163053,,
ENSG00000163145,,
ENSG00000163171,,
ENSG00000163291,,
ENSG00000163431,,
ENSG00000163449,,
ENSG00000163485,,
ENSG00000163491,,
ENSG00000163520,,
ENSG00000163565,,
ENSG00000163568,,
ENSG00000163659,,
ENSG00000163697,,
ENSG00000163701,,
ENSG00000163710,,
ENSG00000163874,,
ENSG00000163884,,
ENSG00000163888,,
ENSG00000163923,,
ENSG00000163947,,
ENSG00000164023,,
ENSG00000164106,,
ENSG00000164114,,
ENSG00000164161,,
ENSG00000164188,,
ENSG00000164220,,
ENSG00000164300,,
ENSG00000164318,,
ENSG00000164418,,
ENSG00000164442,,
ENSG00000164484,,
ENSG00000164530,,
ENSG00000164619,,
ENSG00000164674,,
ENSG00000164684,,
ENSG00000164687,,
ENSG00000164885,,
ENSG00000164920,,
ENSG00000164929,,
ENSG00000164935,,
ENSG00000164976,,
ENSG00000165091,,
ENSG00000165105,,
ENSG00000165124,,
ENSG00000165633,,
ENSG00000165757,,
ENSG00000165804,,
ENSG00000165929,,
ENSG00000165959,,
ENSG00000166002,,
ENSG00000166033,,
ENSG00000166173,,
ENSG00000166263,,
ENSG00000166402,,
ENSG00000166482,,
ENSG00000166510,,
ENSG00000166592,,
ENSG00000166598,,
ENSG00000166670,,
ENSG00000166741,,
ENSG00000166750,,
ENSG00000166793,,
ENSG00000166816,,
ENSG00000166922,,
ENSG00000166979,,
ENSG00000167508,,
ENSG00000167513,,
ENSG00000167549,,
ENSG00000167612,,
ENSG00000167613,,
ENSG00000167617,,
ENSG00000167619,,
ENSG00000167703,,
ENSG00000167749,,
ENSG00000167994,,
ENSG00000168077,,
ENSG00000168229,,
ENSG00000168243,,
ENSG00000168246,,
ENSG00000168297,,
ENSG00000168334,,
ENSG00000168386,,
ENSG00000168398,,
ENSG00000168481,,
ENSG00000168672,,
ENSG00000168675,,
ENSG00000168685,,
ENSG00000168734,,
ENSG00000168938,,
ENSG00000168952,,
ENSG00000169047,,
ENSG00000169071,,
ENSG00000169169,,
ENSG00000169255,,
ENSG00000169258,,
ENSG00000169429,,
ENSG00000169436,,
ENSG00000169439,,
ENSG00000169499,,
ENSG00000169507,,
ENSG00000169508,,
ENSG00000169515,,
ENSG00000169851,,
ENSG00000169871,,
ENSG00000170017,,
ENSG00000170054,,
ENSG00000170153,,
ENSG00000170214,,
ENSG00000170276,,
ENSG00000170345,,
ENSG00000170364,,
ENSG00000170365,,
ENSG00000170381,,
ENSG00000170382,,
ENSG00000170396,,
ENSG00000170448,,
ENSG00000170485,,
ENSG00000170542,,
ENSG00000170549,,
ENSG00000170558,,
ENSG00000170577,,
ENSG00000170667,,
ENSG00000170745,,
ENSG00000170873,,
ENSG00000170961,,
ENSG00000170989,,
ENSG00000171033,,
ENSG00000171051,,
ENSG00000171208,,
ENSG00000171223,,
ENSG00000171298,,
ENSG00000171303,,
ENSG00000171310,,
ENSG00000171488,,
ENSG00000171608,,
ENSG00000171724,,
ENSG00000171729,,
ENSG00000171791,,
ENSG00000171812,,
ENSG00000171817,,
ENSG00000171840,,
ENSG00000171889,,
ENSG00000171951,,
ENSG00000171954,,
ENSG00000172037,,
ENSG00000172137,,
ENSG00000172183,,
ENSG00000172201,,
ENSG00000172260,,
ENSG00000172292,,
ENSG00000172296,,
ENSG00000172346,,
ENSG00000172379,,
ENSG00000172458,,
ENSG00000172465,,
ENSG00000172476,,
ENSG00000172572,,
ENSG00000172789,,
ENSG00000172985,,
ENSG00000173077,,
ENSG00000173110,,
ENSG00000173114,,
ENSG00000173166,,
ENSG00000173208,,
ENSG00000173253,,
ENSG00000173267,,
ENSG00000173269,,
ENSG00000173281,,
ENSG00000173334,,
ENSG00000173376,,
ENSG00000173480,,
ENSG00000173482,,
ENSG00000173511,,
ENSG00000173530,,
ENSG00000173641,,
ENSG00000173801,,
ENSG00000173848,,
ENSG00000173898,,
ENSG00000174004,,
ENSG00000174032,,
ENSG00000174059,,
ENSG00000174080,,
ENSG00000174306,,
ENSG00000174332,,
ENSG00000174343,,
ENSG00000174348,,
ENSG00000174373,,
ENSG00000174500,,
ENSG00000174611,,
ENSG00000174738,,
ENSG00000174791,,
ENSG00000174792,,
ENSG00000174939,,
ENSG00000175130,,
ENSG00000175166,,
ENSG00000175175,,
ENSG00000175183,,
ENSG00000175287,,
ENSG00000175352,,
ENSG00000175538,,
ENSG00000175764,,
ENSG00000175874,,
ENSG00000175895,,
ENSG00000176046,,
ENSG00000176170,,
ENSG00000176177,,
ENSG00000176532,,
ENSG00000176595,,
ENSG00000176658,,
ENSG00000176692,,
ENSG00000176697,,
ENSG00000176868,,
ENSG00000176971,,
ENSG00000177169,,
ENSG00000177189,,
ENSG00000177363,,
ENSG00000177426,,
ENSG00000177602,,
ENSG00000177606,,
ENSG00000177663,,
ENSG00000177679,,
ENSG00000177694,,
ENSG00000178015,,
ENSG00000178031,,
ENSG00000178038,,
ENSG00000178105,,
ENSG00000178115,,
ENSG00000178235,,
ENSG00000178445,,
ENSG00000178531,,
ENSG00000178573,,
ENSG00000178623,,
ENSG00000178718,,
ENSG00000178752,,
ENSG00000178773,,
ENSG00000178852,,
ENSG00000179046,,
ENSG00000179094,,
ENSG00000179163,,
ENSG00000179241,,
ENSG00000179242,,
ENSG00000179348,,
ENSG00000179388,,
ENSG00000179583,,
ENSG00000179593,,
ENSG00000179598,,
ENSG00000179630,,
ENSG00000179772,,
ENSG00000179841,,
ENSG00000179862,,
ENSG00000179886,,
ENSG00000180155,,
ENSG00000180287,,
ENSG00000180447,,
ENSG00000180611,,
ENSG00000180694,,
ENSG00000180739,,
ENSG00000180818,,
ENSG00000180834,,
ENSG00000180875,,
ENSG00000181104,,
ENSG00000181195,,
ENSG00000181938,,
ENSG00000182013,,
ENSG00000182107,,
ENSG00000182165,,
ENSG00000182175,,
ENSG00000182253,,
ENSG00000182326,,
ENSG00000182389,,
ENSG00000182575,,
ENSG00000182578,,
ENSG00000182580,,
ENSG00000182606,,
ENSG00000182983,,
ENSG00000183111,,
ENSG00000183160,,
ENSG00000183508,,
ENSG00000183580,,
ENSG00000183671,,
ENSG00000183691,,
ENSG00000183715,,
ENSG00000183722,,
ENSG00000183864,,
ENSG00000183876,,
ENSG00000184216,,
ENSG00000184226,,
ENSG00000184227,,
ENSG00000184232,,
ENSG00000184271,,
ENSG00000184304,,
ENSG00000184349,,
ENSG00000184368,,
ENSG00000184500,,
ENSG00000184785,,
ENSG00000184949,,
ENSG00000184995,,
ENSG00000185262,,
ENSG00000185339,,
ENSG00000185432,,
ENSG00000185483,,
ENSG00000185513,,
ENSG00000185561,,
ENSG00000185565,,
ENSG00000185585,,
ENSG00000185640,,
ENSG00000185742,,
ENSG00000185813,,
ENSG00000185947,,
ENSG00000185950,,
ENSG00000186310,,
ENSG00000186442,,
ENSG00000186469,,
ENSG00000186472,,
ENSG00000186654,,
ENSG00000186854,,
ENSG00000187049,,
ENSG00000187098,,
ENSG00000187210,,
ENSG00000187240,,
ENSG00000187288,,
ENSG00000187391,,
ENSG00000187514,,
ENSG00000187699,,
ENSG00000187773,,
ENSG00000187957,,
ENSG00000188042,,
ENSG00000188060,,
ENSG00000188064,,
ENSG00000188157,,
ENSG00000188227,,
ENSG00000188305,,
ENSG00000188313,,
ENSG00000188385,,
ENSG00000188641,,
ENSG00000188643,,
ENSG00000188766,,
ENSG00000188906,,
ENSG00000189001,,
ENSG00000189060,,
ENSG00000189120,,
ENSG00000189129,,
ENSG00000189227,,
ENSG00000189320,,
ENSG00000189350,,
ENSG00000189367,,
ENSG00000189409,,
ENSG00000189410,,
ENSG00000196110,,
ENSG00000196136,,
ENSG00000196139,,
ENSG00000196141,,
ENSG00000196159,,
ENSG00000196208,,
ENSG00000196460,,
ENSG00000196468,,
ENSG00000196507,,
ENSG00000196549,,
ENSG00000196562,,
ENSG00000196569,,
ENSG00000196611,,
ENSG00000196616,,
ENSG00000196739,,
ENSG00000196839,,
ENSG00000196843,,
ENSG00000196912,,
ENSG00000196932,,
ENSG00000196935,,
ENSG00000197006,,
ENSG00000197046,,
ENSG00000197249,,
ENSG00000197329,,
ENSG00000197381,,
ENSG00000197410,,
ENSG00000197415,,
ENSG00000197442,,
ENSG00000197467,,
ENSG00000197594,,
ENSG00000197696,,
ENSG00000197766,,
ENSG00000197859,,
ENSG00000197872,,
ENSG00000197930,,
ENSG00000197959,,
ENSG00000197989,,
ENSG00000198074,,
ENSG00000198133,,
ENSG00000198216,,
ENSG00000198246,,
ENSG00000198298,,
ENSG00000198363,,
ENSG00000198483,,
ENSG00000198756,,
ENSG00000198768,,
ENSG00000198805,,
ENSG00000198814,,
ENSG00000198838,,
ENSG00000198914,,
ENSG00000198947,,
ENSG00000198959,,
ENSG00000203446,,
ENSG00000203706,,
ENSG00000203721,,
ENSG00000203780,,
ENSG00000204103,,
ENSG00000204131,,
ENSG00000204257,,
ENSG00000204531,,
ENSG00000204580,,
ENSG00000204851,,
ENSG00000204941,,
ENSG00000205213,,
ENSG00000205221,,
ENSG00000205269,,
ENSG00000205336,,
ENSG00000205542,,
ENSG00000205726,,
ENSG00000205978,,
ENSG00000206195,,
ENSG00000206384,,
ENSG00000206538,,
ENSG00000211445,,
ENSG00000211448,,
ENSG00000213123,,
ENSG00000213190,,
ENSG00000213366,,
ENSG00000213398,,
ENSG00000213420,,
ENSG00000213614,,
ENSG00000213672,,
ENSG00000213694,,
ENSG00000213996,,
ENSG00000214402,,
ENSG00000214814,,
ENSG00000214900,,
ENSG00000215483,,
ENSG00000215883,,
ENSG00000219607,,
ENSG00000221866,,
ENSG00000221869,,
ENSG00000222047,,
ENSG00000223485,,
ENSG00000223865,,
ENSG00000223949,,
ENSG00000224086,,
ENSG00000224413,,
ENSG00000225206,,
ENSG00000225684,,
ENSG00000225968,,
ENSG00000227218,,
ENSG00000227619,,
ENSG00000227744,,
ENSG00000227954,,
ENSG00000228526,,
ENSG00000229051,,
ENSG00000229056,,
ENSG00000229162,,
ENSG00000229425,,
ENSG00000229852,,
ENSG00000231246,,
ENSG00000231528,,
ENSG00000232229,,
ENSG00000232774,,
ENSG00000232973,,
ENSG00000233237,,
ENSG00000233901,,
ENSG00000235257,,
ENSG00000235385,,
ENSG00000235501,,
ENSG00000235954,,
ENSG00000236453,,
ENSG00000236548,,
ENSG00000236841,,
ENSG00000237037,,
ENSG00000237187,,
ENSG00000237515,,
ENSG00000237807,,
ENSG00000238042,,
ENSG00000238142,,
ENSG00000239332,,
ENSG00000240764,,
ENSG00000241322,,
ENSG00000241399,,
ENSG00000241644,,
ENSG00000242147,,
ENSG00000242732,,
ENSG00000243137,,
ENSG00000243701,,
ENSG00000243708,,
ENSG00000243811,,
ENSG00000244414,,
ENSG00000244486,,
ENSG00000244586,,
ENSG00000246090,,
ENSG00000246363,,
ENSG00000246430,,
ENSG00000246763,,
ENSG00000246859,,
ENSG00000247809,,
ENSG00000248079,,
ENSG00000248592,,
ENSG00000248890,,
ENSG00000248994,,
ENSG00000249242,,
ENSG00000249307,,
ENSG00000249378,,
ENSG00000249669,,
ENSG00000249917,,
ENSG00000249992,,
ENSG00000250041,,
ENSG00000250264,,
ENSG00000250303,,
ENSG00000250305,,
ENSG00000250722,,
ENSG00000251562,,
ENSG00000253161,,
ENSG00000253227,,
ENSG00000253368,,
ENSG00000253661,,
ENSG00000253746,,
ENSG00000253819,,
ENSG00000254726,,
ENSG00000255112,,
ENSG00000256029,,
ENSG00000256268,,
ENSG00000256500,,
ENSG00000256671,,
ENSG00000256802,,
ENSG00000257093,,
ENSG00000257605,,
ENSG00000258183,,
ENSG00000258791,,
ENSG00000258839,,
ENSG00000258947,,
ENSG00000259171,,
ENSG00000259207,,
ENSG00000259330,,
ENSG00000259426,,
ENSG00000259529,,
ENSG00000259673,,
ENSG00000259721,,
ENSG00000259807,,
ENSG00000259863,,
ENSG00000260228,,
ENSG00000260454,,
ENSG00000260729,,
ENSG00000260852,,
ENSG00000260877,,
ENSG00000260941,,
ENSG00000261026,,
ENSG00000261327,,
ENSG00000261371,,
ENSG00000262185,,
ENSG00000262655,,
ENSG00000263400,,
ENSG00000264343,,
ENSG00000264772,,
ENSG00000266709,,
ENSG00000267013,,
ENSG00000267416,,
ENSG00000268996,,
ENSG00000269226,,
ENSG00000270069,,
ENSG00000270136,,
ENSG00000270629,,
ENSG00000271216,,
ENSG00000271741,,
ENSG00000271862,,
ENSG00000271894,,
ENSG00000272163,,
ENSG00000272168,,
ENSG00000272540,,
ENSG00000272622,,
ENSG00000272668,,
ENSG00000272695,,
ENSG00000272734,,
ENSG00000272870,,
ENSG00000272970,,
ENSG00000272977,,
ENSG00000274021,,
ENSG00000275183,,
ENSG00000275342,,
ENSG00000276345,,
ENSG00000277586,,
ENSG00000280241,,
ENSG00000280441,,
ENSG00000280721,,
ENSG00000281453,,
ENSG00000282057,,
ENSG00000282849,,
ENSG00000283199,,
ENSG00000283787,,
ENSG00000284874,,
ENSG00000284969,,
ENSG00000285867,,
ENSG00000286019,,
ENSG00000286207,,
ENSG00000286696,,
ENSG00000286834,,
ENSG00000287151,,
ENSG00000287286,,
ENSG00000288622,,
ENSG00000288658,,
ENSG00000288825,,
ENSG00000289384,,
ENSG00000289586,,
ENSG00000289740,,
ENSG00000290387,,
ENSG00000290555,,
ENSG00000290594,,
ENSG00000290644,,
ENSG00000290862,,
ENSG00000290879,,
ENSG00000291029,,
ENSG00000291077,,
ENSG00000291110,,
ENSG00000291118,,
ENSG00000291130,,
ENSG00000291176,,
ENSG00000291219,,
