gene_id	baseMean	log2FC_MLE	lfcSE	stat	pvalue	padj	log2FC_shr	delta_counts	median_TPM_A	median_TPM_B
ENSG00000163286.9	1681.954108	-3.024906903	0.07888950324	1444.003718	0.00E-02	0.00E-02	-3.020646074	2642.324959	81.84029052	10.16420906
ENSG00000019582.17	1677.225195	3.273481801	0.09086952917	1245.342282	8.54E-273	6.37E-269	3.268557308	-2635.324116	18.3039748	170.1255245
ENSG00000163220.11	1497.946835	2.115000242	0.07727109214	733.950045	1.24E-161	6.17E-158	2.109501908	-1842.702727	110.1940901	489.9039832
ENSG00000073737.17	517.8890722	-3.292580864	0.1448481222	512.8543305	1.52E-113	5.66E-110	-3.279703241	829.8466498	42.75344371	4.882731793
ENSG00000147027.4	2764.441346	1.374885016	0.06158062802	489.6955786	1.66E-108	4.96E-105	1.369766128	-2484.50378	24.45456458	65.59945977
ENSG00000116251.11	4108.304219	1.529837593	0.06935568501	470.6388796	2.33E-104	5.79E-101	1.523782843	-3873.394769	164.0534734	478.1523379
ENSG00000117525.14	2107.24825	-1.52084205	0.07590297412	391.2124324	4.51E-87	9.61E-84	-1.513343167	2066.02013	98.92109781	35.11247812
ENSG00000118849.10	1761.556111	1.704052842	0.08728858275	369.3266126	2.62E-82	4.89E-79	1.695236099	-1906.931161	38.94510515	129.7303607
ENSG00000160185.15	149.1456153	5.867802473	0.4404956225	345.1980015	4.71E-77	7.81E-74	5.803133598	-290.2793394	0.1363879055	9.200405332
ENSG00000164659.15	279.5331173	-3.024174923	0.1717127978	326.299727	6.15E-73	8.34E-70	-3.004668288	436.4544249	12.61936488	1.599802768
ENSG00000165272.16	599.0687374	1.973954594	0.1111747836	312.6301919	5.84E-70	7.26E-67	1.961639994	-713.3959305	9.549319804	38.48198363
ENSG00000167779.9	1150.789696	-1.457447604	0.08234709727	309.0444186	3.53E-69	4.05E-66	-1.44835008	1063.983843	159.3842254	57.59412767
ENSG00000134954.14	1737.827965	-1.21619378	0.07435803059	263.7481035	2.62E-59	2.44E-56	-1.20741613	1350.033863	32.09425486	13.42788929
ENSG00000204287.14	670.9988749	1.708533366	0.1109336252	233.4960163	1.03E-52	7.69E-50	1.694492759	-732.5457865	19.37626167	65.38792649
ENSG00000163283.7	254.7106894	-2.531097697	0.1668734019	232.2667196	1.91E-52	1.36E-49	-2.508973761	353.3322657	11.22879885	1.910898409
ENSG00000107984.10	1376.125282	-1.239507441	0.0811643096	229.8831136	6.32E-52	4.29E-49	-1.228862961	1140.467062	98.83009326	41.07537267
ENSG00000122861.16	1723.709711	-1.206596738	0.07964061818	226.0293072	4.38E-51	2.84E-48	-1.196445941	1356.73423	72.33488275	30.8519965
ENSG00000272602.6	648.7987395	1.688234562	0.1117442228	224.1498549	1.13E-50	7.00E-48	1.673830799	-670.8378482	19.65784431	63.18886878
ENSG00000173175.16	1421.214047	1.414157999	0.09384975898	222.1256258	3.11E-50	1.86E-47	1.402131657	-1184.735836	9.896072334	25.49686326
ENSG00000231574.7	503.4620391	2.035432662	0.1380805231	211.9829601	5.07E-48	2.70E-45	2.017030922	-615.1275651	6.020894395	26.39108762
ENSG00000092929.13	1147.81226	-1.186255094	0.08338922425	200.4441619	1.67E-45	8.04E-43	-1.174960933	859.5266437	41.60335091	19.27036051
ENSG00000131771.14	3247.953843	1.050663487	0.07390333726	198.9611706	3.52E-45	1.59E-42	1.041036279	-2278.009147	90.7645215	191.4109946
ENSG00000109321.11	1015.597654	-1.450868656	0.1019954426	198.2207571	5.11E-45	2.24E-42	-1.436727477	882.6450378	90.35271756	34.32558828
ENSG00000114353.17	1674.916937	-1.071969981	0.07587298235	197.3653387	7.85E-45	3.35E-42	-1.061741996	1205.016548	76.95033218	37.67268634
ENSG00000175592.9	913.5158309	-1.33721608	0.09573465902	192.5203202	8.96E-44	3.61E-41	-1.323891126	832.66017	62.38508325	24.43091925
ENSG00000169248.13	1152.505918	-1.146057784	0.0838329116	185.0893014	3.75E-42	1.33E-39	-1.134274913	896.6686107	79.99568648	35.75873578
ENSG00000125999.11	521.4273023	1.518493907	0.1124260109	181.3808284	2.42E-41	8.40E-39	1.502333131	-485.5227283	11.96028438	34.65523208
ENSG00000008517.19	944.1761234	-1.206762869	0.09045712598	176.1600772	3.34E-40	1.13E-37	-1.193620404	764.1199392	128.0286557	57.62869974
ENSG00000105974.13	549.3944773	-1.455450439	0.1162202768	154.9384422	1.44E-35	4.07E-33	-1.437236311	524.877189	24.96483245	8.671025983
ENSG00000206075.14	1232.098474	-1.113723672	0.08895372864	154.8735343	1.49E-35	4.12E-33	-1.100169567	951.8439353	45.46315544	21.39922238
ENSG00000007306.15	279.9970525	2.13045968	0.1702360433	154.7242636	1.61E-35	4.37E-33	2.10363975	-374.022404	2.913725971	14.2300626
ENSG00000105519.18	207.2646302	2.18464026	0.1863491161	138.6242831	5.32E-32	1.26E-29	2.153196603	-251.6988496	4.17515944	18.44024344
ENSG00000196188.12	635.6130173	-1.273512242	0.1102432219	131.9908776	1.50E-30	3.16E-28	-1.254903794	527.8988069	36.48825633	14.93259124
ENSG00000168765.19	864.2791799	-1.032725088	0.08988953748	131.0983899	2.36E-30	4.82E-28	-1.017828553	581.1956377	63.18015922	31.32429461
ENSG00000130821.17	230.9267997	-1.994183292	0.1743841736	131.0520748	2.41E-30	4.87E-28	-1.96345627	264.805728	8.914852176	2.46719093
ENSG00000019186.10	407.0885431	1.938919202	0.1666418601	130.5022244	3.18E-30	6.33E-28	1.910566175	-421.1926881	8.893734628	31.22158999
ENSG00000143320.9	482.8604849	1.350107713	0.1187342816	128.3685547	9.32E-30	1.83E-27	1.329897187	-411.0976632	24.51297507	61.93447934
ENSG00000168685.15	269.944862	-1.912919537	0.1675359227	128.1547916	1.04E-29	2.01E-27	-1.88341825	304.5661713	7.123688905	1.988287908
ENSG00000167601.12	521.6784509	-1.362260017	0.1220167758	123.1451885	1.30E-28	2.33E-26	-1.340939622	472.8010564	12.3192193	5.059634518
ENSG00000171310.11	743.2100088	-1.13050763	0.1020628843	121.5282869	2.93E-28	5.08E-26	-1.11267582	557.1833911	16.76282042	8.027153824
ENSG00000047457.14	1214.146367	1.089522672	0.1008702182	115.1345343	7.35E-27	1.17E-24	1.071873505	-857.0282906	15.95188839	35.49069562
ENSG00000197632.9	90.58649505	-3.328084758	0.3209794926	111.4154926	4.80E-26	7.31E-24	-3.2649098	144.3836382	6.001516747	0.6985983346
ENSG00000189334.9	661.0110838	1.080931171	0.1023539757	110.8224605	6.47E-26	9.76E-24	1.062535909	-484.7363306	32.38184859	69.53871723
ENSG00000164761.9	391.7606892	-1.422765664	0.134575133	110.7786426	6.62E-26	9.88E-24	-1.397585505	364.8899655	20.69694877	7.61373666
ENSG00000170681.7	100.6792843	-2.976561208	0.2868289596	110.146841	9.10E-26	1.34E-23	-2.920677974	160.6986581	3.95334814	0.5196269687
ENSG00000100867.15	457.9703923	-1.22529517	0.1188869878	105.4701419	9.63E-25	1.36E-22	-1.202799004	378.9662523	26.76905781	11.43728971
ENSG00000125255.7	434.4430012	1.429212031	0.1385379799	105.1198609	1.15E-24	1.59E-22	1.403023523	-407.4228854	4.346605585	12.59004669
ENSG00000165757.9	384.4668617	-1.390248965	0.1350194205	104.8944169	1.29E-24	1.76E-22	-1.364356826	322.8904889	3.834571714	1.542456335
ENSG00000240583.14	353.7578981	1.426318365	0.1395700494	103.5906191	2.49E-24	3.38E-22	1.399692407	-308.4749422	4.90938852	13.41677402
ENSG00000129654.8	80.78205422	3.105053521	0.3170381389	101.3169818	7.84E-24	1.03E-21	3.04033395	-129.188692	0.4595491394	3.957806689
ENSG00000237988.6	254.5229011	-1.710128568	0.1715832487	97.91442584	4.37E-23	5.39E-21	-1.675638002	245.0836746	4.394912006	1.449508176
ENSG00000144824.21	320.701075	-1.484844487	0.1496106872	97.33250616	5.86E-23	7.17E-21	-1.454947505	302.5321425	7.122206192	2.406890504
ENSG00000150347.17	580.3087584	1.088292799	0.1116481459	94.36075639	2.63E-22	3.12E-20	1.066460577	-451.5365993	3.313324949	7.285000321
ENSG00000119938.9	556.9889316	1.158134893	0.119710519	92.75333458	5.92E-22	6.91E-20	1.134372262	-382.7718136	9.068203991	19.73368706
ENSG00000149294.17	74.74497315	4.13120144	0.442151901	92.55326937	6.55E-22	7.58E-20	4.032562278	-110.8684487	0.2048269262	2.259366052
ENSG00000113361.13	113.3390762	-3.469669861	0.3583944397	89.3066713	3.38E-21	3.82E-19	-3.392317166	207.0579292	3.880346082	0.2854387509
ENSG00000145431.11	409.853834	1.209142724	0.129727928	86.23949805	1.59E-20	1.74E-18	1.182265719	-330.2569388	5.581846074	12.84620523
ENSG00000213886.4	331.1954968	-1.280132256	0.1425508378	79.98283595	3.78E-19	3.64E-17	-1.248878474	263.6146258	44.49108388	19.96953064
ENSG00000140030.6	53.84644503	3.669492653	0.4351602703	77.94233218	1.06E-18	9.78E-17	3.565945416	-96.36019544	0.11157498	1.509466555
ENSG00000213145.10	148.5195579	-1.760016086	0.2009076914	76.58554005	2.11E-18	1.91E-16	-1.71372756	164.6023823	33.19455721	9.89787272
ENSG00000117983.17	3024.424253	2.269681011	0.2496111784	75.53669551	3.59E-18	3.17E-16	2.214848129	-4014.903515	5.440042819	25.63321355
ENSG00000056558.11	129.501181	-1.820635837	0.224867975	65.26322669	6.55E-16	4.75E-14	-1.764502891	150.2980112	3.044838635	0.8491401562
ENSG00000083454.23	150.4119649	1.732323331	0.2161056328	63.80211329	1.38E-15	9.55E-14	1.678453237	-158.0041412	2.899861572	9.018731683
ENSG00000076356.7	332.4002181	-1.643151115	0.2030343689	63.33010008	1.75E-15	1.19E-13	-1.592427554	419.3562929	3.752282709	1.066724502
ENSG00000244128.9	96.4291627	-2.060057562	0.2592508186	62.83813788	2.24E-15	1.48E-13	-1.993712171	114.8443171	7.314104555	1.949050649
ENSG00000105750.15	75.89547969	-2.801085031	0.3498210148	62.60529203	2.53E-15	1.65E-13	-2.710143491	126.1463107	4.955302375	0.5965920937
ENSG00000162078.12	165.7876323	1.572656084	0.1981995427	62.48307902	2.69E-15	1.74E-13	1.523044093	-158.2319734	9.516159529	29.37423073
ENSG00000092978.11	264.6073299	1.182758809	0.1500577978	61.97836566	3.47E-15	2.21E-13	1.145902843	-202.7775828	2.517893307	5.852348433
ENSG00000196542.9	461.1946612	1.063830465	0.1372346446	59.40925555	1.28E-14	7.53E-13	1.029744233	-315.1462752	11.7249863	24.30677985
ENSG00000167653.5	390.3678208	1.08946577	0.1409376514	59.30585833	1.35E-14	7.84E-13	1.054357049	-307.0731528	22.56039353	51.66506292
ENSG00000124215.17	222.0205131	1.355289568	0.1830673022	54.44427331	1.60E-13	8.09E-12	1.306371625	-182.3501452	2.830749578	6.969852962
ENSG00000134363.12	279.9659549	-1.484764593	0.1987345194	54.3881464	1.65E-13	8.30E-12	-1.430916632	230.2725228	14.3391567	5.760838301
ENSG00000152661.9	46.9510638	2.937479866	0.4087907034	53.99186417	2.01E-13	1.00E-11	2.821748725	-65.88701519	0.2568370236	1.738450137
ENSG00000116574.6	259.9181323	1.110480627	0.151850353	53.30150712	2.86E-13	1.40E-11	1.070215017	-193.7530878	2.641192989	5.977874944
ENSG00000134321.13	253.8759494	-1.211295889	0.1662963867	52.60974577	4.07E-13	1.97E-11	-1.166355938	219.832067	7.319589585	3.122881172
ENSG00000117013.17	225.6283336	-1.213280444	0.1712909534	49.86660527	1.65E-12	7.42E-11	-1.165402277	176.2524665	5.589086271	2.45190619
ENSG00000197548.13	289.1084257	-1.21588205	0.1714746957	49.44234517	2.04E-12	9.08E-11	-1.167555145	247.6683413	17.5424588	7.39548121
ENSG00000286081.2	89.62510348	1.924713936	0.2746096294	49.07291491	2.47E-12	1.08E-10	1.845606465	-105.3843963	0.9452054764	3.889297444
ENSG00000125848.10	458.7556053	1.062183443	0.1506987141	49.06629629	2.47E-12	1.08E-10	1.020924381	-343.856201	3.853583574	9.22604986
ENSG00000176155.21	310.2655032	1.20775613	0.1717929779	48.76181187	2.89E-12	1.25E-10	1.159797301	-264.559429	8.573108564	23.00365152
ENSG00000135960.10	124.9747871	-1.517821394	0.2177249732	48.45826698	3.37E-12	1.44E-10	-1.45476055	117.775858	3.003353069	1.053398064
ENSG00000187554.14	146.4220591	1.563049161	0.2236272423	48.20607538	3.84E-12	1.63E-10	1.498878054	-128.2682097	1.400111959	4.186762203
ENSG00000288534.1	142.7412756	-2.015173531	0.2899191371	46.68203493	8.35E-12	3.40E-10	-1.929456088	188.9515013	3.226986513	0.7739892726
ENSG00000189377.9	41.6121518	2.886201578	0.434197832	46.43501454	9.47E-12	3.81E-10	2.753269835	-60.90587203	0.7685218345	5.769236505
ENSG00000196126.12	129.9180268	1.396391825	0.2113313082	43.61824354	3.99E-11	1.47E-09	1.33243953	-112.2092224	4.430948116	11.44926584
ENSG00000168955.4	44.45646288	2.551942401	0.3978505931	42.10690204	8.64E-11	3.03E-09	2.424662954	-67.57139307	0.3475393314	2.304815423
ENSG00000137747.16	288.8924496	1.224494234	0.1874804697	41.95624002	9.33E-11	3.25E-09	1.167703962	-249.4429121	4.333011846	11.08612978
ENSG00000123843.13	256.2804229	-1.265944878	0.1969074447	40.53909948	1.93E-10	6.35E-09	-1.204040855	205.9866734	30.41933525	13.73918131
ENSG00000171246.7	152.4903442	-1.392519347	0.2176634544	40.41244675	2.06E-10	6.73E-09	-1.323366559	152.5033503	2.79430241	0.9933415519
ENSG00000234444.10	48.52794431	-3.060874927	0.4898254891	39.79162256	2.83E-10	9.11E-09	-2.895702897	67.49815229	1.134300227	0.1396619951
ENSG00000187867.10	118.2138468	1.504437822	0.2406801232	38.75893493	4.80E-10	1.50E-08	1.426474319	-104.7450569	1.791574409	5.023007553
ENSG00000182326.17	188.8691982	1.125491382	0.1821001588	38.06397845	6.85E-10	2.09E-08	1.06745105	-139.891753	2.983634452	6.828026656
ENSG00000019549.13	132.9744547	-1.462831332	0.2370826405	37.5769951	8.79E-10	2.65E-08	-1.384112101	109.2321419	5.956491888	2.503453038
ENSG00000102271.14	29.27562903	-3.610263348	0.5953008056	37.22528373	1.05E-09	3.14E-08	-3.397556327	55.28903546	0.8975238051	0.04640465847
ENSG00000196549.13	94.79546449	1.980521475	0.3233717989	36.58675956	1.46E-09	4.26E-08	1.871132198	-122.8482442	1.031187759	3.933521821
ENSG00000143507.18	124.582075	-1.503421162	0.2481397118	36.12538775	1.85E-09	5.28E-08	-1.419117924	119.8067029	5.658825076	1.829889363
ENSG00000167741.11	96.41674658	1.643611812	0.2759239632	35.90021562	2.08E-09	5.87E-08	1.549036486	-86.58499397	1.884282873	5.484106524
ENSG00000067798.16	369.6718346	-1.10896801	0.1853125826	35.25721984	2.89E-09	7.93E-08	-1.047173087	252.6878871	8.510952485	4.261504015
ENSG00000084110.11	112.6575099	1.644941616	0.2791102071	33.81910719	6.05E-09	1.59E-07	1.547262927	-128.9892666	1.177818206	4.586379709
ENSG00000079112.10	44.38186867	-2.195039614	0.3812090174	33.17198845	8.44E-09	2.17E-07	-2.055340345	60.24724605	1.513499965	0.2937760124
ENSG00000114279.15	37.85446394	2.827114308	0.5054183247	33.14664164	8.55E-09	2.19E-07	2.635853811	-52.70781956	0.9859266095	6.075429039
ENSG00000011590.14	60.15233543	-1.929705271	0.3354521466	33.05138887	8.98E-09	2.29E-07	-1.807779933	70.39871757	4.379313746	1.102292867
ENSG00000068078.20	93.53811864	1.722873163	0.2985930343	32.60305124	1.13E-08	2.83E-07	1.615985977	-89.58659708	0.7260651186	2.302640513
ENSG00000183287.15	117.1627434	-1.913625682	0.3301088982	32.37831945	1.27E-08	3.17E-07	-1.794160192	156.3720694	2.993421581	0.5978994176
ENSG00000150556.17	182.9322589	1.085990027	0.1942766437	31.04184318	2.53E-08	5.95E-07	1.017053733	-132.3205925	6.515200048	15.04660877
ENSG00000182809.11	95.74790394	1.567385753	0.2813683333	30.67715479	3.05E-08	7.06E-07	1.463442566	-83.9744627	3.055709671	8.81891925
ENSG00000166250.12	113.0737965	-1.471675593	0.2645223849	30.38800046	3.54E-08	8.15E-07	-1.37247759	92.17507701	2.188555272	0.899860836
ENSG00000167676.5	118.653183	1.2534891	0.2295785493	29.69452598	5.06E-08	1.14E-06	1.168323554	-89.28373652	0.6948343407	1.588739652
ENSG00000185477.5	53.49314758	1.996202203	0.3664398197	29.56675287	5.40E-08	1.21E-06	1.855162093	-60.64760374	0.09874249164	0.4144037496
ENSG00000281991.2	233.9092101	-1.124067637	0.2069294533	29.11607989	6.82E-08	1.51E-06	-1.047052755	134.8373623	13.75649415	7.508748295
ENSG00000171522.6	119.4153876	-1.314639779	0.2429104212	28.98467842	7.30E-08	1.59E-06	-1.222206589	107.2571836	3.617948671	1.489967044
ENSG00000172955.17	94.21180972	1.429382211	0.2646498882	28.91877652	7.55E-08	1.64E-06	1.328802843	-80.98322978	1.739011733	4.378256384
ENSG00000197959.15	158.6334621	1.142869358	0.2119665311	28.85958347	7.78E-08	1.68E-06	1.063941935	-137.0107269	0.8678116592	2.287426653
ENSG00000059377.18	62.39937665	1.68354404	0.3150523759	28.75753588	8.20E-08	1.76E-06	1.560514156	-64.84401516	1.761977986	5.354053886
ENSG00000152953.13	71.48119714	1.688541317	0.3208325856	27.41212149	1.64E-07	3.34E-06	1.561135203	-84.09141976	0.6216110324	2.30161333
ENSG00000171243.8	114.261348	1.207249221	0.2319961735	26.97974247	2.06E-07	4.11E-06	1.116724673	-83.68289327	2.559749372	5.985886758
ENSG00000179361.18	149.0748797	-1.117009421	0.2156024866	26.63187743	2.46E-07	4.86E-06	-1.032460256	104.9334624	3.065430403	1.492908586
ENSG00000120784.17	101.2026029	-1.472628138	0.2839498433	26.3288078	2.88E-07	5.61E-06	-1.357138835	85.82873887	2.438757257	0.819560769
ENSG00000198535.5	85.50564114	1.310249278	0.2561979164	26.12943265	3.19E-07	6.14E-06	1.20738456	-72.27963252	0.9327314462	2.410783432
ENSG00000229544.9	51.92301265	1.830595887	0.3584979864	25.93480079	3.53E-07	6.70E-06	1.682521636	-51.02069525	0.4827061324	1.538808507
ENSG00000276170.6	127.0151497	1.121954148	0.2218160577	25.48506749	4.46E-07	8.31E-06	1.033412323	-97.79798349	13.19805355	30.41356444
ENSG00000138696.11	200.9940979	1.133832808	0.224528082	25.1398758	5.33E-07	9.80E-06	1.043593803	-126.7959316	1.755290445	3.586049444
ENSG00000159167.12	53.59048307	1.782514667	0.3586554283	24.49333649	7.46E-07	1.31E-05	1.629740407	-64.8524029	0.4122610875	1.567494944
ENSG00000273760.1	101.9755444	-1.229817042	0.2523361853	23.65121461	1.15E-06	1.96E-05	-1.122563632	75.26586076	16.07569203	7.263722244
ENSG00000112182.16	72.83086576	-1.541891212	0.3144583518	23.45200599	1.28E-06	2.15E-05	-1.403748508	71.43014093	1.64469087	0.5342399232
ENSG00000123096.12	72.67973379	1.775647413	0.3627364848	23.29082499	1.39E-06	2.30E-05	1.617546838	-91.7796257	0.6288641471	2.472257273
ENSG00000074047.22	116.3942353	-1.247944895	0.2573120554	23.19580231	1.46E-06	2.41E-05	-1.136947676	100.1547871	1.706733713	0.7121737824
ENSG00000157765.13	65.35522251	1.424044554	0.3003313603	22.56051265	2.04E-06	3.27E-05	1.291152524	-63.14638416	0.6945994788	1.976878434
ENSG00000015520.15	65.97833473	1.451959629	0.3060292757	22.4523967	2.15E-06	3.44E-05	1.316502083	-68.04907053	0.4064176382	1.353159151
ENSG00000240476.1	61.20488178	-1.533854096	0.322619225	22.42994839	2.18E-06	3.48E-05	-1.389204735	58.43591354	7.518561872	2.59024565
ENSG00000167613.16	51.37442325	1.770402166	0.3719636637	22.40658919	2.21E-06	3.51E-05	1.603356172	-51.938408	0.848059439	2.742372894
ENSG00000166278.16	58.72958647	2.058689951	0.4288686063	22.04428186	2.66E-06	4.14E-05	1.863625703	-53.84096147	1.151300662	3.517059224
ENSG00000153930.13	81.05848129	1.399369103	0.2961890253	22.00239466	2.72E-06	4.20E-05	1.266932265	-70.04979699	0.6855762475	1.764376332
ENSG00000107159.14	55.3745024	1.83870741	0.3953864825	21.29659293	3.93E-06	5.83E-05	1.655681451	-62.22931827	1.563660963	5.479875308
ENSG00000142619.4	56.7957011	1.707095064	0.3681173225	21.28103914	3.97E-06	5.87E-05	1.537657951	-51.91906128	0.6551425859	1.765539759
ENSG00000104081.14	168.0359214	1.114850286	0.2401782016	21.20746757	4.12E-06	6.09E-05	1.008173865	-78.93873715	1.889232916	3.315799559
ENSG00000166311.10	92.18170458	-1.407830089	0.3030001917	21.12077686	4.31E-06	6.36E-05	-1.267747312	58.75937072	4.613752466	2.212453765
ENSG00000169282.18	87.69290111	1.174418202	0.2569130832	20.79234258	5.12E-06	7.47E-05	1.057799009	-66.57188757	0.974442445	2.246271965
ENSG00000277632.2	61.29626487	-1.616648517	0.3618772141	19.66876952	9.21E-06	0.0001260992696	-1.440818678	67.83826411	12.535873	4.103118743
ENSG00000069535.14	101.5406793	-1.195447077	0.2725897983	19.00611971	1.30E-05	0.0001716669348	-1.0607562	70.13738545	3.404978173	1.601100919
ENSG00000184635.16	84.10194659	-1.241893254	0.2870300026	18.49423073	1.70E-05	0.0002177953932	-1.099568088	74.99815703	3.971406138	1.48920944
ENSG00000196353.13	57.71526486	1.69402406	0.3898256546	18.29782768	1.89E-05	0.0002381795467	1.496464028	-56.93035704	0.4813962815	1.590971313
ENSG00000134258.18	72.26132546	1.196218104	0.279999939	18.22241711	1.97E-05	0.0002469636538	1.05792406	-58.19396114	1.16202705	2.745381274
ENSG00000174640.15	51.71522409	1.517326373	0.3550728789	18.18426848	2.01E-05	0.0002513255559	1.337529893	-50.43209078	0.4296297648	1.413770852
ENSG00000014257.17	63.77875799	1.260963479	0.2983726497	17.7798545	2.48E-05	0.000304426371	1.110693163	-52.30417028	1.322051692	3.112872601
ENSG00000094755.17	76.82354234	1.204291837	0.286396397	17.72324454	2.55E-05	0.0003120812477	1.060095413	-61.24218551	1.617491591	3.694695365
ENSG00000101825.8	56.59427841	-1.355081107	0.3232151252	17.45901347	2.94E-05	0.0003519763124	-1.187048916	51.60271491	0.5335085823	0.184631278
ENSG00000064225.13	198.9303298	1.2391521	0.2956954299	17.07343267	3.60E-05	0.0004205204502	1.087233528	-117.0170556	7.987202621	14.2255389
ENSG00000249992.2	82.74977613	-1.155501586	0.2864747816	16.16482809	5.81E-05	0.0006405729128	-1.002745442	65.21218772	4.275374847	1.842980724
ENSG00000180730.5	67.97816417	1.29719657	0.32155264	16.14473556	5.87E-05	0.0006445459369	1.124213823	-54.2221812	0.6445326632	1.598239225
ENSG00000205809.11	60.79183112	-1.24517988	0.3094526413	16.11211627	5.97E-05	0.0006538185837	-1.077615866	51.89527397	5.927491482	2.588838082
ENSG00000147003.7	65.44200196	-1.258102778	0.3184569285	15.45307706	8.46E-05	0.0008816428946	-1.0806365	57.86711429	5.332733597	2.236473636
ENSG00000175544.14	61.92330726	1.813317079	0.4532911691	15.09456743	0.0001022571434	0.001030649817	1.55049892	-77.7968481	0.8875656285	3.501377003
ENSG00000144821.11	46.13189651	-1.893575852	0.4804353533	14.78841436	0.0001202721562	0.001191308876	-1.606247848	59.16487127	0.9251313665	0.1581235123
ENSG00000124613.9	58.90035364	1.354274156	0.3539386831	14.4031405	0.000147556023	0.001431168782	1.147089572	-60.02557993	0.6742918664	1.967765567
ENSG00000198910.14	83.99638082	-1.32207747	0.3602207616	13.11459959	0.000293003426	0.002578810224	-1.095935772	99.84222522	2.638654169	0.7754764528
ENSG00000060709.16	31.08448798	2.208709864	0.592525626	12.75934908	0.0003542341467	0.003030173701	1.808600359	-50.21806183	0.2217508051	1.691198716
ENSG00000009765.15	40.85901494	2.011404618	0.6369562028	8.890919617	0.002865923493	0.01738303128	1.405492684	-52.00556018	0.1429957119	1.209043152