seqnames	start	end	width	strand	V4	V5	V6	annotation	geneChr	geneStart	geneEnd	geneLength	geneStrand	geneId	transcriptId	distanceToTSS	ENSEMBL	SYMBOL	GENENAME	PeakID	log2FoldChange	padj
chr22	19352784	19354541	1758	*	peak_9636	1.93647986218415	5.44148211120303e-67	3' UTR	22	19291969	19328901	36933	1	105372859	ENST00000664918.1	60815	NA	LOC105372859	uncharacterized LOC105372859	NA	NA	NA
chr13	112492512	112493618	1107	*	peak_3780	3.72761222428617	3.13056092865192e-66	Intron (ENST00000261965.8/10426, intron 20 of 21)	13	112485844	112489823	3980	2	10426	ENST00000469302.1	-2689	ENSG00000126216	TUBGCP3	tubulin gamma complex component 3	NA	NA	NA
chr8	142151709	142153841	2133	*	peak_14099	1.78506358033222	3.02379973855786e-65	Intron (ENST00000748267.1/105375792, intron 2 of 5)	8	142176339	142176418	80	1	100616268	ENST00000584349.1	-22498	ENSG00000265247	MIR4472-1	microRNA 4472-1	NA	NA	NA
chr10	102615013	102616983	1971	*	peak_2060	1.96020397790238	9.23450312767788e-61	Exon (ENST00000369902.8/51684, exon 9 of 12)	10	102590809	102599543	8735	1	51684	ENST00000471000.1	24204	ENSG00000107882	SUFU	SUFU negative regulator of hedgehog signaling	NA	NA	NA
chr8	142578697	142580611	1915	*	peak_14153	1.82574510119417	5.22745942965685e-60	Exon (ENST00000687693.2/ENST00000687693.2, exon 1 of 2)	8	142612065	142612702	638	2	23237	ENST00000581404.1	32091	ENSG00000198576	ARC	activity regulated cytoskeleton associated protein	NA	NA	NA
chr8	141473818	141476556	2739	*	peak_13997	1.65740017115778	5.72682161379571e-60	3' UTR	8	141494911	141496759	1849	2	389690	ENST00000521161.5	20203	ENSG00000226807	MROH5	maestro heat like repeat family member 5 (gene/pseudogene)	NA	NA	NA
chr10	71450303	71452638	2336	*	peak_1754	1.65075979896058	3.2074263805669e-58	Intron (ENST00000224721.12/64072, intron 3 of 69)	10	71439832	71717907	278076	1	64072	ENST00000442677.4	10471	ENSG00000107736	CDH23	cadherin related 23	NA	NA	NA
chr17	58307451	58312764	5314	*	peak_6023	1.47957475680703	3.2074263805669e-58	Promoter	17	58301248	58312216	10969	2	9256	ENST00000580669.6	0	ENSG00000005379	TSPOAP1	TSPO associated protein 1	NA	NA	NA
chr22	19356065	19358094	2030	*	peak_9637	1.7084428800192	1.03147029258005e-56	3' UTR	22	19291969	19328901	36933	1	105372859	ENST00000664918.1	64096	NA	LOC105372859	uncharacterized LOC105372859	NA	NA	NA
chr22	20105887	20109124	3238	*	peak_9687	1.58644816911004	4.085881126955e-55	Promoter	22	20106182	20107575	1394	1	54487	ENST00000495351.1	0	ENSG00000128191	DGCR8	DGCR8 microprocessor complex subunit	NA	NA	NA
chr8	141597830	141599869	2040	*	peak_14017	1.7151205943389	2.40844207662393e-54	Intron (ENST00000673717.1/ENST00000673717.1, intron 2 of 8)	8	141514671	141518729	4059	1	122455339	ENST00000643770.2	83159	ENSG00000226490	C8orf90	chromosome 8 open reading frame 90	NA	NA	NA
chr8	142223987	142228706	4720	*	peak_14110	1.43719809740297	6.86696034001518e-53	Intron (ENST00000524325.6/203062, intron 13 of 13)	8	142204636	142209003	4368	1	619434	ENST00000794970.1	19351	ENSG00000254008	LINC00051	long intergenic non-protein coding RNA 51	NA	NA	NA
chr17	79094910	79096904	1995	*	peak_6336	1.74605724918099	1.23905549448179e-52	Promoter	17	79091947	79096693	4747	2	146713	ENST00000582880.6	0	ENSG00000167281	RBFOX3	RNA binding fox-1 homolog 3	NA	NA	NA
chr8	141329148	141331369	2222	*	peak_13979	1.87853536869473	1.60162809530704e-52	Distal Intergenic	8	141340505	141344623	4119	1	731779	ENST00000521073.7	-9136	ENSG00000253595	LINC01300	long intergenic non-protein coding RNA 1300	NA	NA	NA
chr22	19869899	19875416	5518	*	peak_9667	1.29884879628597	2.85529648918642e-50	Distal Intergenic	22	19875692	19881154	5463	2	10587	ENST00000462843.2	5738	ENSG00000184470	TXNRD2	thioredoxin reductase 2	NA	NA	NA
chr17	63529590	63532485	2896	*	peak_6056	1.57617751918929	1.35487667350594e-48	3' UTR	17	63523403	63546727	23325	1	81033	ENST00000583023.1	6187	ENSG00000173826	KCNH6	potassium voltage-gated channel subfamily H member 6	NA	NA	NA
chr22	19998664	20000718	2055	*	peak_9678	1.56582342884326	2.64836261854865e-48	Intron (ENST00000263207.8/421, intron 2 of 19)	22	19971228	19990794	19567	2	421	ENST00000406259.1	-7870	ENSG00000099889	ARVCF	ARVCF delta catenin family member	NA	NA	NA
chr8	143524196	143530757	6562	*	peak_14218	1.53829726085408	1.17450903753674e-47	Intron (ENST00000262577.6/23144, intron 3 of 11)	8	143437659	143541447	103789	2	23144	ENST00000262577.6	10690	ENSG00000014164	ZC3H3	zinc finger CCCH-type containing 3	NA	NA	NA
chr10	72327919	72330275	2357	*	peak_1796	1.56489532989679	2.97123017429587e-47	Distal Intergenic	10	72335557	72336865	1309	2	54788	ENST00000473051.1	6590	ENSG00000148719	DNAJB12	DnaJ heat shock protein family (Hsp40) member B12	NA	NA	NA
chr8	142378522	142380703	2182	*	peak_14126	1.55624926855807	1.56137375704268e-45	Intron (ENST00000524325.6/203062, intron 1 of 13)	8	142344260	142402888	58629	2	203062	ENST00000520462.5	22185	ENSG00000171045	TSNARE1	t-SNARE domain containing 1	NA	NA	NA
chr17	79104945	79106579	1635	*	peak_6338	2.00833247446997	1.81431266797294e-45	Intron (ENST00000583458.5/146713, intron 5 of 13)	17	79090847	79100410	9564	2	146713	ENST00000578998.1	-4535	ENSG00000167281	RBFOX3	RNA binding fox-1 homolog 3	NA	NA	NA
chr22	23834609	23838213	3605	*	peak_9829	1.78657880430175	1.88811685612455e-45	Promoter	22	23834503	23836514	2012	2	91319	ENST00000464023.1	0	ENSG00000099958	DERL3	derlin 3	NA	NA	NA
chr8	143808427	143814650	6224	*	peak_14228	1.36030276883749	2.71856121643758e-45	Promoter	8	143812957	143813042	86	2	100126338	ENST00000401271.1	0	ENSG00000284224	MIR937	microRNA 937	NA	NA	NA
chr16	20610006	20615254	5249	*	peak_4934	1.58818648706395	2.73590464544125e-45	Promoter	16	20610243	20775920	165678	1	6296	ENST00000568235.5	0	ENSG00000005187	ACSM3	acyl-CoA synthetase medium chain family member 3	NA	NA	NA
chr8	141976667	141978819	2153	*	peak_14074	1.45565417946319	3.24205860156747e-44	Distal Intergenic	8	141992087	141997552	5466	1	124902047	ENST00000722295.1	-13268	ENSG00000294265	LOC124902047	uncharacterized LOC124902047	NA	NA	NA
chr18	14501740	14502863	1124	*	peak_6647	2.26191492836492	7.38809488487949e-44	Distal Intergenic	18	14492906	14499415	6510	2	440224	ENST00000740705.1	-2325	ENSG00000293262	CXADRP3	CXADR pseudogene 3	NA	NA	NA
chr2	20989565	20990462	898	*	peak_7590	2.00916375196407	3.3499802489085e-43	Distal Intergenic	2	21024170	21043962	19793	2	338	ENST00000399256.4	53500	ENSG00000084674	APOB	apolipoprotein B	NA	NA	NA
chr22	35335020	35337057	2038	*	peak_9996	1.36442511423468	1.29624912174611e-42	Promoter	22	35335640	35335758	119	1	100500826	ENST00000579518.1	0	ENSG00000266320	MIR3909	microRNA 3909	NA	NA	NA
chr20	63427566	63431352	3787	*	peak_9405	1.50181633431034	1.33060302425447e-42	3' UTR	20	63428367	63433476	5110	2	3785	ENST00000636638.1	2124	ENSG00000075043	KCNQ2	potassium voltage-gated channel subfamily Q member 2	NA	NA	NA
chr3	52034357	52039470	5114	*	peak_10748	1.16543686973746	2.58668526389212e-42	Distal Intergenic	3	52046763	52048657	1895	1	124906238	ENST00000648932.1	-7293	NA	LOC124906238	uncharacterized LOC124906238	NA	NA	NA
chr11	61778467	61782157	3691	*	peak_2538	1.32122168225387	3.53092742684825e-42	Promoter	11	61778829	61781045	2217	1	745	ENST00000536352.5	0	ENSG00000124920	MYRF	myelin regulatory factor	NA	NA	NA
chr9	93034916	93038611	3696	*	peak_14491	1.5239173790019	3.53092742684825e-42	3' UTR	9	93029874	93034619	4746	1	89846	ENST00000488407.1	5042	ENSG00000127084	FGD3	FYVE, RhoGEF and PH domain containing 3	NA	NA	NA
chr17	81526670	81529758	3089	*	peak_6452	1.61801926508317	6.56810787966622e-42	Promoter	17	81528377	81537130	8754	1	25794	ENST00000417245.7	0	ENSG00000186765	FSCN2	fascin actin-bundling protein 2, retinal	NA	NA	NA
chr20	32449612	32451891	2280	*	peak_8987	1.4544185601914	7.88072617129556e-42	Exon (ENST00000442179.1/ENST00000442179.1, exon 1 of 4)	20	32432359	32434636	2278	1	171023	ENST00000644168.1	17253	ENSG00000171456	ASXL1	ASXL transcriptional regulator 1	NA	NA	NA
chr22	19525762	19527600	1839	*	peak_9645	1.88649098883834	1.02172676816346e-41	Promoter	22	19523024	19527545	4522	2	7122	ENST00000406028.1	0	ENSG00000184113	CLDN5	claudin 5	NA	NA	NA
chr12	171768	174551	2784	*	peak_2959	1.60634961085388	1.28985524352688e-41	Intron (ENST00000538872.6/440073, intron 13 of 13)	12	169055	175359	6305	1	440073	ENST00000537151.1	2713	ENSG00000120645	IQSEC3	IQ motif and Sec7 domain ArfGEF 3	NA	NA	NA
chr8	143147644	143149572	1929	*	peak_14196	1.58926416051225	1.0782062922034e-40	Distal Intergenic	8	143157914	143160040	2127	2	4062	ENST00000430474.6	10468	ENSG00000176956	LY6H	lymphocyte antigen 6 family member H	NA	NA	NA
chr17	75569823	75572325	2503	*	peak_6277	1.65405620033371	3.21417332175782e-40	Promoter	17	75571425	75573253	1829	1	3993	ENST00000579092.1	0	ENSG00000073350	LLGL2	LLGL scribble cell polarity complex component 2	NA	NA	NA
chr12	47980184	47984789	4606	*	peak_3251	1.32946291847612	5.50775128586783e-40	Promoter	12	47981343	47983855	2513	2	1280	ENST00000483376.1	0	ENSG00000139219	COL2A1	collagen type II alpha 1 chain	NA	NA	NA
chr3	51962327	51963407	1081	*	peak_10744	1.80938530420787	8.08041739901408e-40	Promoter	3	51957456	51962892	5437	2	57060	ENST00000322099.11	0	ENSG00000090097	PCBP4	poly(rC) binding protein 4	NA	NA	NA
chr7	2643392	2645829	2438	*	peak_12775	1.35946130466282	8.23554940515029e-40	Promoter	7	2645532	2647176	1645	1	80727	ENST00000400376.2	0	ENSG00000136295	TTYH3	tweety family member 3	NA	NA	NA
chr17	79100630	79102805	2176	*	peak_6337	1.91157670753329	1.27539125003419e-39	Promoter	17	79090847	79100410	9564	2	146713	ENST00000578998.1	-220	ENSG00000167281	RBFOX3	RNA binding fox-1 homolog 3	NA	NA	NA
chr22	24117609	24120412	2804	*	peak_9836	1.26461631628477	7.47625999666129e-39	Exon (ENST00000263119.10/23523, exon 28 of 37)	22	24098113	24119606	21494	1	23523	ENST00000467937.1	19496	ENSG00000099991	CABIN1	calcineurin binding protein 1	NA	NA	NA
chr17	79807351	79809757	2407	*	peak_6392	1.50275564623152	8.32431471481701e-39	Promoter	17	79809013	79812476	3464	1	124904071	ENST00000736272.1	0	NA	LOC124904071	uncharacterized LOC124904071	NA	NA	NA
chr10	70321222	70325123	3902	*	peak_1691	1.17860094548401	9.08380012643669e-39	Exon (ENST00000395011.5/55222, exon 3 of 4)	10	70247329	70284004	36676	2	64106	ENST00000277942.7	-37218	ENSG00000148734	NPFFR1	neuropeptide FF receptor 1	NA	NA	NA
chr8	142818699	142821710	3012	*	peak_14171	1.70223958143008	1.22123961035294e-38	Distal Intergenic	8	142834247	142916506	82260	1	2765	ENST00000522728.5	-12537	ENSG00000104499	GML	glycosylphosphatidylinositol anchored molecule like	NA	NA	NA
chr3	49896112	49899531	3420	*	peak_10680	1.25504967719118	1.36432111937384e-38	Promoter	3	49895431	49896138	708	2	4486	ENST00000467110.1	0	ENSG00000164078	MST1R	macrophage stimulating 1 receptor	NA	NA	NA
chr8	142088727	142094737	6011	*	peak_14091	1.12534072771148	1.42075130632925e-38	Exon (ENST00000769616.1/ENST00000769616.1, exon 1 of 3)	8	142176339	142176418	80	1	100616268	ENST00000584349.1	-81602	ENSG00000265247	MIR4472-1	microRNA 4472-1	NA	NA	NA
chr17	19010890	19013081	2192	*	peak_5598	1.88463303493912	3.05996521845516e-38	Intron (ENST00000317977.10/125206, intron 8 of 14)	17	19017641	19019729	2089	1	125206	ENST00000584658.1	-4560	ENSG00000154025	SLC5A10	solute carrier family 5 member 10	NA	NA	NA
chr8	142525340	142528110	2771	*	peak_14147	1.47011696707913	6.66444462892195e-38	Exon (ENST00000643448.1/575, exon 24 of 31)	8	142543501	142544684	1184	1	575	ENST00000518812.1	-15391	ENSG00000181790	ADGRB1	adhesion G protein-coupled receptor B1	NA	NA	NA
chr2	113181122	113183419	2298	*	peak_8177	1.30427956125914	6.93972179925333e-37	5' UTR	2	113185044	113201566	16523	1	23550	ENST00000409656.5	-1625	ENSG00000125637	PSD4	pleckstrin and Sec7 domain containing 4	NA	NA	NA
chr2	96108143	96111401	3259	*	peak_8016	1.36234973756825	1.11887018868344e-36	Distal Intergenic	2	96112876	96116571	3696	2	151	ENST00000620793.2	5170	ENSG00000274286	ADRA2B	adrenoceptor alpha 2B	NA	NA	NA
chr22	19740886	19743004	2119	*	peak_9659	1.36857650001493	1.16778751615708e-36	Distal Intergenic	22	19732437	19735109	2673	1	105372861	ENST00000757764.1	8449	NA	LOC105372861	uncharacterized LOC105372861	NA	NA	NA
chr20	33275428	33277047	1620	*	peak_9015	1.39147266419282	1.22711944624243e-36	Intron (ENST00000423645.5/92747, intron 1 of 4)	20	33273480	33291033	17554	1	92747	ENST00000423645.5	1948	ENSG00000125999	BPIFB1	BPI fold containing family B member 1	NA	NA	NA
chr8	142346589	142347675	1087	*	peak_14125	1.53897987629159	1.73614336331347e-36	Intron (ENST00000524325.6/203062, intron 2 of 13)	8	142212081	142354724	142644	2	203062	ENST00000662555.2	7049	ENSG00000171045	TSNARE1	t-SNARE domain containing 1	NA	NA	NA
chr2	130759881	130762188	2308	*	peak_8374	1.29051947863383	3.72027045653847e-36	5' UTR	2	130756291	130764658	8368	1	205147	ENST00000458606.6	3590	ENSG00000178171	AMER3	APC membrane recruitment protein 3	NA	NA	NA
chr22	23262903	23264869	1967	*	peak_9813	1.35542209556627	4.13597191319712e-36	Promoter	22	23262767	23265005	2239	1	26226	ENST00000426721.2	136	ENSG00000230701	FBXW4P1	F-box and WD repeat domain containing 4 pseudogene 1	NA	NA	NA
chr12	2616192	2617800	1609	*	peak_3004	1.95933258159219	6.5158414409466e-36	Intron (ENST00000682544.1/775, intron 30 of 49)	12	2607880	2644488	36609	1	775	ENST00000496818.3	8312	ENSG00000151067	CACNA1C	calcium voltage-gated channel subunit alpha1 C	NA	NA	NA
chr17	79156336	79158296	1961	*	peak_6343	1.34685521494814	9.25466581133321e-36	Intron (ENST00000583458.5/146713, intron 3 of 13)	17	79115698	79183472	67775	2	146713	ENST00000580508.1	25176	ENSG00000167281	RBFOX3	RNA binding fox-1 homolog 3	NA	NA	NA
chr9	133442071	133443847	1777	*	peak_14667	1.86663350735866	3.55554608483404e-35	3' UTR	9	133455648	133459386	3739	1	11093	ENST00000371910.1	-11801	ENSG00000160323	ADAMTS13	ADAM metallopeptidase with thrombospondin type 1 motif 13	NA	NA	NA
chr22	19385340	19387270	1931	*	peak_9640	1.39545090870239	2.07220194217452e-34	3' UTR	22	19398061	19430263	32203	2	7290	ENST00000464189.5	42993	ENSG00000100084	HIRA	histone cell cycle regulator	NA	NA	NA
chr22	20578324	20586769	8446	*	peak_9714	1.04239003508076	2.69202368568144e-34	Promoter	22	20581901	20587632	5732	1	51586	ENST00000473244.5	0	ENSG00000099917	MED15	mediator complex subunit 15	NA	NA	NA
chr6	43874302	43876582	2281	*	peak_12421	1.60478585378647	3.05100252443535e-34	Promoter	6	43874401	43904495	30095	1	105375070	ENST00000719554.1	0	ENSG00000283573	LOC105375070	uncharacterized LOC105375070	NA	NA	NA
chr8	142747383	142757864	10482	*	peak_14166	1.16403015272206	6.22601161377254e-34	Promoter	8	142753099	142766427	13329	1	124902033	ENST00000839251.1	0	ENSG00000253196	LOC124902033	uncharacterized LOC124902033	NA	NA	NA
chr3	48417347	48420329	2983	*	peak_10631	1.26608823772597	6.51665123677707e-34	Promoter	3	48418189	48419744	1556	2	5364	ENST00000484485.5	0	ENSG00000164050	PLXNB1	plexin B1	NA	NA	NA
chr8	141408754	141415605	6852	*	peak_13989	1.16638086345688	1.23108789932062e-33	Promoter	8	141413418	141432415	18998	1	11156	ENST00000329397.6	0	ENSG00000184489	PTP4A3	protein tyrosine phosphatase 4A3	NA	NA	NA
chr17	74340592	74346576	5985	*	peak_6226	1.07836532880646	1.95736156899799e-33	Exon (ENST00000551294.5/124602, exon 3 of 13)	17	74348590	74350481	1892	1	124602	ENST00000549637.1	-2014	ENSG00000196169	KIF19	kinesin family member 19	NA	NA	NA
chr2	27037468	27039252	1785	*	peak_7673	1.51162867370873	2.11027075056329e-33	Promoter	2	27037875	27040492	2618	1	54867	ENST00000444135.5	0	ENSG00000119777	TMEM214	transmembrane protein 214	NA	NA	NA
chr20	63243166	63244965	1800	*	peak_9391	1.31266567937971	3.09042050653459e-33	Exon (ENST00000370313.5/128414, exon 5 of 6)	20	63241277	63247151	5875	2	128414	ENST00000470246.1	2186	ENSG00000101198	NKAIN4	sodium/potassium transporting ATPase interacting 4	NA	NA	NA
chr10	69737912	69738750	839	*	peak_1670	1.98292157169712	5.35578063589883e-33	Distal Intergenic	10	69684899	69692452	7554	1	105378346	ENST00000434931.2	53013	NA	LINC02651	long intergenic non-protein coding RNA 2651	NA	NA	NA
chr22	45014111	45015112	1002	*	peak_10210	1.52825381891716	5.54723268244456e-33	Distal Intergenic	22	44881162	45010005	128844	2	112885	ENST00000629843.3	-4106	ENSG00000056487	PHF21B	PHD finger protein 21B	NA	NA	NA
chr8	141666615	141672416	5802	*	peak_14028	1.06643839122912	7.84230021083167e-33	Distal Intergenic	8	141727161	141730394	3234	2	124902074	ENST00000751608.1	57978	NA	LOC124902074	uncharacterized LOC124902074	NA	NA	NA
chr14	73745813	73747440	1628	*	peak_4029	1.37133164627743	9.22675447253329e-33	Exon (ENST00000747819.1/124903345, exon 3 of 3)	14	73740836	73747672	6837	1	124903345	ENST00000747819.1	4977	NA	LOC124903345	uncharacterized LOC124903345	NA	NA	NA
chr22	49946641	49960800	14160	*	peak_10288	1.15528475573965	3.06831624132578e-32	Promoter	22	49960768	49961646	879	1	415116	ENST00000467480.1	0	ENSG00000198355	PIM3	Pim-3 proto-oncogene, serine/threonine kinase	NA	NA	NA
chr17	61334845	61335665	821	*	peak_6039	1.49216715278685	4.41022105517687e-32	Intron (ENST00000407086.8/54828, intron 22 of 23)	17	61393453	61394141	689	2	103689912	ENST00000592377.2	58476	ENSG00000267280	TBX2-AS1	TBX2 antisense RNA 1	NA	NA	NA
chr8	144532047	144535246	3200	*	peak_14259	1.23257406119186	5.51668668735704e-32	Exon (ENST00000276826.5/80728, exon 6 of 10)	8	144526252	144529132	2881	2	414919	ENST00000534680.5	-2915	ENSG00000213563	C8orf82	chromosome 8 open reading frame 82	NA	NA	NA
chr8	141611487	141613260	1774	*	peak_14018	1.24398616569312	6.26171521079079e-32	Exon (ENST00000673717.1/ENST00000673717.1, exon 3 of 9)	8	141514671	141518729	4059	1	122455339	ENST00000643770.2	96816	ENSG00000226490	C8orf90	chromosome 8 open reading frame 90	NA	NA	NA
chr1	22150548	22151133	586	*	peak_198	2.32874399676312	7.17241643175601e-32	Intron (ENST00000648968.1/105376845, intron 1 of 4)	1	22127474	22143969	16496	2	54361	ENST00000441048.1	-6579	ENSG00000162552	WNT4	Wnt family member 4	NA	NA	NA
chr16	2928720	2930930	2211	*	peak_4740	1.38920826079108	7.99819549575706e-32	Promoter	16	2930797	2940163	9367	1	84256	ENST00000573564.5	0	ENSG00000059122	FLYWCH1	FLYWCH-type zinc finger 1	NA	NA	NA
chr22	23832256	23834244	1989	*	peak_9828	1.46808786608855	8.2926942095791e-32	3' UTR	22	23834503	23836514	2012	2	91319	ENST00000464023.1	2270	ENSG00000099958	DERL3	derlin 3	NA	NA	NA
chr17	74647549	74648929	1381	*	peak_6257	1.25740681641342	1.64118179308466e-31	Distal Intergenic	17	74670578	74747334	76757	1	326624	ENST00000340415.7	-21649	ENSG00000172794	RAB37	RAB37, member RAS oncogene family	NA	NA	NA
chr1	16718173	16720009	1837	*	peak_149	1.52818481033525	2.14714606532991e-31	Promoter	1	16691214	16720157	28944	2	284729	ENST00000270691.10	148	NA	ESPNP	espin pseudogene	NA	NA	NA
chr22	44199818	44202410	2593	*	peak_10183	1.22499082593205	2.96346707631118e-31	Intron (ENST00000422871.5/64098, intron 12 of 13)	22	44196098	44219533	23436	1	64098	ENST00000472551.1	3720	ENSG00000138964	PARVG	parvin gamma	NA	NA	NA
chr17	21378426	21381512	3087	*	peak_5625	1.26036993660731	2.97450998329267e-31	Intron (ENST00000583088.6/3768, intron 1 of 2)	17	21376357	21419870	43514	1	3768	ENST00000583088.6	2069	ENSG00000184185	KCNJ12	potassium inwardly rectifying channel subfamily J member 12	NA	NA	NA
chr17	50035189	50038252	3064	*	peak_5914	1.18197698275693	4.04868767141691e-31	Distal Intergenic	17	50052042	50055696	3655	2	284080	ENST00000826200.1	17444	ENSG00000246640	PICART1	p53 inducible cancer associated RNA transcript 1	NA	NA	NA
chr17	17126371	17128674	2304	*	peak_5553	1.13987591941957	4.67878620011669e-31	Exon (ENST00000651222.2/23164, exon 4 of 24)	17	17131617	17138419	6803	1	23164	ENST00000584936.2	-2943	ENSG00000133030	MPRIP	myosin phosphatase Rho interacting protein	NA	NA	NA
chr15	66848272	66849834	1563	*	peak_4365	1.59504405354183	6.88787734282027e-31	Distal Intergenic	15	66931508	66932207	700	2	102723481	ENST00000733463.1	82373	ENSG00000259289	SMASR	SMAD3 associated long non-coding RNA	NA	NA	NA
chr3	49714314	49716845	2532	*	peak_10675	1.15951289045908	1.05251276277492e-30	Promoter	3	49713527	49715889	2363	1	63891	ENST00000444689.1	787	ENSG00000164068	RNF123	ring finger protein 123	NA	NA	NA
chr17	58526598	58528459	1862	*	peak_6026	1.46730942193448	1.60179780428711e-30	Promoter	17	58520250	58527144	6895	2	5414	ENST00000393086.5	0	ENSG00000108387	SEPTIN4	septin 4	NA	NA	NA
chr3	50602100	50605576	3477	*	peak_10728	1.14275304393599	1.61843662454695e-30	Distal Intergenic	3	50611520	50613900	2381	1	7867	ENST00000486712.5	-5944	ENSG00000114738	MAPKAPK3	MAPK activated protein kinase 3	NA	NA	NA
chr20	32892884	32895286	2403	*	peak_9001	1.26555935091982	1.81576279374735e-30	Exon (ENST00000400522.9/388795, exon 9 of 27)	20	32898385	32903670	5286	1	388795	ENST00000533479.1	-3099	ENSG00000215529	EFCAB8	EF-hand calcium binding domain 8	NA	NA	NA
chr10	79378889	79381179	2291	*	peak_1901	1.21908925478623	1.96281271016584e-30	Distal Intergenic	10	79347658	79354086	6429	1	10105	ENST00000448165.1	31231	ENSG00000108179	PPIF	peptidylprolyl isomerase F	NA	NA	NA
chr10	71259486	71261903	2418	*	peak_1739	1.20284798649764	2.22757263151966e-30	Intron (ENST00000335350.10/219699, intron 1 of 16)	10	71246418	71251602	5185	1	112268061	ENST00000826306.1	13068	NA	LOC112268061	uncharacterized LOC112268061	NA	NA	NA
chr3	52032571	52033909	1339	*	peak_10747	1.67115173504291	3.02973069843989e-30	Distal Intergenic	3	52046763	52048657	1895	1	124906238	ENST00000648932.1	-12854	NA	LOC124906238	uncharacterized LOC124906238	NA	NA	NA
chr17	79319384	79319963	580	*	peak_6352	2.30153965470747	3.32642964657068e-30	Intron (ENST00000583458.5/146713, intron 1 of 13)	17	79298204	79307827	9624	2	146713	ENST00000582344.1	-11557	ENSG00000167281	RBFOX3	RNA binding fox-1 homolog 3	NA	NA	NA
chr17	81312614	81316107	3494	*	peak_6442	1.14994018168991	3.72918372037687e-30	Exon (ENST00000650606.1/284186, exon 2 of 3)	17	81304597	81311237	6641	2	284185	ENST00000577000.2	-1377	NA	LINC00482	long intergenic non-protein coding RNA 482	NA	NA	NA
chr3	13066346	13068402	2057	*	peak_10399	1.364408765944	4.01299104875791e-30	Intron (ENST00000613206.2/9922, intron 1 of 13)	3	12897043	13073429	176387	2	9922	ENST00000613206.2	5027	ENSG00000144711	IQSEC1	IQ motif and Sec7 domain ArfGEF 1	NA	NA	NA
chr3	126549793	126551808	2016	*	peak_10961	1.12984037845771	4.01299104875791e-30	3' UTR	3	126549692	126558932	9241	2	152065	ENST00000318225.3	7124	ENSG00000180697	C3orf22	chromosome 3 open reading frame 22	NA	NA	NA
chr11	64061942	64063180	1239	*	peak_2568	1.78431927853974	4.02367849528327e-30	Intron (ENST00000682287.1/23769, intron 1 of 2)	11	64060424	64103513	43090	1	23769	ENST00000538550.1	1518	ENSG00000126500	FLRT1	fibronectin leucine rich transmembrane protein 1	NA	NA	NA
chr10	79374988	79376601	1614	*	peak_1899	1.62631311920279	4.15730618689088e-30	Distal Intergenic	10	79347658	79354086	6429	1	10105	ENST00000448165.1	27330	ENSG00000108179	PPIF	peptidylprolyl isomerase F	NA	NA	NA
chr8	143491073	143492724	1652	*	peak_14215	1.16244156299059	4.48418803995811e-30	Intron (ENST00000262577.6/23144, intron 4 of 11)	8	143484497	143507840	23344	2	23144	ENST00000528401.1	15116	ENSG00000014164	ZC3H3	zinc finger CCCH-type containing 3	NA	NA	NA
chr1	44006723	44007737	1015	*	peak_590	1.46372377578984	5.17581521959665e-30	Intron (ENST00000372307.7/6536, intron 4 of 11)	1	43991500	44016556	25057	2	6536	ENST00000372307.7	8819	ENSG00000196517	SLC6A9	solute carrier family 6 member 9	NA	NA	NA
chr10	43038101	43039532	1432	*	peak_1447	1.28166306910524	5.32643155772074e-30	Distal Intergenic	10	42979017	43026380	47364	2	104266963	ENST00000754421.1	-11721	ENSG00000229630	LINC01264	long intergenic non-protein coding RNA 1264	NA	NA	NA
chr22	20143193	20144636	1444	*	peak_9690	1.53610177049465	1.00070603104546e-29	Exon (ENST00000334554.12/29801, exon 10 of 11)	22	20140405	20142987	2583	1	29801	ENST00000472497.1	2788	ENSG00000099904	ZDHHC8	zinc finger DHHC-type palmitoyltransferase 8	NA	NA	NA
chr1	46450871	46453235	2365	*	peak_619	1.48211533151117	1.11917354473835e-29	Promoter	1	46446600	46451317	4718	2	101929651	ENST00000634819.2	0	ENSG00000224863	LINC01398	long intergenic non-protein coding RNA 1398	NA	NA	NA
chr14	73240584	73242614	2031	*	peak_4020	1.33246842191372	1.39066981761515e-29	Promoter	14	73239625	73273003	33379	1	89932	ENST00000555445.5	959	ENSG00000100767	PAPLN	papilin, proteoglycan like sulfated glycoprotein	NA	NA	NA
chr20	63266936	63269808	2873	*	peak_9395	1.32797188806357	1.44005894444016e-29	Intron (ENST00000370307.6/128414, intron 1 of 6)	20	63241390	63272694	31305	2	128414	ENST00000370307.6	2886	ENSG00000101198	NKAIN4	sodium/potassium transporting ATPase interacting 4	NA	NA	NA
chr3	50457463	50458700	1238	*	peak_10714	1.81365528236948	1.52345285155438e-29	Intron (ENST00000424201.7/9254, intron 2 of 37)	3	50454154	50455570	1417	1	105377082	ENST00000826243.1	3309	NA	LOC105377082	uncharacterized LOC105377082	NA	NA	NA
chr10	123969736	123971129	1394	*	peak_2192	1.56099364035089	2.30507349600737e-29	Promoter	10	123953293	123970760	17468	2	107984128	ENST00000830094.1	0	ENSG00000307961	LOC107984128	uncharacterized LOC107984128	NA	NA	NA
chr2	238128939	238130651	1713	*	peak_8665	1.65011950376035	2.63950710413725e-29	Promoter	2	238128948	238133281	4334	1	339768	ENST00000477241.1	0	ENSG00000144488	ESPNL	espin like	NA	NA	NA
chr10	43374032	43378843	4812	*	peak_1474	1.23654758359091	3.49066095783648e-29	Promoter	10	43374469	43376335	1867	1	53828	ENST00000479189.1	0	ENSG00000150201	FXYD4	FXYD domain containing ion transport regulator 4	NA	NA	NA
chr8	142001348	142003909	2562	*	peak_14080	1.30438157455893	3.78299174651496e-29	Distal Intergenic	8	141992087	141997552	5466	1	124902047	ENST00000722295.1	9261	ENSG00000294265	LOC124902047	uncharacterized LOC124902047	NA	NA	NA
chr8	139644463	139646549	2087	*	peak_13915	1.20897769662977	6.7671017093762e-29	Intron (ENST00000522317.5/51305, intron 1 of 3)	8	139600845	139654330	53486	2	51305	ENST00000649696.1	7781	ENSG00000169427	KCNK9	potassium two pore domain channel subfamily K member 9	NA	NA	NA
chr10	70592278	70593518	1241	*	peak_1704	1.48198629092793	7.83813846846834e-29	Intron (ENST00000697577.1/27143, intron 19 of 20)	10	70597348	70602687	5340	2	5551	ENST00000638674.1	9169	ENSG00000180644	PRF1	perforin 1	NA	NA	NA
chr17	46001503	46002929	1427	*	peak_5845	1.21976478447964	9.71594876645867e-29	Intron (ENST00000680674.1/4137, intron 6 of 10)	17	45999250	45999694	445	1	246744	ENST00000537309.1	2253	ENSG00000256762	STH	saitohin	NA	NA	NA
chr8	144318045	144324755	6711	*	peak_14245	1.1464669457667	1.03171575372523e-28	Promoter	8	144316320	144318724	2405	2	8694	ENST00000524965.5	0	ENSG00000185000	DGAT1	diacylglycerol O-acyltransferase 1	NA	NA	NA
chr20	63366265	63368637	2373	*	peak_9400	1.16622174198171	1.52417994565026e-28	Promoter	20	63368882	63371172	2291	1	100130587	ENST00000428531.1	-245	ENSG00000203900	LOC100130587	uncharacterized LOC100130587	NA	NA	NA
chr11	69099187	69102272	3086	*	peak_2686	1.24945955398088	1.86257666470135e-28	Intron (ENST00000637504.1/219931, intron 19 of 19)	11	69083176	69083258	83	1	100422846	ENST00000581178.1	16011	ENSG00000265539	MIR3164	microRNA 3164	NA	NA	NA
chr20	62444027	62447344	3318	*	peak_9337	1.00624551031332	2.23949730121439e-28	Intron (ENST00000618678.3/105372710, intron 2 of 2)	20	62430773	62431515	743	1	105372710	ENST00000622414.1	13254	ENSG00000233017	LOC105372710	uncharacterized LOC105372710	NA	NA	NA
chr11	76245207	76247410	2204	*	peak_2807	1.36130508753458	2.34783431417616e-28	Distal Intergenic	11	76210933	76236865	25933	2	107984359	ENST00000724889.1	-8342	ENSG00000255362	LINC02761	long intergenic non-protein coding RNA 2761	NA	NA	NA
chr2	26181672	26183532	1861	*	peak_7637	1.20956744662043	2.55823508391866e-28	Promoter	2	26180716	26189644	8929	1	150946	ENST00000407684.1	956	ENSG00000157833	GAREM2	GRB2 associated regulator of MAPK1 subtype 2	NA	NA	NA
chr18	12422932	12424150	1219	*	peak_6619	1.58828699863262	2.86910756390366e-28	Intron (ENST00000590956.5/10650, intron 2 of 5)	18	12421286	12432238	10953	1	10650	ENST00000587735.1	1646	ENSG00000141391	PRELID3A	PRELI domain containing 3A	NA	NA	NA
chr17	18960087	18963026	2940	*	peak_5597	1.09967596718698	3.98896549728682e-28	Exon (ENST00000317977.10/125206, exon 5 of 15)	17	18952188	19020685	68498	1	125206	ENST00000395643.6	7899	ENSG00000154025	SLC5A10	solute carrier family 5 member 10	NA	NA	NA
chr8	142631555	142636408	4854	*	peak_14160	1.10431561066461	5.76561933113063e-28	Promoter	8	142637128	142640648	3521	1	101928087	ENST00000842146.1	-720	ENSG00000277332	LOC101928087	uncharacterized LOC101928087	NA	NA	NA
chr8	141904707	141908886	4180	*	peak_14065	1.03935166246741	6.3321412363351e-28	Distal Intergenic	8	141992087	141997552	5466	1	124902047	ENST00000722295.1	-83201	ENSG00000294265	LOC124902047	uncharacterized LOC124902047	NA	NA	NA
chr8	142062819	142065382	2564	*	peak_14089	1.09783613092929	9.81437775577945e-28	Distal Intergenic	8	141992087	141997552	5466	1	124902047	ENST00000722295.1	70732	ENSG00000294265	LOC124902047	uncharacterized LOC124902047	NA	NA	NA
chr17	58370655	58371896	1242	*	peak_6025	1.30972982971169	1.24368973510511e-27	5' UTR	17	58363150	58363592	443	2	54894	ENST00000582293.1	-7063	ENSG00000108375	RNF43	ring finger protein 43	NA	NA	NA
chr1	16628435	16629014	580	*	peak_146	1.61112370451461	2.00014553778028e-27	Promoter	1	16618256	16628652	10397	2	124900584	ENST00000640476.1	0	NA	NA	NA	NA	NA	NA
chr8	141379697	141382415	2719	*	peak_13985	1.05539710481172	3.75861815507555e-27	Promoter	8	141381068	141382238	1171	1	101928037	ENST00000835649.1	0	NA	LOC101928037	uncharacterized LOC101928037	NA	NA	NA
chr22	29747331	29749216	1886	*	peak_9939	1.40287349894522	4.05412941318429e-27	5' UTR	22	29730956	29767007	36052	2	55954	ENST00000344318.4	17791	ENSG00000100319	ZMAT5	zinc finger matrin-type 5	NA	NA	NA
chr22	39626784	39629336	2553	*	peak_10109	1.53875448305069	4.58495887414421e-27	Intron (ENST00000407673.5/8911, intron 4 of 34)	22	39642797	39643512	716	1	8911	ENST00000471970.1	-13461	ENSG00000100346	CACNA1I	calcium voltage-gated channel subunit alpha1 I	NA	NA	NA
chr11	74705098	74706126	1029	*	peak_2787	1.84685370238123	5.63283904026889e-27	Promoter	11	74696429	74704635	8207	2	25884	ENST00000525413.5	-463	ENSG00000054938	CHRDL2	chordin like 2	NA	NA	NA
chr1	30787299	30788443	1145	*	peak_367	1.49913897336623	6.11723821907194e-27	Distal Intergenic	1	30774996	30782446	7451	2	105378621	ENST00000815342.1	-4853	ENSG00000306105	LOC105378621	uncharacterized LOC105378621	NA	NA	NA
chr2	20614355	20617687	3333	*	peak_7583	1.00753580704331	6.4235708842362e-27	3' UTR	2	20592617	20624773	32157	2	64342	ENST00000415264.5	7086	ENSG00000118960	HS1BP3	HCLS1 binding protein 3	NA	NA	NA
chr3	10950885	10952043	1159	*	peak_10371	1.94656741210272	8.19287365058948e-27	Intron (ENST00000656787.1/105376950, intron 2 of 3)	3	10933966	10935397	1432	1	6538	ENST00000464828.1	16919	ENSG00000132164	SLC6A11	solute carrier family 6 member 11	NA	NA	NA
chr7	531746	533169	1424	*	peak_12737	1.57066353391346	8.58967409634994e-27	Exon (ENST00000797634.1/ENST00000797634.1, exon 2 of 2)	7	522615	530168	7554	1	441307	ENST00000797640.1	9131	ENSG00000223855	PDGFA-DT	PDGFA divergent transcript	NA	NA	NA
chr1	2491392	2500812	9421	*	peak_10	1.01202518553216	8.76057336025076e-27	Promoter	1	2497782	2505528	7747	1	9651	ENST00000473964.5	0	ENSG00000149527	PLCH2	phospholipase C eta 2	NA	NA	NA
chr16	2737357	2741791	4435	*	peak_4732	1.23419220507259	1.06407287945528e-26	Promoter	16	2737086	2740300	3215	2	100128788	ENST00000848127.1	0	ENSG00000205913	SRRM2-AS1	SRRM2 antisense RNA 1	NA	NA	NA
chr22	21025157	21030588	5432	*	peak_9726	1.04508252846692	1.44106008607248e-26	3' UTR	22	21023349	21026597	3249	1	9127	ENST00000487342.1	1808	ENSG00000099957	P2RX6	purinergic receptor P2X 6	NA	NA	NA
chr11	70581784	70585218	3435	*	peak_2731	1.1938704884066	1.4489835672407e-26	Intron (ENST00000601538.6/22941, intron 17 of 25)	11	70626441	70635658	9218	1	100874198	ENST00000663650.1	-41223	ENSG00000226627	SHANK2-AS1	SHANK2 antisense RNA 1	NA	NA	NA
chr11	77120674	77124175	3502	*	peak_2822	1.16317247449203	2.00086976728766e-26	3' UTR	11	77119407	77124495	5089	1	726	ENST00000527129.1	1267	ENSG00000149260	CAPN5	calpain 5	NA	NA	NA
chr3	50135658	50141379	5722	*	peak_10684	1.00360522517326	2.04384816963246e-26	Exon (ENST00000437204.1/100129060, exon 2 of 4)	3	50155045	50182766	27722	1	6405	ENST00000414301.5	-13666	ENSG00000001617	SEMA3F	semaphorin 3F	NA	NA	NA
chr2	20564760	20566605	1846	*	peak_7577	1.25118910152032	2.92105148406506e-26	Intron (ENST00000446825.1/64342, intron 5 of 5)	2	20539131	20540589	1459	2	102724948	ENST00000804989.1	-24171	ENSG00000304619	LOC102724948	uncharacterized LOC102724948	NA	NA	NA
chr3	50122094	50124212	2119	*	peak_10683	1.07469157469699	3.12097346091866e-26	Exon (ENST00000437204.1/100129060, exon 3 of 4)	3	50116545	50117175	631	1	10181	ENST00000461242.1	5549	ENSG00000003756	RBM5	RNA binding motif protein 5	NA	NA	NA
chr8	142270557	142279953	9397	*	peak_14117	1.11008064414843	6.05071960969207e-26	Promoter	8	142271567	142279997	8431	2	203062	ENST00000521825.1	44	ENSG00000171045	TSNARE1	t-SNARE domain containing 1	NA	NA	NA
chr15	61831188	61832583	1396	*	peak_4315	1.61031844452348	6.53499880197993e-26	Distal Intergenic	15	61834682	61935738	101057	1	124903501	ENST00000642740.1	-2099	NA	LOC124903501	uncharacterized LOC124903501	NA	NA	NA
chr1	53321042	53323125	2084	*	peak_661	1.29580776826312	7.02676565976753e-26	Intron (ENST00000306052.12/7804, intron 2 of 18)	1	53246568	53327399	80832	2	7804	ENST00000658404.1	4274	ENSG00000157193	LRP8	LDL receptor related protein 8	NA	NA	NA
chr17	57648462	57649336	875	*	peak_6000	1.49391560694227	7.29812234695285e-26	Intron (ENST00000416426.6/124540, intron 10 of 13)	17	57652099	57677059	24961	1	124540	ENST00000675127.1	-2763	ENSG00000153944	MSI2	musashi RNA binding protein 2	NA	NA	NA
chr1	10685570	10689236	3667	*	peak_93	1.00032069206641	9.46515868402276e-26	Intron (ENST00000377022.8/54897, intron 4 of 20)	1	10660737	10693912	33176	2	54897	ENST00000478728.2	4676	ENSG00000130940	CASZ1	castor zinc finger 1	NA	NA	NA
chr12	117074	118347	1274	*	peak_2954	1.52858164507429	1.12748338483277e-25	Intron (ENST00000538872.6/440073, intron 2 of 13)	12	106509	111964	5456	2	105369593	ENST00000540226.2	-5110	NA	IQSEC3-AS2	IQSEC3 antisense RNA 2	NA	NA	NA
chr20	63409960	63411829	1870	*	peak_9404	1.22385612561841	1.42013767267188e-25	Promoter	20	63408475	63411814	3340	2	3785	ENST00000636614.1	0	ENSG00000075043	KCNQ2	potassium voltage-gated channel subfamily Q member 2	NA	NA	NA
chr10	46250501	46252564	2064	*	peak_1528	1.13662186608115	1.68685605481413e-25	Exon (ENST00000604933.2/100996567, exon 11 of 14)	10	46219276	46249021	29746	2	100996567	ENST00000764734.1	-1480	NA	ANTXRLP1	ANTXR like pseudogene 1	NA	NA	NA
chr8	143206922	143208596	1675	*	peak_14198	1.29586118901841	1.68685605481413e-25	Distal Intergenic	8	143213218	143217170	3953	1	338328	ENST00000622500.2	-4622	ENSG00000277494	GPIHBP1	glycosylphosphatidylinositol anchored high density lipoprotein binding protein 1	NA	NA	NA
chr16	1817005	1821473	4469	*	peak_4711	1.03383690004789	1.70914308367326e-25	Promoter	16	1807577	1816907	9331	2	3029	ENST00000566644.5	-98	ENSG00000063854	HAGH	hydroxyacylglutathione hydrolase	NA	NA	NA
chr19	29744302	29745054	753	*	peak_6993	1.66484660327123	1.91871957685244e-25	Intron (ENST00000773444.1/107985345, intron 3 of 3)	19	29724559	29736206	11648	1	107985345	ENST00000773447.1	19743	ENSG00000300689	LOC107985345	uncharacterized LOC107985345	NA	NA	NA
chr22	42431827	42435146	3320	*	peak_10140	1.01840714175549	2.14428379528578e-25	Promoter	22	42380407	42432403	51997	2	150372	ENST00000329021.10	0	ENSG00000235568	NFAM1	NFAT activating protein with ITAM motif 1	NA	NA	NA
chr17	49934076	49936105	2030	*	peak_5905	1.24796879939612	2.56073196036073e-25	Exon (ENST00000746165.1/ENST00000746165.1, exon 3 of 3)	17	49968588	49974600	6013	1	1748	ENST00000706528.1	-32483	ENSG00000108813	DLX4	distal-less homeobox 4	NA	NA	NA
chr2	239566584	239567464	881	*	peak_8706	1.97510084481299	3.93508103756083e-25	Distal Intergenic	2	239578301	239586094	7794	1	401040	ENST00000358775.1	-10837	ENSG00000196758	LINC02991	long intergenic non-protein coding RNA 2991	NA	NA	NA
chr10	79107525	79108848	1324	*	peak_1877	1.37061495254101	4.93088489442896e-25	Intron (ENST00000334512.10/57178, intron 1 of 24)	10	79068966	79316519	247554	1	57178	ENST00000334512.10	38559	ENSG00000108175	ZMIZ1	zinc finger MIZ-type containing 1	NA	NA	NA
chr22	24147481	24148544	1064	*	peak_9840	1.60522220340706	5.27469535069668e-25	Intron (ENST00000263119.10/23523, intron 29 of 36)	22	24155838	24178627	22790	1	23523	ENST00000337989.11	-7294	ENSG00000099991	CABIN1	calcineurin binding protein 1	NA	NA	NA
chr1	110214596	110216026	1431	*	peak_812	1.21591428438872	5.3144911248318e-25	Intron (ENST00000438661.3/3749, intron 1 of 3)	1	110208450	110212592	4143	2	100873974	ENST00000733870.1	-2004	ENSG00000224965	KCNC4-DT	KCNC4 divergent transcript	NA	NA	NA
chr20	61895016	61898760	3745	*	peak_9315	1.01504325043677	6.77652976615541e-25	Exon (ENST00000614565.5/1002, exon 8 of 16)	20	61953546	61953662	117	2	100302168	ENST00000408490.1	54902	ENSG00000284193	MIR1257	microRNA 1257	NA	NA	NA
chr8	141353473	141355310	1838	*	peak_13982	1.09584964823293	6.7972209093632e-25	Exon (ENST00000562459.1/ENST00000562459.1, exon 1 of 1)	8	141342325	141344621	2297	1	731779	ENST00000518232.1	11148	ENSG00000253595	LINC01300	long intergenic non-protein coding RNA 1300	NA	NA	NA
chr10	70926250	70927266	1017	*	peak_1719	1.2284821088712	3.08931934359532e-24	Promoter	10	70927055	71077810	150756	1	105378350	ENST00000646051.1	0	NA	LOC105378350	uncharacterized LOC105378350	NA	NA	NA
chr8	144184616	144185297	682	*	peak_14238	1.63264130492308	3.44618566404175e-24	Intron (ENST00000532255.5/727957, intron 6 of 30)	8	144179455	144201179	21725	1	727957	ENST00000534508.1	5161	ENSG00000179832	MROH1	maestro heat like repeat family member 1	NA	NA	NA
chr8	134475764	134477217	1454	*	peak_13847	1.51828078759633	6.35612020062414e-24	Distal Intergenic	8	134478222	134510182	31961	2	57623	ENST00000521673.5	32965	ENSG00000066827	ZFAT	zinc finger and AT-hook domain containing	NA	NA	NA
chr3	49518564	49519609	1046	*	peak_10664	1.73034163728781	6.53080666010258e-24	Intron (ENST00000469139.2/1605, intron 2 of 2)	3	49510224	49530911	20688	1	1605	ENST00000479935.1	8340	ENSG00000173402	DAG1	dystroglycan 1	NA	NA	NA
chr15	77028917	77035488	6572	*	peak_4476	1.02697185237354	6.88730295061421e-24	Promoter	15	77032317	77037332	5016	1	9051	ENST00000558870.1	0	ENSG00000140368	PSTPIP1	proline-serine-threonine phosphatase interacting protein 1	NA	NA	NA
chr1	110087788	110090257	2470	*	peak_800	1.01795987427769	7.16752792479939e-24	Intron (ENST00000554808.1/104355139, intron 1 of 3)	1	110082739	110083379	641	1	104355139	ENST00000751952.1	5049	ENSG00000258673	LINC01397	long intergenic non-protein coding RNA 1397	NA	NA	NA
chr8	141573902	141577339	3438	*	peak_14014	1.00856852914007	7.98903522889608e-24	Distal Intergenic	8	141514671	141518729	4059	1	122455339	ENST00000643770.2	59231	ENSG00000226490	C8orf90	chromosome 8 open reading frame 90	NA	NA	NA
chr11	8230650	8232714	2065	*	peak_2330	1.21277801394733	9.04274254439641e-24	Intron (ENST00000335790.8/4004, intron 1 of 3)	11	8224449	8263388	38940	2	4004	ENST00000524379.1	30674	ENSG00000166407	LMO1	LIM domain only 1	NA	NA	NA
chr22	45475920	45477125	1206	*	peak_10219	1.73926607541171	1.26459358100686e-23	Distal Intergenic	22	45502238	45531324	29087	1	2192	ENST00000411478.5	-25113	ENSG00000077942	FBLN1	fibulin 1	NA	NA	NA
chr10	71076333	71077846	1514	*	peak_1730	1.46153088041526	1.62663909637975e-23	Exon (ENST00000646051.1/105378350, exon 5 of 5)	10	71002920	71005788	2869	2	105378351	ENST00000819098.1	-70545	ENSG00000306492	LOC105378351	uncharacterized LOC105378351	NA	NA	NA
chr17	46875791	46878538	2748	*	peak_5852	1.1366574844166	1.76634192523941e-23	3' UTR	17	46851586	46886730	35145	1	7484	ENST00000393461.2	24205	ENSG00000158955	WNT9B	Wnt family member 9B	NA	NA	NA
chr3	195059895	195061559	1665	*	peak_11225	1.24548625251169	1.76634192523941e-23	Distal Intergenic	3	195069593	195087372	17780	2	152002	ENST00000460582.1	25813	ENSG00000173950	XXYLT1	xyloside xylosyltransferase 1	NA	NA	NA
chr8	143043817	143045821	2005	*	peak_14188	1.03002418177713	2.91813334509562e-23	Promoter	8	143040839	143045706	4868	2	105375795	ENST00000715551.1	0	ENSG00000291309	LY6S	lymphocyte antigen 6 family member S	NA	NA	NA
chr2	26961078	26962193	1116	*	peak_7668	1.18668152391907	3.10920097716664e-23	Intron (ENST00000416226.1/124905979, intron 1 of 1)	2	26970637	27022619	51983	1	22924	ENST00000494788.1	-8444	ENSG00000084764	MAPRE3	microtubule associated protein RP/EB family member 3	NA	NA	NA
chr17	81436555	81437976	1422	*	peak_6449	1.3528828025336	3.22336799166994e-23	Intron (ENST00000675386.2/57597, intron 3 of 27)	17	81443465	81444273	809	1	57597	ENST00000585224.1	-5489	ENSG00000266074	BAHCC1	BAH domain and coiled-coil containing 1	NA	NA	NA
chr2	26724580	26725997	1418	*	peak_7658	1.0349749764394	3.53076120146919e-23	Intron (ENST00000302909.4/3777, intron 1 of 1)	2	26692722	26733420	40699	1	3777	ENST00000302909.4	31858	ENSG00000171303	KCNK3	potassium two pore domain channel subfamily K member 3	NA	NA	NA
chr16	57507233	57508914	1682	*	peak_5159	1.53525252906322	4.3089996131947e-23	Distal Intergenic	16	57512387	57516582	4196	2	92922	ENST00000569068.1	7668	ENSG00000135736	CCDC102A	coiled-coil domain containing 102A	NA	NA	NA
chr5	140143530	140144450	921	*	peak_11976	1.89217212656615	6.60643910540924e-23	Distal Intergenic	5	140157295	140173051	15757	1	101929719	ENST00000719408.1	-12845	NA	LOC101929719	uncharacterized LOC101929719	NA	NA	NA
chr17	63495904	63498251	2348	*	peak_6054	1.17481960573162	6.9333868621011e-23	Promoter	17	63496140	63496985	846	1	1636	ENST00000582244.1	0	ENSG00000159640	ACE	angiotensin I converting enzyme	NA	NA	NA
chr10	79170267	79172501	2235	*	peak_1884	1.20768961513278	7.07353970358858e-23	Intron (ENST00000334512.10/57178, intron 4 of 24)	10	79243669	79291085	47417	1	57178	ENST00000472035.5	-71168	ENSG00000108175	ZMIZ1	zinc finger MIZ-type containing 1	NA	NA	NA
chr7	86175	88839	2665	*	peak_12720	1.12796333772898	8.48330664414678e-23	Intron (ENST00000821341.1/105375113, intron 1 of 3)	7	82189	83349	1161	1	101929756	ENST00000821641.1	3986	ENSG00000242611	LOC101929756	uncharacterized LOC101929756	NA	NA	NA
chr6	37570212	37571120	909	*	peak_12352	1.73114781004268	1.29233244839991e-22	Exon (ENST00000624365.1/ENST00000624365.1, exon 1 of 1)	6	37555365	37555422	58	2	100616413	ENST00000579627.1	-14790	ENSG00000263926	MIR4462	microRNA 4462	NA	NA	NA
chr22	50314110	50316904	2795	*	peak_10297	1.13960085382799	1.3499824350428e-22	Exon (ENST00000453835.1/ENST00000453835.1, exon 1 of 2)	22	50314203	50318967	4765	2	414918	ENST00000471942.6	2063	ENSG00000205593	DENND6B	DENN domain containing 6B	NA	NA	NA
chr6	34089782	34093611	3830	*	peak_12310	1.01536094161562	1.48637186433337e-22	Exon (ENST00000538487.7/2914, exon 3 of 11)	6	34040705	34100088	59384	2	2914	ENST00000609443.1	6477	ENSG00000124493	GRM4	glutamate metabotropic receptor 4	NA	NA	NA
chr7	44329108	44330516	1409	*	peak_12931	1.39263075365925	1.53590827007389e-22	Intron (ENST00000497584.5/816, intron 1 of 20)	7	44219493	44326207	106715	2	816	ENST00000700240.1	-2901	ENSG00000058404	CAMK2B	calcium/calmodulin dependent protein kinase II beta	NA	NA	NA
chr20	63159857	63161579	1723	*	peak_9385	1.27589807163506	1.76673874128118e-22	Distal Intergenic	20	63166008	63174047	8040	2	124904952	ENST00000691615.2	12468	NA	LOC124904952	uncharacterized LOC124904952	NA	NA	NA
chr3	38030465	38032222	1758	*	peak_10502	1.0602451930144	2.37372055032412e-22	Promoter	3	38007496	38029642	22147	2	5333	ENST00000334661.5	-823	ENSG00000187091	PLCD1	phospholipase C delta 1	NA	NA	NA
chr17	82305037	82306180	1144	*	peak_6480	1.33730968773008	2.37676259374242e-22	Distal Intergenic	17	82316220	82317550	1331	2	924	ENST00000581434.1	11370	ENSG00000173762	CD7	CD7 molecule	NA	NA	NA
chr8	135701064	135702290	1227	*	peak_13868	1.32569810933964	2.55806367486038e-22	Distal Intergenic	8	135646993	135656513	9521	1	10656	ENST00000522578.2	54071	ENSG00000131773	KHDRBS3	KH RNA binding domain containing, signal transduction associated 3	NA	NA	NA
chr17	18108013	18111287	3275	*	peak_5585	1.05898891458618	3.16947480656465e-22	Promoter	17	18108756	18179800	71045	1	51168	ENST00000647165.2	0	ENSG00000091536	MYO15A	myosin XVA	NA	NA	NA
chr8	134487590	134488924	1335	*	peak_13848	1.34710412250021	3.42803274151163e-22	Intron (ENST00000520356.5/57623, intron 13 of 13)	8	134478222	134510182	31961	2	57623	ENST00000521673.5	21258	ENSG00000066827	ZFAT	zinc finger and AT-hook domain containing	NA	NA	NA
chr19	10801972	10804243	2272	*	peak_6874	1.40568420075897	3.59112523826716e-22	Promoter	19	10804980	10831874	26895	1	1785	ENST00000681972.1	-737	ENSG00000079805	DNM2	dynamin 2	NA	NA	NA
chr4	8211428	8213711	2284	*	peak_11344	1.19126388170412	3.99572500381085e-22	3' UTR	4	8209664	8219472	9809	1	54436	ENST00000512100.5	1764	ENSG00000125089	SH3TC1	SH3 domain and tetratricopeptide repeats 1	NA	NA	NA
chr8	142154311	142155438	1128	*	peak_14100	1.17497859008759	5.48633974130736e-22	Intron (ENST00000748267.1/105375792, intron 2 of 5)	8	142176339	142176418	80	1	100616268	ENST00000584349.1	-20901	ENSG00000265247	MIR4472-1	microRNA 4472-1	NA	NA	NA
chr7	339595	340947	1353	*	peak_12730	1.45151835835912	5.66280187826112e-22	Exon (ENST00000791636.1/ENST00000791636.1, exon 2 of 2)	7	344861	346840	1980	2	124901809	ENST00000757428.1	5893	NA	LOC124901809	uncharacterized LOC124901809	NA	NA	NA
chr3	49659555	49662063	2509	*	peak_10673	1.13599343966648	5.92338193796189e-22	Exon (ENST00000296452.5/8927, exon 6 of 12)	3	49674014	49677025	3012	1	327	ENST00000449966.5	-11951	ENSG00000164062	APEH	acylaminoacyl-peptide hydrolase	NA	NA	NA
chr22	46612192	46613818	1627	*	peak_10236	1.10017671117438	6.01973392988604e-22	Intron (ENST00000447351.5/23151, intron 1 of 2)	22	46620386	46679785	59400	1	23151	ENST00000406902.6	-6568	ENSG00000075240	GRAMD4	GRAM domain containing 4	NA	NA	NA
chr22	23403601	23405850	2250	*	peak_9820	1.04431960012381	7.03138274022637e-22	Promoter	22	23390605	23402726	12122	2	150244	ENST00000433168.6	-875	ENSG00000290920	ZDHHC8BP	ZDHHC8B, pseudogene	NA	NA	NA
chr2	26488144	26490086	1943	*	peak_7644	1.09200987940829	7.58571680964338e-22	Exon (ENST00000272371.7/9381, exon 10 of 47)	2	26457203	26478124	20922	2	9381	ENST00000339598.8	-10020	ENSG00000115155	OTOF	otoferlin	NA	NA	NA
chr10	103707557	103709651	2095	*	peak_2073	1.23667470447771	9.55250078678658e-22	Intron (ENST00000369774.9/9644, intron 5 of 14)	10	103599520	103693623	94104	2	9644	ENST00000315994.6	-13934	ENSG00000107957	SH3PXD2A	SH3 and PX domains 2A	NA	NA	NA
chr6	31876983	31878229	1247	*	peak_12280	1.61859737405732	1.09299371596178e-21	Promoter	6	31877808	31884204	6397	1	107986588	ENST00000642849.1	0	ENSG00000237080	EHMT2-AS1	EHMT2 and SLC44A4 antisense RNA 1	NA	NA	NA
chr15	89757928	89759612	1685	*	peak_4598	1.55136342775336	1.09379598322372e-21	Promoter	15	89760591	89778754	18164	1	145873	ENST00000560219.2	-979	ENSG00000188095	MESP2	mesoderm posterior bHLH transcription factor 2	NA	NA	NA
chr1	41023408	41024204	797	*	peak_522	1.67882449210864	1.11513145950295e-21	Promoter	1	41015597	41023237	7641	2	200172	ENST00000359345.5	-171	ENSG00000171790	SLFNL1	schlafen like 1	NA	NA	NA
chr22	28004862	28006368	1507	*	peak_9925	1.22094091209018	1.12387951557854e-21	Intron (ENST00000428584.5/284900, intron 4 of 4)	22	27997411	28002588	5178	1	284900	ENST00000663167.1	7451	ENSG00000235954	TTC28-AS1	TTC28 antisense RNA 1	NA	NA	NA
chr11	69374033	69376601	2569	*	peak_2698	1.04473374808521	1.2639884825239e-21	Distal Intergenic	11	69341556	69367415	25860	1	105369370	ENST00000540356.1	32477	NA	LOC105369370	uncharacterized LOC105369370	NA	NA	NA
chr2	27076999	27077794	796	*	peak_7674	1.31514186125449	1.35384215234501e-21	Promoter	2	27078615	27086403	7789	1	11117	ENST00000380320.9	-821	ENSG00000138080	EMILIN1	elastin microfibril interfacer 1	NA	NA	NA
chr16	4690855	4692894	2040	*	peak_4783	1.10823510050818	1.3869833953293e-21	Promoter	16	4693562	4695844	2283	1	84309	ENST00000304301.11	-668	ENSG00000168101	NUDT16L1	nudix hydrolase 16 like 1	NA	NA	NA
chr5	154332104	154333197	1094	*	peak_12094	1.31544240416787	1.43207001813856e-21	Intron (ENST00000425427.6/55568, intron 4 of 6)	5	154347106	154347247	142	1	100302181	ENST00000408503.1	-13909	ENSG00000221430	MIR1294	microRNA 1294	NA	NA	NA
chr5	133290024	133291899	1876	*	peak_11876	1.05932764123291	1.4636539713005e-21	Intron (ENST00000265342.12/23105, intron 6 of 15)	5	133266585	133275977	9393	1	124901067	ENST00000507403.1	23439	ENSG00000250244	LOC124901067	uncharacterized LOC124901067	NA	NA	NA
chr8	142502695	142506651	3957	*	peak_14145	1.13917809634704	2.03959430250788e-21	Intron (ENST00000643448.1/575, intron 17 of 30)	8	142479120	142540020	60901	1	575	ENST00000518820.1	23575	ENSG00000181790	ADGRB1	adhesion G protein-coupled receptor B1	NA	NA	NA
chr10	103649261	103650695	1435	*	peak_2070	1.36723501070231	2.47221712096311e-21	Intron (ENST00000369774.9/9644, intron 8 of 14)	10	103601775	103661704	59930	2	9644	ENST00000420222.2	11009	ENSG00000107957	SH3PXD2A	SH3 and PX domains 2A	NA	NA	NA
chr17	80825242	80826869	1628	*	peak_6417	1.09834386933043	2.80017152321063e-21	Promoter	17	80824170	80826900	2731	2	124904076	ENST00000655216.1	31	ENSG00000287403	LOC124904076	uncharacterized LOC124904076	NA	NA	NA
chr8	142411548	142413343	1796	*	peak_14131	1.11563423078025	2.98464566439014e-21	Distal Intergenic	8	142344353	142403182	58830	2	203062	ENST00000518720.5	-8366	ENSG00000171045	TSNARE1	t-SNARE domain containing 1	NA	NA	NA
chr20	665209	666857	1649	*	peak_8774	1.37230341574621	3.33562111043176e-21	Intron (ENST00000755524.1/ENST00000755524.1, intron 1 of 2)	20	646626	675800	29175	2	140809	ENST00000488788.2	8943	ENSG00000271303	SRXN1	sulfiredoxin 1	NA	NA	NA
chr3	13339472	13341641	2170	*	peak_10413	1.44283986706318	3.43504281933195e-21	Promoter	3	13336809	13341141	4333	2	23225	ENST00000485755.1	0	ENSG00000132182	NUP210	nucleoporin 210	NA	NA	NA
chr12	3576756	3577613	858	*	peak_3040	1.41594632308234	3.47282928921229e-21	Exon (ENST00000452611.6/56341, exon 7 of 10)	12	3538214	3593973	55760	1	56341	ENST00000261252.4	38542	ENSG00000111218	PRMT8	protein arginine methyltransferase 8	NA	NA	NA
chr8	142094824	142096813	1990	*	peak_14092	1.01783192896596	3.47282928921229e-21	Distal Intergenic	8	142176339	142176418	80	1	100616268	ENST00000584349.1	-79526	ENSG00000265247	MIR4472-1	microRNA 4472-1	NA	NA	NA
chr22	23217904	23219056	1153	*	peak_9810	1.33555916402594	3.64158470289961e-21	Intron (ENST00000479188.5/613, intron 1 of 4)	22	23198332	23253833	55502	1	613	ENST00000487679.1	19572	ENSG00000186716	BCR	BCR activator of RhoGEF and GTPase	NA	NA	NA
chr22	39453649	39455060	1412	*	peak_10098	1.32087611997537	6.81923932839524e-21	Distal Intergenic	22	39457012	39492194	35183	1	4248	ENST00000341184.7	-1952	ENSG00000128268	MGAT3	beta-1,4-mannosyl-glycoprotein 4-beta-N-acetylglucosaminyltransferase	NA	NA	NA
chr16	70478141	70482205	4065	*	peak_5258	1.34058425643312	7.25979668587163e-21	Promoter	16	70480867	70482794	1928	2	25839	ENST00000565715.1	589	ENSG00000103051	COG4	component of oligomeric golgi complex 4	NA	NA	NA
chr2	96082847	96085095	2249	*	peak_8015	1.02280908369066	8.42491274215302e-21	Distal Intergenic	2	96051943	96066895	14953	2	105373494	ENST00000727484.1	-15952	NA	LOC105373494	uncharacterized LOC105373494	NA	NA	NA
chr10	79188888	79190421	1534	*	peak_1886	1.10792508870164	1.35783998617038e-20	Intron (ENST00000334512.10/57178, intron 4 of 24)	10	79243669	79291085	47417	1	57178	ENST00000472035.5	-53248	ENSG00000108175	ZMIZ1	zinc finger MIZ-type containing 1	NA	NA	NA
chr11	71363771	71365521	1751	*	peak_2751	1.46362158424613	1.40540824774783e-20	Distal Intergenic	11	71382601	71407772	25172	2	124902707	ENST00000460880.1	42251	NA	NA	NA	NA	NA	NA
chr1	46552691	46553849	1159	*	peak_625	1.40118167862854	1.48434348964961e-20	Intron (ENST00000657773.1/100507423, intron 2 of 5)	1	46545641	46551647	6007	2	148930	ENST00000481882.7	-1044	ENSG00000162456	KNCN	kinocilin	NA	NA	NA
chr3	126353645	126354488	844	*	peak_10945	1.33418584688544	1.69501026882572e-20	Promoter	3	126352675	126354285	1611	2	28999	ENST00000509675.1	0	ENSG00000163884	KLF15	KLF transcription factor 15	NA	NA	NA
chr12	31226340	31228106	1767	*	peak_3210	1.01474929952979	1.83997828177648e-20	Distal Intergenic	12	31112236	31201235	89000	2	144203	ENST00000641844.2	-25105	ENSG00000177359	OVOS2	alpha-2-macroglobulin like 1 pseudogene	NA	NA	NA
chr17	50619516	50621224	1709	*	peak_5946	1.12003033260995	1.9789780221265e-20	Exon (ENST00000359106.10/8913, exon 34 of 38)	17	50627032	50631977	4946	2	101927253	ENST00000502435.2	10753	ENSG00000251239	LOC101927253	uncharacterized LOC101927253	NA	NA	NA
chr8	143392505	143395214	2710	*	peak_14212	1.00568679050252	2.53896955125014e-20	Distal Intergenic	8	143408120	143419151	11032	1	104326051	ENST00000790480.1	-12906	ENSG00000254338	MAFA-AS1	MAFA antisense RNA 1	NA	NA	NA
chr19	44697375	44698919	1545	*	peak_7197	1.52552646488806	2.99586365386331e-20	Promoter	19	44699151	44710718	11568	1	388551	ENST00000587331.7	-232	ENSG00000213892	CEACAM16	CEA cell adhesion molecule 16, tectorial membrane component	NA	NA	NA
chr8	141173120	141175166	2047	*	peak_13965	1.02788325627001	3.13119870455425e-20	Promoter	8	141173505	141176652	3148	1	22898	ENST00000523066.1	0	ENSG00000105339	DENND3	DENN domain containing 3	NA	NA	NA
chr22	24162846	24167013	4168	*	peak_9842	1.0221007242978	3.32762227718046e-20	Promoter	22	24167223	24173398	6176	1	23523	ENST00000485008.1	-210	ENSG00000099991	CABIN1	calcineurin binding protein 1	NA	NA	NA
chr17	58302487	58303457	971	*	peak_6021	1.35588300373722	4.19287963541524e-20	Exon (ENST00000581692.2/ENST00000581692.2, exon 1 of 1)	17	58301231	58306357	5127	2	9256	ENST00000581675.5	2900	ENSG00000005379	TSPOAP1	TSPO associated protein 1	NA	NA	NA
chr16	1276910	1278949	2040	*	peak_4693	1.0908736263968	4.31926306819162e-20	Distal Intergenic	16	1291444	1325350	33907	1	7329	ENST00000711353.1	-12495	ENSG00000103275	UBE2I	ubiquitin conjugating enzyme E2 I	NA	NA	NA
chr10	69506499	69507518	1020	*	peak_1662	1.30801204303525	4.55639174507154e-20	Promoter	10	69505968	69507229	1262	1	23555	ENST00000470508.1	531	ENSG00000099282	TSPAN15	tetraspanin 15	NA	NA	NA
chr19	45056694	45057779	1086	*	peak_7201	1.28350368232928	5.17603534941224e-20	Exon (ENST00000221455.8/11129, exon 7 of 21)	19	45052800	45058253	5454	1	11129	ENST00000588016.1	3894	ENSG00000104859	CLASRP	CLK4 associating serine/arginine rich protein	NA	NA	NA
chr10	70532038	70533875	1838	*	peak_1702	1.37909677686874	5.75648507484987e-20	Exon (ENST00000263563.7/27143, exon 6 of 20)	10	70538172	70568378	30207	1	27143	ENST00000697574.1	-4297	ENSG00000107719	PALD1	phosphatase domain containing paladin 1	NA	NA	NA
chr10	102416299	102417662	1364	*	peak_2056	1.25669093724013	6.13481996395358e-20	5' UTR	10	102402619	102418785	16167	2	5662	ENST00000020673.6	1123	ENSG00000059915	PSD	pleckstrin and Sec7 domain containing	NA	NA	NA
chr22	46120914	46122961	2048	*	peak_10225	1.05453264007509	6.71059788848628e-20	Distal Intergenic	22	46129589	46144031	14443	1	124905137	ENST00000846781.1	-6628	NA	LOC124905137	uncharacterized LOC124905137	NA	NA	NA
chr10	49740032	49741712	1681	*	peak_1620	1.09650414220777	6.91902010343532e-20	Promoter	10	49734646	49739499	4854	2	55753	ENST00000490844.1	-533	ENSG00000197444	OGDHL	oxoglutarate dehydrogenase L	NA	NA	NA
chr10	71686692	71688449	1758	*	peak_1772	1.14104029557128	7.94009660279009e-20	Exon (ENST00000224721.12/64072, exon 19 of 70)	10	71712604	71742036	29433	1	64072	ENST00000398792.3	-24155	ENSG00000107736	CDH23	cadherin related 23	NA	NA	NA
chr5	132068277	132069974	1698	*	peak_11844	1.28679414089559	7.96174249989696e-20	Exon (ENST00000731280.1/ENST00000731280.1, exon 2 of 2)	5	132073789	132076170	2382	1	1437	ENST00000296871.4	-3815	ENSG00000164400	CSF2	colony stimulating factor 2	NA	NA	NA
chr9	121781208	121783450	2243	*	peak_14581	1.17524813006284	1.13180007968426e-19	3' UTR	9	121760340	121768526	8187	1	153090	ENST00000459906.1	20868	ENSG00000136848	DAB2IP	DAB2 interacting protein	NA	NA	NA
chr1	37434135	37435077	943	*	peak_469	1.16983877999173	1.1339830916146e-19	Intron (ENST00000744092.1/728431, intron 1 of 2)	1	37333698	37423903	90206	2	107984942	ENST00000744096.1	-10232	NA	LOC107984942	uncharacterized LOC107984942	NA	NA	NA
chr18	14503322	14504043	722	*	peak_6648	1.49114618571059	1.2538476221678e-19	Distal Intergenic	18	14492906	14499415	6510	2	440224	ENST00000740705.1	-3907	ENSG00000293262	CXADRP3	CXADR pseudogene 3	NA	NA	NA
chr13	113093695	113094921	1227	*	peak_3792	1.33210729524406	1.3400666802913e-19	Promoter	13	113093601	113098548	4948	1	23263	ENST00000469415.1	94	ENSG00000126217	MCF2L	MCF.2 cell line derived transforming sequence like	NA	NA	NA
chr3	50190936	50192071	1136	*	peak_10690	1.01405104232673	1.3400666802913e-19	Promoter	3	50191610	50197696	6087	1	2779	ENST00000232461.8	0	ENSG00000114349	GNAT1	G protein subunit alpha transducin 1	NA	NA	NA
chr17	74433424	74434077	654	*	peak_6231	1.19226819932553	1.47135946673329e-19	Promoter	17	74433697	74447028	13332	1	55890	ENST00000392629.3	0	ENSG00000170412	GPRC5C	G protein-coupled receptor class C group 5 member C	NA	NA	NA
chr17	50800676	50803036	2361	*	peak_5951	1.1338957418121	1.64397591883154e-19	Intron (ENST00000729388.1/ENST00000729388.1, intron 1 of 1)	17	50834650	50841308	6659	1	124857	ENST00000426127.1	-31614	ENSG00000173714	WFIKKN2	WAP, follistatin/kazal, immunoglobulin, kunitz and netrin domain containing 2	NA	NA	NA
chr22	29215333	29218347	3015	*	peak_9934	1.01240109277254	1.69048841100269e-19	Promoter	22	29215577	29233667	18091	1	129080	ENST00000484039.5	0	ENSG00000186998	EMID1	EMI domain containing 1	NA	NA	NA
chr17	82441476	82442960	1485	*	peak_6487	1.10406275362674	1.74215783071879e-19	3' UTR	17	82440114	82442352	2239	1	284004	ENST00000582131.1	1362	ENSG00000169660	HEXD	hexosaminidase D	NA	NA	NA
chr22	30396682	30398864	2183	*	peak_9950	1.04521204692076	1.74215783071879e-19	Promoter	22	30396941	30415865	18925	1	23541	ENST00000428195.5	0	ENSG00000100003	SEC14L2	SEC14 like lipid binding 2	NA	NA	NA
chr1	37029039	37030127	1089	*	peak_459	1.40145056239037	1.78097013055322e-19	Intron (ENST00000373091.8/2899, intron 1 of 15)	1	36804618	37034129	229512	2	2899	ENST00000373093.4	4002	ENSG00000163873	GRIK3	glutamate ionotropic receptor kainate type subunit 3	NA	NA	NA
chr9	93060939	93062978	2040	*	peak_14492	1.27201029919587	2.1255110187794e-19	Intron (ENST00000617293.4/203328, intron 1 of 3)	9	93058779	93084667	25889	1	203328	ENST00000465709.5	2160	ENSG00000157303	SUSD3	sushi domain containing 3	NA	NA	NA
chr22	19912312	19913140	829	*	peak_9671	1.04274723602556	2.22487451001655e-19	Intron (ENST00000400518.5/10587, intron 7 of 17)	22	19895016	19915789	20774	2	10587	ENST00000475995.3	2649	ENSG00000184470	TXNRD2	thioredoxin reductase 2	NA	NA	NA
chr3	50647406	50649994	2589	*	peak_10732	1.00867167567972	2.41259785311485e-19	3' UTR	3	50646212	50648627	2416	1	7867	ENST00000451680.1	1194	ENSG00000114738	MAPKAPK3	MAPK activated protein kinase 3	NA	NA	NA
chr16	56862055	56864044	1990	*	peak_5150	1.06995012792684	2.42675356863564e-19	Distal Intergenic	16	56865207	56913405	48199	1	6559	ENST00000566786.5	-1163	ENSG00000070915	SLC12A3	solute carrier family 12 member 3	NA	NA	NA
chr8	141277849	141279515	1667	*	peak_13973	1.06973427038701	2.60630673469994e-19	Exon (ENST00000520606.1/ENST00000520606.1, exon 1 of 2)	8	141254565	141256817	2253	1	105375787	ENST00000518520.1	23284	ENSG00000254019	SLC45A4-AS1	SLC45A4 antisense RNA 1	NA	NA	NA
chr12	125208773	125209719	947	*	peak_3533	1.68588539358178	3.03086334068657e-19	Intron (ENST00000682704.1/114795, intron 1 of 8)	12	125186386	125662369	475984	1	114795	ENST00000682704.1	22387	ENSG00000139364	TMEM132B	transmembrane protein 132B	NA	NA	NA
chr8	144382579	144383684	1106	*	peak_14248	1.6436005532434	3.03341530187237e-19	3' UTR	8	144374076	144391055	16980	1	203054	ENST00000526833.2	8503	ENSG00000173137	ADCK5	aarF domain containing kinase 5	NA	NA	NA
chr20	57839263	57840647	1385	*	peak_9265	1.16253694562152	3.44578901913469e-19	Distal Intergenic	20	57659550	57711536	51987	2	56937	ENST00000472841.1	-127727	ENSG00000124225	PMEPA1	prostate transmembrane protein, androgen induced 1	NA	NA	NA
chr12	132497193	132501953	4761	*	peak_3667	1.1865986875531	3.51011182582411e-19	Intron (ENST00000434748.2/57666, intron 1 of 16)	12	132507030	132511952	4923	1	57666	ENST00000542061.2	-5077	ENSG00000112787	FBRSL1	fibrosin like 1	NA	NA	NA
chr3	195816278	195818256	1979	*	peak_11235	1.12138485929143	4.01566262595133e-19	Distal Intergenic	3	195809644	195811973	2330	2	4585	ENST00000478685.1	-4305	ENSG00000145113	MUC4	mucin 4, cell surface associated	NA	NA	NA
chr3	134607357	134609376	2020	*	peak_11064	1.01134950608922	4.44648339714721e-19	Exon (ENST00000423778.7/339855, exon 10 of 11)	3	134615365	134951651	336287	1	2047	ENST00000460895.5	-5989	ENSG00000154928	EPHB1	EPH receptor B1	NA	NA	NA
chr7	44096205	44097590	1386	*	peak_12919	1.27321199612231	4.71249918656124e-19	Distal Intergenic	7	44104345	44114560	10216	1	165	ENST00000223357.8	-6755	ENSG00000106624	AEBP1	AE binding protein 1	NA	NA	NA
chr2	71583304	71584901	1598	*	peak_7932	1.31805332981431	5.51093543025e-19	Intron (ENST00000258104.8/8291, intron 30 of 54)	2	71588705	71600842	12138	1	8291	ENST00000493767.1	-3804	ENSG00000135636	DYSF	dysferlin	NA	NA	NA
chr3	50559268	50560507	1240	*	peak_10725	1.34454333960345	8.37083306080135e-19	3' UTR	3	50559525	50561911	2387	2	51161	ENST00000422619.1	1404	ENSG00000088543	C3orf18	chromosome 3 open reading frame 18	NA	NA	NA
chr16	4293606	4294659	1054	*	peak_4768	1.39227879042012	8.44623444113366e-19	Distal Intergenic	16	4314761	4339597	24837	1	84662	ENST00000262366.7	-20102	ENSG00000126603	GLIS2	GLIS family zinc finger 2	NA	NA	NA
chr1	30082221	30084098	1878	*	peak_345	1.09187184847351	9.81674683839467e-19	Distal Intergenic	1	30013952	30037612	23661	2	101929406	ENST00000445180.2	-44609	ENSG00000233399	LINC01648	long intergenic non-protein coding RNA 1648	NA	NA	NA
chr1	23215593	23216528	936	*	peak_224	1.44871330532117	1.16510866112531e-18	Promoter	1	23191895	23217502	25608	2	3352	ENST00000374619.2	974	ENSG00000179546	HTR1D	5-hydroxytryptamine receptor 1D	NA	NA	NA
chr1	154866610	154867651	1042	*	peak_950	1.14606017656122	1.57972099552589e-18	Promoter	1	154707952	154868319	160368	2	3782	ENST00000358505.2	668	ENSG00000143603	KCNN3	potassium calcium-activated channel subfamily N member 3	NA	NA	NA
chr17	73497516	73498753	1238	*	peak_6187	1.26271497988523	1.57972099552589e-18	Intron (ENST00000392650.8/54549, intron 2 of 44)	17	73504340	73507594	3255	2	54549	ENST00000585283.1	8841	ENSG00000069188	SDK2	sidekick cell adhesion molecule 2	NA	NA	NA
chr5	134585892	134587491	1600	*	peak_11923	1.0526903107142	1.9967516321471e-18	Distal Intergenic	5	134564172	134575737	11566	1	23338	ENST00000470876.1	21720	ENSG00000043143	JADE2	jade family PHD finger 2	NA	NA	NA
chr17	79534816	79536166	1351	*	peak_6379	1.04035522321018	2.13554476657863e-18	Intron (ENST00000693108.1/146713, intron 1 of 14)	17	79090816	79516148	425333	2	146713	ENST00000580155.5	-18668	ENSG00000167281	RBFOX3	RNA binding fox-1 homolog 3	NA	NA	NA
chr2	120388734	120389975	1242	*	peak_8217	1.12687285192898	2.4708373986927e-18	Distal Intergenic	2	120346136	120351803	5668	1	3625	ENST00000295228.4	42598	ENSG00000163083	INHBB	inhibin subunit beta B	NA	NA	NA
chr5	135062100	135065761	3662	*	peak_11928	1.00870592694726	3.46086249435973e-18	Intron (ENST00000624272.3/100996485, intron 2 of 5)	5	135038831	135040047	1217	2	101927953	ENST00000507035.2	-22053	ENSG00000249082	EPIST	esophagus epithelial intergenic associated transcript	NA	NA	NA
chr17	74853782	74856450	2669	*	peak_6263	1.18004942490792	3.65682021983255e-18	5' UTR	17	74843364	74859872	16509	2	2905	ENST00000584176.1	3422	ENSG00000161509	GRIN2C	glutamate ionotropic receptor NMDA type subunit 2C	NA	NA	NA
chr15	79066029	79067721	1693	*	peak_4519	1.05111516172928	3.66861601666288e-18	Intron (ENST00000558480.7/5923, intron 1 of 26)	15	78978380	79064663	86284	2	5923	ENST00000560334.5	-1366	ENSG00000058335	RASGRF1	Ras protein specific guanine nucleotide releasing factor 1	NA	NA	NA
chr3	184227457	184228646	1190	*	peak_11165	1.27793897412632	4.41708737326092e-18	Promoter	3	184229585	184242329	12745	1	90113	ENST00000691901.1	-939	ENSG00000145198	VWA5B2	von Willebrand factor A domain containing 5B2	NA	NA	NA
chr16	11391668	11392827	1160	*	peak_4875	1.35189710862508	5.44792728900137e-18	Promoter	16	11372015	11392065	20051	2	400499	ENST00000599216.5	0	ENSG00000188897	LOC400499	putative uncharacterized protein LOC400499	NA	NA	NA
chr22	42356877	42358283	1407	*	peak_10137	1.22946518846625	5.44895448477812e-18	Distal Intergenic	22	42364402	42369208	4807	2	102723775	ENST00000412060.1	10925	ENSG00000229891	LINC01315	long intergenic non-protein coding RNA 1315	NA	NA	NA
chr10	44260397	44262384	1988	*	peak_1496	1.06986216495024	5.8266833048927e-18	Exon (ENST00000437014.1/ENST00000437014.1, exon 1 of 2)	10	44292262	44294371	2110	1	100130539	ENST00000623589.2	-29878	NA	LINC02881	long intergenic non-protein coding RNA 2881	NA	NA	NA
chr22	43246813	43247987	1175	*	peak_10163	1.30975698462245	6.93638128663179e-18	Intron (ENST00000360835.9/80274, intron 6 of 21)	22	43231756	43262799	31044	2	80274	ENST00000449304.5	14812	ENSG00000159307	SCUBE1	signal peptide, CUB domain and EGF like domain containing 1	NA	NA	NA
chr19	46990161	46991619	1459	*	peak_7233	1.18596754792702	7.02780415731865e-18	Promoter	19	46989584	46997750	8167	1	2909	ENST00000596593.1	577	ENSG00000160007	ARHGAP35	Rho GTPase activating protein 35	NA	NA	NA
chr19	35852334	35852939	606	*	peak_7074	1.53506142700802	7.19086751736682e-18	Promoter	19	35825372	35852504	27133	2	4868	ENST00000378910.10	0	ENSG00000161270	NPHS1	NPHS1 adhesion molecule, nephrin	NA	NA	NA
chr17	79005223	79006592	1370	*	peak_6331	1.02605157809483	8.06882142040217e-18	Promoter	17	78997666	79006213	8548	2	124583	ENST00000592887.1	0	ENSG00000171302	CANT1	calcium activated nucleotidase 1	NA	NA	NA
chr10	46520394	46521293	900	*	peak_1536	1.09177542727775	1.00374769757117e-17	Intron (ENST00000616785.1/643650, intron 3 of 3)	10	46540870	46542644	1775	1	124902419	ENST00000728668.1	-19577	NA	LOC124902419	uncharacterized LOC124902419	NA	NA	NA
chr10	43081335	43083750	2416	*	peak_1451	1.06498556885807	1.02617507109888e-17	Intron (ENST00000671844.1/5979, intron 1 of 15)	10	43077086	43130271	53186	1	5979	ENST00000615310.5	4249	ENSG00000165731	RET	ret proto-oncogene	NA	NA	NA
chr2	238566719	238568278	1560	*	peak_8674	1.00046550482635	1.15270050953918e-17	Intron (ENST00000653335.1/105373962, intron 1 of 2)	2	238510690	238555054	44365	2	151171	ENST00000446979.1	-11665	ENSG00000225493	LINC01107	long intergenic non-protein coding RNA 1107	NA	NA	NA
chr22	42386468	42388171	1704	*	peak_10139	1.0423092801318	1.15270050953918e-17	Exon (ENST00000329021.10/150372, exon 5 of 6)	22	42364387	42369300	4914	2	102723775	ENST00000653912.3	-17168	ENSG00000229891	LINC01315	long intergenic non-protein coding RNA 1315	NA	NA	NA
chr10	77603331	77604296	966	*	peak_1828	1.27451047735591	1.24333502136893e-17	Intron (ENST00000639601.1/3778, intron 1 of 27)	10	77011994	77637335	625342	2	3778	ENST00000638249.1	33039	ENSG00000156113	KCNMA1	potassium calcium-activated channel subfamily M alpha 1	NA	NA	NA
chr22	37751464	37753102	1639	*	peak_10058	1.08502732820521	1.89321618590316e-17	Promoter	22	37744315	37751839	7525	2	102724378	ENST00000825465.1	0	NA	LOC102724378	uncharacterized LOC102724378	NA	NA	NA
chr10	47358508	47360887	2380	*	peak_1570	1.03667515969937	1.91708274333395e-17	Distal Intergenic	10	47348363	47357881	9519	1	5949	ENST00000584701.2	10145	ENSG00000265203	RBP3	retinol binding protein 3	NA	NA	NA
chr22	40033115	40034770	1656	*	peak_10115	1.20766403531654	2.09549176007996e-17	3' UTR	22	40042688	40044586	1899	2	114841040	ENST00000569912.3	9816	NA	TNRC6B-DT	TNRC6B divergent transcript	NA	NA	NA
chr17	74210685	74212049	1365	*	peak_6217	1.11045753056373	2.23381318395999e-17	Promoter	17	74188214	74212759	24546	2	85001	ENST00000764636.1	710	ENSG00000246731	MGC16275	uncharacterized protein MGC16275	NA	NA	NA
chr22	41326332	41327580	1249	*	peak_10122	1.06847859893539	2.2339037581657e-17	Exon (ENST00000352645.5/23264, exon 5 of 23)	22	41301715	41336843	35129	1	23264	ENST00000486331.1	24617	ENSG00000100403	ZC3H7B	zinc finger CCCH-type containing 7B	NA	NA	NA
chr6	39204228	39206000	1773	*	peak_12360	1.12178256931842	2.63720232280462e-17	Intron (ENST00000359534.4/8645, intron 1 of 4)	6	39188971	39229475	40505	2	8645	ENST00000359534.4	23475	ENSG00000164626	KCNK5	potassium two pore domain channel subfamily K member 5	NA	NA	NA
chr19	33279636	33280415	780	*	peak_7031	1.37275574925453	2.91348715147036e-17	Intron (ENST00000821118.1/ENST00000821118.1, intron 1 of 1)	19	33299934	33302534	2601	2	1050	ENST00000498907.3	22119	ENSG00000245848	CEBPA	CCAAT enhancer binding protein alpha	NA	NA	NA
chr19	30131180	30133367	2188	*	peak_7005	1.02354202690599	3.47986620148851e-17	Distal Intergenic	19	30078133	30085893	7761	1	107985271	ENST00000660929.1	53047	NA	LOC107985271	uncharacterized LOC107985271	NA	NA	NA
chr10	132655672	132657546	1875	*	peak_2264	1.08977058380352	3.70987862718084e-17	Intron (ENST00000368594.8/3632, intron 4 of 15)	10	132690392	132727349	36958	1	3632	ENST00000487614.1	-32846	ENSG00000068383	INPP5A	inositol polyphosphate-5-phosphatase A	NA	NA	NA
chr20	32546633	32547935	1303	*	peak_8991	1.01437083562859	4.08432601440823e-17	Intron (ENST00000621426.7/140688, intron 1 of 10)	20	32537066	32541426	4361	1	105372592	ENST00000788320.1	9567	NA	LOC105372592	uncharacterized LOC105372592	NA	NA	NA
chrX	48601123	48602136	1014	*	peak_14737	1.34398284065036	4.46470806668667e-17	Promoter	23	48600582	48604892	4311	1	64743	ENST00000482760.3	541	ENSG00000101940	WDR13	WD repeat domain 13	NA	NA	NA
chr18	14867779	14868319	541	*	peak_6652	1.53540112424201	4.55455570854716e-17	Distal Intergenic	18	14877611	14884052	6442	1	105372009	ENST00000582962.1	-9292	ENSG00000265786	LINC01906	long intergenic non-protein coding RNA 1906	NA	NA	NA
chr16	2161005	2163998	2994	*	peak_4720	1.07265776414685	4.97755435148069e-17	Promoter	16	2163542	2171356	7815	1	84231	ENST00000567645.2	0	ENSG00000131653	TRAF7	TNF receptor associated factor 7	NA	NA	NA
chr16	67856935	67858115	1181	*	peak_5238	1.31076423825359	5.70316849791175e-17	Intron (ENST00000700610.1/10204, intron 1 of 3)	16	67834034	67847811	13778	2	80152	ENST00000568765.5	-9124	ENSG00000102901	CENPT	centromere protein T	NA	NA	NA
chr1	44831538	44832580	1043	*	peak_605	1.13691967423224	6.35861462167187e-17	Exon (ENST00000447098.7/8643, exon 3 of 23)	1	44819844	44823260	3417	2	8643	ENST00000438067.5	-8278	ENSG00000117425	PTCH2	patched 2	NA	NA	NA
chr17	74367125	74368116	992	*	peak_6227	1.44935129985884	7.34659751902938e-17	Promoter	17	74367458	74371840	4383	1	350383	ENST00000585308.6	0	ENSG00000257008	GPR142	G protein-coupled receptor 142	NA	NA	NA
chr1	44282562	44284463	1902	*	peak_592	1.09691723258217	7.44487148485441e-17	Exon (ENST00000456170.6/79033, exon 5 of 7)	1	44221593	44256921	35329	2	79033	ENST00000462341.1	-25641	ENSG00000117419	ERI3	ERI1 exoribonuclease family member 3	NA	NA	NA
chr8	143093957	143095652	1696	*	peak_14190	1.06323175720365	7.44487148485441e-17	Distal Intergenic	8	143080630	143083486	2857	1	101928108	ENST00000562505.2	13327	ENSG00000261667	LY6L	lymphocyte antigen 6 family member L	NA	NA	NA
chr1	159861320	159863481	2162	*	peak_985	1.11258890869329	7.61391094535624e-17	Promoter	1	159854316	159862657	8342	2	391123	ENST00000368100.1	0	ENSG00000243284	VSIG8	V-set and immunoglobulin domain containing 8	NA	NA	NA
chr3	53147142	53148306	1165	*	peak_10770	1.48851330421752	7.69656806554129e-17	Distal Intergenic	3	53156009	53179694	23686	1	5580	ENST00000478843.5	-7703	ENSG00000163932	PRKCD	protein kinase C delta	NA	NA	NA
chr10	70508866	70509864	999	*	peak_1701	1.01593470899863	8.24393251004002e-17	Intron (ENST00000263563.7/27143, intron 1 of 19)	10	70538172	70568378	30207	1	27143	ENST00000697574.1	-28308	ENSG00000107719	PALD1	phosphatase domain containing paladin 1	NA	NA	NA
chr2	218004066	218005211	1146	*	peak_8526	1.07927445936506	9.55397702346046e-17	Intron (ENST00000646520.1/7145, intron 1 of 32)	2	217848176	218002995	154820	2	7145	ENST00000446903.5	-1071	ENSG00000079308	TNS1	tensin 1	NA	NA	NA
chr12	132318245	132320196	1952	*	peak_3657	1.17894161100407	9.7201727355313e-17	Intron (ENST00000328957.13/50614, intron 1 of 10)	12	132247440	132329349	81910	2	50614	ENST00000424720.6	9153	ENSG00000182870	GALNT9	polypeptide N-acetylgalactosaminyltransferase 9	NA	NA	NA
chr8	143787471	143789828	2358	*	peak_14227	1.13613714520894	2.08427250178384e-16	Promoter	8	143788920	143790135	1216	1	642574	ENST00000534089.5	0	ENSG00000203499	IQANK1	IQ motif and ankyrin repeat containing 1	NA	NA	NA
chr11	64787709	64789034	1326	*	peak_2600	1.14147065951316	2.4581108465687e-16	3' UTR	11	64789137	64796498	7362	2	5871	ENST00000424945.5	7464	ENSG00000168067	MAP4K2	mitogen-activated protein kinase kinase kinase kinase 2	NA	NA	NA
chr3	12807725	12809860	2136	*	peak_10383	1.12937602180604	2.86624485626204e-16	Promoter	3	12807133	12810153	3021	1	23066	ENST00000466558.1	592	ENSG00000144712	CAND2	cullin associated and neddylation dissociated 2 (putative)	NA	NA	NA
chr8	141332789	141334122	1334	*	peak_13980	1.0174737892708	3.54578133739474e-16	Distal Intergenic	8	141340505	141344623	4119	1	731779	ENST00000521073.7	-6383	ENSG00000253595	LINC01300	long intergenic non-protein coding RNA 1300	NA	NA	NA
chr8	141577404	141578412	1009	*	peak_14015	1.14761110676511	4.74374084086945e-16	Distal Intergenic	8	141514671	141518729	4059	1	122455339	ENST00000643770.2	62733	ENSG00000226490	C8orf90	chromosome 8 open reading frame 90	NA	NA	NA
chr11	61595173	61596687	1515	*	peak_2532	1.06435170391399	5.64180955799696e-16	Promoter	11	61594780	61608117	13338	1	101927495	ENST00000821436.1	393	ENSG00000250230	LOC101927495	uncharacterized LOC101927495	NA	NA	NA
chr16	2423843	2424983	1141	*	peak_4728	1.2563031745775	5.98208478388616e-16	Exon (ENST00000469908.5/650655, exon 15 of 17)	16	2429394	2458851	29458	1	899	ENST00000293968.11	-4411	ENSG00000162063	CCNF	cyclin F	NA	NA	NA
chr8	144242885	144243989	1105	*	peak_14243	1.05955184411411	6.44920410044156e-16	Exon (ENST00000532255.5/727957, exon 23 of 31)	8	144239112	144261925	22814	1	727957	ENST00000544576.1	3773	ENSG00000179832	MROH1	maestro heat like repeat family member 1	NA	NA	NA
chrX	153667444	153668865	1422	*	peak_14802	1.17859246055083	6.49438715864495e-16	Distal Intergenic	23	153669735	153670831	1097	2	139728	ENST00000438984.5	1966	ENSG00000130822	PNCK	pregnancy up-regulated nonubiquitous CaM kinase	NA	NA	NA
chr3	46716854	46717517	664	*	peak_10598	1.16862039993841	8.41956850485566e-16	Promoter	3	46712117	46717869	5753	2	29122	ENST00000315170.13	352	ENSG00000283706	PRSS50	serine protease 50	NA	NA	NA
chr16	28126773	28127892	1120	*	peak_5003	1.44148474587242	9.38950212348403e-16	Intron (ENST00000304658.10/23214, intron 12 of 23)	16	28117037	28132363	15327	2	23214	ENST00000562408.1	4471	ENSG00000169180	XPO6	exportin 6	NA	NA	NA
chr1	203277936	203279019	1084	*	peak_1136	1.26784020159092	9.40093976821084e-16	Intron (ENST00000666545.1/100506775, intron 1 of 3)	1	203282151	203288785	6635	1	100506775	ENST00000779122.1	-3132	ENSG00000231507	LINC01353	long intergenic non-protein coding RNA 1353	NA	NA	NA
chr22	37496178	37497131	954	*	peak_10053	1.3175823641934	1.04413442526113e-15	Promoter	22	37490362	37496780	6419	2	29775	ENST00000488141.5	0	ENSG00000100065	CARD10	caspase recruitment domain family member 10	NA	NA	NA
chr1	23639210	23640299	1090	*	peak_231	1.06075550316323	1.14099329592773e-15	Exon (ENST00000477916.5/259283, exon 6 of 7)	1	23627370	23640568	13199	1	259283	ENST00000686679.2	11840	ENSG00000197880	MDS2	myelodysplastic syndrome 2 translocation associated	NA	NA	NA
chr20	58181396	58182111	716	*	peak_9275	1.2512777089753	1.71923838016073e-15	Distal Intergenic	20	58164034	58179719	15686	2	105372694	ENST00000819337.1	-1677	ENSG00000306557	LOC105372694	uncharacterized LOC105372694	NA	NA	NA
chr12	111272557	111273428	872	*	peak_3413	1.23532349038422	1.9724203596801e-15	Intron (ENST00000261726.11/23316, intron 4 of 21)	12	111285229	111296408	11180	2	105369983	ENST00000805025.1	22980	ENSG00000304623	LOC105369983	uncharacterized LOC105369983	NA	NA	NA
chr9	36849055	36850576	1522	*	peak_14343	1.05553392949898	2.00592133702974e-15	Intron (ENST00000358127.9/5079, intron 8 of 9)	9	36864254	36864308	55	2	100616278	ENST00000583532.1	13732	ENSG00000264922	MIR4540	microRNA 4540	NA	NA	NA
chr16	12087459	12088411	953	*	peak_4890	1.07347646347954	2.0654476573187e-15	Exon (ENST00000312019.2/642696, exon 2 of 2)	16	12086746	12090302	3557	2	642696	ENST00000312019.2	1891	NA	LOC642696	uncharacterized LOC642696	NA	NA	NA
chr8	127910770	127912050	1281	*	peak_13739	1.16833115570594	2.34301620407737e-15	Exon (ENST00000658242.2/ENST00000658242.2, exon 1 of 3)	8	127916449	127943001	26553	1	5820	ENST00000669407.2	-4399	ENSG00000249859	PVT1	Pvt1 oncogene	NA	NA	NA
chr3	13273120	13274831	1712	*	peak_10409	1.10923104481829	2.62978203757468e-15	Intron (ENST00000648114.1/9922, intron 1 of 15)	3	12900753	13283281	382529	2	9922	ENST00000648114.1	8450	ENSG00000144711	IQSEC1	IQ motif and Sec7 domain ArfGEF 1	NA	NA	NA
chr12	6116192	6116989	798	*	peak_3073	1.11999649675502	3.13651571643935e-15	Intron (ENST00000261405.10/7450, intron 3 of 51)	12	6122724	6124665	1942	2	7450	ENST00000540192.1	7676	ENSG00000110799	VWF	von Willebrand factor	NA	NA	NA
chr8	143903759	143904311	553	*	peak_14230	1.22002401525755	4.3953907007988e-15	Exon (ENST00000835566.1/ENST00000835566.1, exon 1 of 3)	8	143845323	143879243	33921	2	83481	ENST00000813856.1	-24516	ENSG00000261150	EPPK1	epiplakin 1	NA	NA	NA
chr20	32677216	32678331	1116	*	peak_8998	1.36855599363729	6.69487731954387e-15	Intron (ENST00000642484.1/284805, intron 8 of 9)	20	32631625	32673941	42317	2	284805	ENST00000608990.6	-3275	ENSG00000198547	C20orf203	chromosome 20 open reading frame 203	NA	NA	NA
chr22	22032105	22033294	1190	*	peak_9736	1.03359734517295	6.85608557350889e-15	Exon (ENST00000519525.1/ENST00000519525.1, exon 1 of 2)	22	21991099	22043858	52760	2	649179	ENST00000419303.5	10564	ENSG00000290847	PRAMENP	PRAME N-terminal like, pseudogene	NA	NA	NA
chr16	66370509	66371792	1284	*	peak_5200	1.11887507421167	7.00522455365664e-15	Intron (ENST00000565334.5/1003, intron 1 of 9)	16	66366715	66404767	38053	1	1003	ENST00000649567.1	3794	ENSG00000179776	CDH5	cadherin 5	NA	NA	NA
chr19	39154795	39155647	853	*	peak_7103	1.98647819605264	7.24981849636499e-15	Intron (ENST00000602004.1/10298, intron 1 of 2)	19	39156702	39173651	16950	1	10298	ENST00000599657.5	-1055	ENSG00000130669	PAK4	p21 (RAC1) activated kinase 4	NA	NA	NA
chr1	1597507	1599189	1683	*	peak_4	1.11958209243188	9.81841410347677e-15	Promoter	1	1598012	1600135	2124	2	643988	ENST00000422725.4	946	ENSG00000228594	FNDC10	fibronectin type III domain containing 10	NA	NA	NA
chr3	52253273	52254004	732	*	peak_10756	1.1951486732691	9.81841410347677e-15	Exon (ENST00000816808.1/ENST00000816808.1, exon 1 of 1)	3	52248961	52249790	830	1	132160	ENST00000443681.1	4312	ENSG00000164088	PPM1M	protein phosphatase, Mg2+/Mn2+ dependent 1M	NA	NA	NA
chr10	73876135	73877118	984	*	peak_1806	1.3813088579991	1.15965076919193e-14	Distal Intergenic	10	73815015	73874591	59577	2	818	ENST00000680035.1	-1544	ENSG00000148660	CAMK2G	calcium/calmodulin dependent protein kinase II gamma	NA	NA	NA
chr2	120597340	120599206	1867	*	peak_8234	1.15197524380012	1.16254173898686e-14	Exon (ENST00000800022.1/ENST00000800022.1, exon 1 of 2)	2	120552781	120558119	5339	2	105373585	ENST00000432474.2	-39221	NA	LOC105373585	uncharacterized LOC105373585	NA	NA	NA
chr17	74711148	74711793	646	*	peak_6258	1.06105039749844	1.20483246995459e-14	Intron (ENST00000340415.7/326624, intron 1 of 7)	17	74694317	74712923	18607	2	146722	ENST00000326165.11	1130	ENSG00000186074	CD300LF	CD300 molecule like family member f	NA	NA	NA
chr4	959047	961158	2112	*	peak_11268	1.09818692022392	1.3067190880257e-14	3' UTR	4	960615	962440	1826	2	1609	ENST00000515182.1	1282	ENSG00000145214	DGKQ	diacylglycerol kinase theta	NA	NA	NA
chr19	46372845	46374422	1578	*	peak_7228	1.0026020588234	1.38345467335451e-14	Intron (ENST00000012443.9/5536, intron 2 of 12)	19	46375604	46376703	1100	1	5536	ENST00000467902.2	-1182	ENSG00000011485	PPP5C	protein phosphatase 5 catalytic subunit	NA	NA	NA
chr1	4731498	4732917	1420	*	peak_31	1.1044830637804	1.47158593276938e-14	Exon (ENST00000658045.1/ENST00000658045.1, exon 2 of 2)	1	4711155	4712165	1011	1	55966	ENST00000466761.1	20343	ENSG00000196581	AJAP1	adherens junctions associated protein 1	NA	NA	NA
chr10	69516133	69518028	1896	*	peak_1663	1.08439754179314	1.67851644109885e-14	Intron (ENST00000654329.1/23555, intron 1 of 2)	10	69510166	69544257	34092	1	23555	ENST00000654329.1	5967	ENSG00000099282	TSPAN15	tetraspanin 15	NA	NA	NA
chr22	37052069	37054923	2855	*	peak_10034	1.00126152484853	1.99241191111628e-14	Promoter	22	37052170	37053195	1026	1	79734	ENST00000431531.1	0	ENSG00000100379	KCTD17	potassium channel tetramerization domain containing 17	NA	NA	NA
chr2	232329901	232330876	976	*	peak_8599	1.14907823649874	2.7105208259207e-14	3' UTR	2	232328508	232336976	8469	1	129563	ENST00000429283.2	1393	ENSG00000144535	DIS3L2	DIS3 like 3'-5' exoribonuclease 2	NA	NA	NA
chr15	88652627	88653965	1339	*	peak_4584	1.14585783319435	3.44774424935446e-14	Promoter	15	88652036	88655625	3590	1	3669	ENST00000546338.2	591	ENSG00000172183	ISG20	interferon stimulated exonuclease gene 20	NA	NA	NA
chr15	42689380	42691031	1652	*	peak_4279	1.18605722641919	4.09282460488627e-14	Promoter	15	42689595	42720859	31265	1	57519	ENST00000562619.1	0	ENSG00000159433	STARD9	StAR related lipid transfer domain containing 9	NA	NA	NA
chr2	74379693	74380998	1306	*	peak_7959	1.02552658818881	4.16761419752107e-14	Promoter	2	74361154	74380355	19202	2	1639	ENST00000361874.8	0	ENSG00000204843	DCTN1	dynactin subunit 1	NA	NA	NA
chr8	27558340	27559351	1012	*	peak_13422	1.26705922921555	6.18046889276216e-14	Distal Intergenic	8	27592151	27595669	3519	1	124901919	ENST00000774582.1	-32800	NA	LOC124901919	uncharacterized LOC124901919	NA	NA	NA
chr17	16988092	16989436	1345	*	peak_5549	1.05617574536813	6.87126348987934e-14	Promoter	17	16988329	16990177	1849	1	105371562	ENST00000419151.2	0	ENSG00000230969	LINC02090	long intergenic non-protein coding RNA 2090	NA	NA	NA
chr20	45313421	45314511	1091	*	peak_9091	1.2442956025932	9.07835130780296e-14	Promoter	20	45314035	45316959	2925	1	11317	ENST00000464504.2	0	ENSG00000124232	RBPJL	recombination signal binding protein for immunoglobulin kappa J region like	NA	NA	NA
chr1	11316303	11317358	1056	*	peak_97	1.0268581763978	1.11499394535407e-13	Intron (ENST00000719689.1/105376737, intron 1 of 2)	1	11311734	11319093	7360	2	105376737	ENST00000641979.1	1735	NA	LOC105376737	uncharacterized LOC105376737	NA	NA	NA
chr22	41762857	41763445	589	*	peak_10128	1.83861446227187	1.20194810022844e-13	Exon (ENST00000401548.8/150365, exon 19 of 31)	22	41753583	41758478	4896	1	150365	ENST00000460702.1	9274	ENSG00000167077	MEI1	meiotic double-stranded break formation protein 1	NA	NA	NA
chr9	90882756	90883982	1227	*	peak_14471	1.145778529984	1.20814514895614e-13	Intron (ENST00000375751.8/6850, intron 10 of 12)	9	90827488	90898549	71062	1	6850	ENST00000375746.1	55268	ENSG00000165025	SYK	spleen associated tyrosine kinase	NA	NA	NA
chr17	79025070	79025847	778	*	peak_6332	1.14037612523912	1.33242536990515e-13	Promoter	17	79025663	79049788	24126	1	114897	ENST00000392445.6	0	ENSG00000173918	C1QTNF1	C1q and TNF related 1	NA	NA	NA
chr20	63951771	63952395	625	*	peak_9417	1.21797243051583	1.48997404550459e-13	Promoter	20	63939924	63951126	11203	2	54963	ENST00000369908.9	-645	ENSG00000198276	UCKL1	uridine-cytidine kinase 1 like 1	NA	NA	NA
chr2	121235620	121238492	2873	*	peak_8264	1.01179678312237	2.30086703126338e-13	Exon (ENST00000263707.6/29842, exon 9 of 15)	2	121224164	121234274	10111	2	29842	ENST00000464621.1	-1346	ENSG00000115112	TFCP2L1	transcription factor CP2 like 1	NA	NA	NA
chr5	133579884	133581097	1214	*	peak_11895	1.19130077013798	2.46005614416133e-13	Intron (ENST00000265342.12/23105, intron 2 of 15)	5	133316597	133583641	267045	2	23105	ENST00000510685.1	2544	ENSG00000053108	FSTL4	follistatin like 4	NA	NA	NA
chr1	41282186	41282940	755	*	peak_524	1.06600369794375	2.61591918752533e-13	Intron (ENST00000657314.1/124904159, intron 1 of 1)	1	41302918	41305966	3049	2	124904158	ENST00000670055.3	23026	ENSG00000291157	LOC124904158	uncharacterized LOC124904158	NA	NA	NA
chr15	77942062	77942413	352	*	peak_4498	1.80621634101674	3.01118879069524e-13	Promoter	15	77940315	77942453	2139	2	440292	ENST00000724231.1	40	NA	COMMD4P1	COMM domain containing 4 pseudogene 1	NA	NA	NA
chr6	44185888	44186679	792	*	peak_12425	1.04177131082529	3.51490673159785e-13	Distal Intergenic	6	44176616	44183267	6652	1	11131	ENST00000533604.1	9272	ENSG00000137225	CAPN11	calpain 11	NA	NA	NA
chr1	45349002	45349970	969	*	peak_609	1.26893088987875	4.3150390268074e-13	Intron (ENST00000671898.1/4595, intron 5 of 20)	1	45341296	45342859	1564	1	114034	ENST00000460057.1	7706	ENSG00000132773	TOE1	target of EGR1, exonuclease	NA	NA	NA
chr16	29308411	29310269	1859	*	peak_5020	1.00004230549288	4.50872113869498e-13	Intron (ENST00000641956.1/440352, intron 3 of 7)	16	29312350	29331277	18928	1	440352	ENST00000569730.1	-2081	ENSG00000103472	SNX29P2	sorting nexin 29 pseudogene 2	NA	NA	NA
chr20	46178675	46179251	577	*	peak_9104	1.5767041434809	5.60882323428522e-13	Intron (ENST00000537909.4/64405, intron 10 of 11)	20	46203867	46207138	3272	1	124904916	ENST00000759763.1	-24616	NA	LOC124904916	uncharacterized LOC124904916	NA	NA	NA
chr11	69155550	69156283	734	*	peak_2688	1.25203512155001	5.66583078003469e-13	Promoter	11	69155910	69159740	3831	1	107984345	ENST00000641280.1	0	ENSG00000284713	SMIM38	small integral membrane protein 38	NA	NA	NA
chr10	71228719	71230669	1951	*	peak_1736	1.04067749653849	5.77615173916228e-13	Intron (ENST00000335350.10/219699, intron 1 of 16)	10	71217219	71218308	1090	2	728978	ENST00000447119.4	-10411	ENSG00000237512	UNC5B-AS1	UNC5B antisense RNA 1	NA	NA	NA
chr9	37418421	37419251	831	*	peak_14351	1.00395756298707	7.22455778866195e-13	Distal Intergenic	9	37405206	37415261	10056	2	124902154	ENST00000776865.1	-3160	NA	LOC124902154	uncharacterized LOC124902154	NA	NA	NA
chr22	24873035	24873777	743	*	peak_9862	1.0005598832226	7.33142211696361e-13	Intron (ENST00000610372.4/129049, intron 12 of 24)	22	24901147	24901214	68	2	124900481	ENST00000362913.1	27437	ENSG00000199783	LOC124900481	small nucleolar RNA SNORD56	NA	NA	NA
chr17	79573154	79573904	751	*	peak_6380	1.0450366845733	8.00832063482108e-13	Intron (ENST00000693108.1/146713, intron 1 of 14)	17	79598032	79603921	5890	2	146713	ENST00000571452.1	30017	ENSG00000167281	RBFOX3	RNA binding fox-1 homolog 3	NA	NA	NA
chr22	22200394	22201163	770	*	peak_9746	1.02733853837761	8.78327954896042e-13	Distal Intergenic	22	22244780	22245505	726	1	7441	ENST00000302273.3	-43617	ENSG00000169575	VPREB1	V-set pre-B cell surrogate light chain 1	NA	NA	NA
chr20	30620577	30621813	1237	*	peak_8965	1.14511104581691	1.03906107890326e-12	Intron (ENST00000837870.1/ENST00000837870.1, intron 1 of 2)	20	30610093	30611890	1798	2	112268265	ENST00000837875.1	-8687	NA	LOC112268265	ankyrin repeat domain-containing protein 26-like	NA	NA	NA
chr20	51578779	51579513	735	*	peak_9209	1.01744441374387	1.22715621724172e-12	Intron (ENST00000816987.1/ENST00000816987.1, intron 1 of 2)	20	51391228	51562831	171604	2	4773	ENST00000609507.1	-15948	ENSG00000101096	NFATC2	nuclear factor of activated T cells 2	NA	NA	NA
chr7	76206363	76207102	740	*	peak_13134	1.04507993150143	1.25634971340954e-12	Intron (ENST00000611745.2/222183, intron 1 of 14)	7	76201896	76287287	85392	1	222183	ENST00000611745.2	4467	ENSG00000177679	SRRM3	serine/arginine repetitive matrix 3	NA	NA	NA
chr8	139823195	139824055	861	*	peak_13931	1.1270233377738	1.27451060789224e-12	Intron (ENST00000438773.4/83696, intron 21 of 22)	8	139731006	139806233	75228	2	83696	ENST00000521700.5	-16962	ENSG00000167632	TRAPPC9	trafficking protein particle complex subunit 9	NA	NA	NA
chr15	78004865	78005656	792	*	peak_4501	1.18437265913735	1.92374222183883e-12	Intron (ENST00000300584.8/23102, intron 10 of 12)	15	78001704	78003579	1876	2	23102	ENST00000497942.1	-1286	ENSG00000167202	TBC1D2B	TBC1 domain family member 2B	NA	NA	NA
chr11	75463674	75465454	1781	*	peak_2795	1.08193929975939	2.07033706791459e-12	Intron (ENST00000527820.5/81544, intron 2 of 17)	11	75442764	75457786	15023	2	81544	ENST00000527322.5	-5888	ENSG00000158555	GDPD5	glycerophosphodiester phosphodiesterase domain containing 5	NA	NA	NA
chr22	25393000	25393712	713	*	peak_9880	1.06547800796735	2.3364544160129e-12	Intron (ENST00000444995.7/91355, intron 1 of 6)	22	25360082	25381531	21450	2	91355	ENST00000468442.1	-11469	ENSG00000290796	LRP5L	LDL receptor related protein 5 like (pseudogene)	NA	NA	NA
chr1	110548054	110548655	602	*	peak_830	1.09328829868291	3.69684766064362e-12	Intron (ENST00000640680.1/3737, intron 3 of 8)	1	110517217	110519175	1959	2	3744	ENST00000369771.4	-28879	ENSG00000143105	KCNA10	potassium voltage-gated channel subfamily A member 10	NA	NA	NA
chr14	76958312	76959637	1326	*	peak_4057	1.07745001062571	4.46150881322596e-12	Promoter	14	76959552	76970795	11244	1	105370578	ENST00000793738.1	0	ENSG00000258602	LINC01629	long intergenic non-protein coding RNA 1629	NA	NA	NA
chr10	101103135	101103773	639	*	peak_2045	1.35610635526451	4.78210235071606e-12	Intron (ENST00000445873.5/100038246, intron 2 of 2)	10	101089321	101131126	41806	2	100038246	ENST00000445873.5	27353	ENSG00000236311	TLX1NB	TLX1 neighbor	NA	NA	NA
chr7	73726620	73727105	486	*	peak_13114	1.25397438922018	5.44174784015534e-12	Intron (ENST00000745658.1/171022, intron 1 of 3)	7	73721700	73736163	14464	1	171022	ENST00000745658.1	4920	NA	BICDL3P	BICD family like 3, pseudogene	NA	NA	NA
chr20	32675667	32676470	804	*	peak_8997	1.02782002287702	6.13318575244312e-12	Intron (ENST00000642484.1/284805, intron 8 of 9)	20	32631625	32673941	42317	2	284805	ENST00000608990.6	-1726	ENSG00000198547	C20orf203	chromosome 20 open reading frame 203	NA	NA	NA
chr3	11754962	11755916	955	*	peak_10378	1.02287170856216	6.3045140431777e-12	Intron (ENST00000623028.1/9686, intron 1 of 5)	3	11601910	11771350	169441	2	9686	ENST00000623028.1	15434	ENSG00000144560	VGLL4	vestigial like family member 4	NA	NA	NA
chr15	77786606	77787557	952	*	peak_4486	1.11502070314268	6.66130232898107e-12	Promoter	15	77615353	77787014	171662	2	84894	ENST00000561686.5	0	ENSG00000169783	LINGO1	leucine rich repeat and Ig domain containing 1	NA	NA	NA
chr2	120722596	120723604	1009	*	peak_8242	1.17636300298887	1.60361960036573e-11	Promoter	2	120722890	120734294	11405	1	124906073	ENST00000794101.1	0	NA	LOC124906073	uncharacterized LOC124906073	NA	NA	NA
chr2	26743244	26744063	820	*	peak_7660	1.21481634816842	1.97088354787543e-11	Distal Intergenic	2	26764284	26781140	16857	1	54978	ENST00000429494.5	-20221	ENSG00000213699	SLC35F6	solute carrier family 35 member F6	NA	NA	NA
chr2	26608289	26608949	661	*	peak_7648	1.26841651374131	2.15540031606973e-11	Intron (ENST00000288861.5/130106, intron 3 of 6)	2	26581207	26605563	24357	2	130106	ENST00000403670.7	-2726	ENSG00000157884	CIB4	calcium and integrin binding family member 4	NA	NA	NA
chr1	182484097	182485256	1160	*	peak_1076	1.10646924407392	3.07616854186855e-11	Intron (ENST00000367561.9/353299, intron 7 of 7)	1	182488285	182560593	72309	1	353299	ENST00000648414.1	-3029	ENSG00000121446	RGSL1	regulator of G protein signaling like 1	NA	NA	NA
chr17	49576844	49577862	1019	*	peak_5900	1.04645456982468	3.57645352183607e-11	Promoter	17	49576122	49582290	6169	1	11248	ENST00000513748.1	722	ENSG00000182575	NXPH3	neurexophilin 3	NA	NA	NA
chr22	22042934	22043993	1060	*	peak_9737	1.08173690257497	4.24466763917898e-11	Promoter	22	21991099	22043858	52760	2	649179	ENST00000419303.5	0	ENSG00000290847	PRAMENP	PRAME N-terminal like, pseudogene	NA	NA	NA
chr10	48982178	48982858	681	*	peak_1598	1.22170981852264	4.4074727425944e-11	3' UTR	10	48976742	48980115	3374	2	105378298	ENST00000610464.1	-2063	NA	LOC105378298	uncharacterized LOC105378298	NA	NA	NA
chr18	78771443	78772314	872	*	peak_6791	1.03143701687071	4.59376764787013e-11	Distal Intergenic	18	78645844	78671152	25309	2	124904330	ENST00000759066.1	-100291	NA	LOC124904330	uncharacterized LOC124904330	NA	NA	NA
chr2	15983207	15983889	683	*	peak_7522	1.00791194492077	4.6424598323297e-11	Distal Intergenic	2	16013928	16086234	72307	1	104797537	ENST00000652394.1	-30039	ENSG00000236289	GACAT3	gastric cancer associated transcript 3	NA	NA	NA
chr5	132261902	132262925	1024	*	peak_11852	1.01814910631438	4.64930946724472e-11	Promoter	5	132261449	132271336	9888	1	8572	ENST00000418373.1	453	ENSG00000131435	PDLIM4	PDZ and LIM domain 4	NA	NA	NA
chr20	46304824	46305679	856	*	peak_9108	1.10343052202926	4.73812039453917e-11	Intron (ENST00000537909.4/64405, intron 1 of 11)	20	46173739	46308498	134760	2	64405	ENST00000537909.4	2819	ENSG00000149654	CDH22	cadherin 22	NA	NA	NA
chr10	71409468	71409961	494	*	peak_1748	1.14925031543047	5.77792599478969e-11	Intron (ENST00000224721.12/64072, intron 1 of 69)	10	71396962	71732723	335762	1	64072	ENST00000616684.4	12506	ENSG00000107736	CDH23	cadherin related 23	NA	NA	NA
chr1	54180869	54182010	1142	*	peak_685	1.04355054075341	6.15705497379283e-11	Intron (ENST00000637610.1/200008, intron 3 of 9)	1	54184041	54210132	26092	1	51253	ENST00000487096.5	-2031	ENSG00000116221	MRPL37	mitochondrial ribosomal protein L37	NA	NA	NA
chr1	46812027	46812951	925	*	peak_626	1.14252545860694	7.67452910374122e-11	Promoter	1	46811103	46817181	6079	1	1580	ENST00000468637.3	924	ENSG00000142973	CYP4B1	cytochrome P450 family 4 subfamily B member 1	NA	NA	NA
chr11	61768030	61768726	697	*	peak_2537	1.17409260592411	1.75372269521652e-10	Exon (ENST00000535042.1/746, exon 5 of 5)	11	61766117	61788410	22294	1	745	ENST00000675319.1	1913	ENSG00000124920	MYRF	myelin regulatory factor	NA	NA	NA
chr8	125590000	125590861	862	*	peak_13713	1.06829758414915	2.76839795774763e-10	Intron (ENST00000786597.1/105375746, intron 1 of 1)	8	125579633	125609373	29741	1	105375746	ENST00000786599.1	10367	NA	LINC02964	long intergenic non-protein coding RNA 2964	NA	NA	NA
chr2	38483906	38484389	484	*	peak_7769	1.20492385477264	2.80344730122981e-10	Intron (ENST00000671178.1/101929596, intron 2 of 5)	2	38457046	38496411	39366	2	101929596	ENST00000661472.1	12022	ENSG00000231367	LINC02613	long intergenic non-protein coding RNA 2613	NA	NA	NA
chr17	28426266	28426972	707	*	peak_5651	1.28427306455138	4.59257655493402e-10	Distal Intergenic	17	28405377	28407197	1821	2	113235	ENST00000581516.1	-19069	ENSG00000076351	SLC46A1	solute carrier family 46 member 1	NA	NA	NA
chr3	52798604	52799311	708	*	peak_10765	1.15180983314854	4.63494229736713e-10	Promoter	3	52798612	52799876	1265	1	3699	ENST00000463893.1	0	ENSG00000162267	ITIH3	inter-alpha-trypsin inhibitor heavy chain 3	NA	NA	NA
chr11	1484729	1485693	965	*	peak_2293	1.17306110235031	4.72789815786422e-10	Intron (ENST00000329957.7/81532, intron 1 of 4)	11	1469457	1486779	17323	2	81532	ENST00000329957.7	1086	ENSG00000182208	MOB2	MOB kinase activator 2	NA	NA	NA
chr17	17107292	17108373	1082	*	peak_5552	1.00499943629567	5.86575513891571e-10	Intron (ENST00000651222.2/23164, intron 3 of 23)	17	17131617	17138419	6803	1	23164	ENST00000584936.2	-23244	ENSG00000133030	MPRIP	myosin phosphatase Rho interacting protein	NA	NA	NA
chr3	47394908	47395944	1037	*	peak_10620	1.26659112632045	6.08357318022234e-10	Intron (ENST00000602307.5/25930, intron 1 of 23)	3	47405280	47406750	1471	1	25930	ENST00000477276.2	-9336	ENSG00000076201	PTPN23	protein tyrosine phosphatase non-receptor type 23	NA	NA	NA
chr1	30194365	30195640	1276	*	peak_349	1.01155946811643	7.70981874082112e-10	Distal Intergenic	1	30230229	30261188	30960	1	105378618	ENST00000816417.1	-34589	NA	LOC105378618	uncharacterized LOC105378618	NA	NA	NA
chr4	3254286	3254948	663	*	peak_11289	1.13191386634729	1.15901262919272e-09	Intron (ENST00000507492.5/345222, intron 5 of 5)	4	3249159	3262541	13383	1	345222	ENST00000510580.1	5127	ENSG00000188981	MSANTD1	Myb/SANT DNA binding domain containing 1	NA	NA	NA
chr1	9863411	9864325	915	*	peak_88	1.05717709116808	1.31518983761509e-09	Intron (ENST00000377263.6/56998, intron 5 of 5)	1	9850659	9878176	27518	2	56998	ENST00000377256.1	13851	ENSG00000178585	CTNNBIP1	catenin beta interacting protein 1	NA	NA	NA
chr8	129824934	129825599	666	*	peak_13745	1.22464149070386	4.62642570193498e-09	Distal Intergenic	8	129842080	129847317	5238	2	51571	ENST00000520887.1	21718	ENSG00000153310	CYRIB	CYFIP related Rac1 interactor B	NA	NA	NA
chr10	79612104	79612803	700	*	peak_1912	1.08451985016612	5.97888209888938e-09	Exon (ENST00000428376.6/653509, exon 3 of 5)	10	79610961	79611898	938	1	653509	ENST00000486922.1	1143	ENSG00000122852	SFTPA1	surfactant protein A1	NA	NA	NA
chr15	99752557	99753351	795	*	peak_4640	1.23334031088177	7.94761105142342e-09	Distal Intergenic	15	99729498	99733561	4064	2	145748	ENST00000484050.1	-18996	ENSG00000183060	LYSMD4	LysM domain containing 4	NA	NA	NA
chr16	88708115	88709100	986	*	peak_5451	1.03619104740034	1.40632426877276e-08	Promoter	16	88709959	88715386	5428	1	348180	ENST00000566637.5	-859	ENSG00000174177	CTU2	cytosolic thiouridylase subunit 2	NA	NA	NA
chr14	77790617	77791115	499	*	peak_4070	1.13028020681719	1.48325557786844e-08	Distal Intergenic	14	77800109	77935014	134906	1	57143	ENST00000238561.10	-8994	ENSG00000063761	ADCK1	aarF domain containing kinase 1	NA	NA	NA
chr10	131125753	131126803	1051	*	peak_2241	1.06977678426225	1.6931986718762e-08	Intron (ENST00000483040.1/256536, intron 8 of 11)	10	131094861	131095816	956	1	101927489	ENST00000436942.2	30892	NA	TCERG1L-AS1	TCERG1L antisense RNA 1	NA	NA	NA
chr6	167383022	167383512	491	*	peak_12643	1.14879113239684	1.8180669438963e-08	Promoter	6	167381113	167382960	1848	2	6953	ENST00000485157.1	-62	ENSG00000290751	TCP10L3	t-complex 10 like 3 (pseudogene)	NA	NA	NA
chr7	5678373	5678969	597	*	peak_12803	1.03156741824986	6.45344065887299e-08	Intron (ENST00000389902.8/54476, intron 13 of 16)	7	5662432	5680461	18030	2	100874342	ENST00000443837.1	1492	ENSG00000237738	RNF216-IT1	RNF216 intronic transcript 1	NA	NA	NA
chr19	45241536	45242085	550	*	peak_7209	1.0091179408127	1.75878150748823e-07	Intron (ENST00000587566.5/57787, intron 1 of 6)	19	45212370	45245407	33038	2	90332	ENST00000413988.3	3322	ENSG00000283632	EXOC3L2	exocyst complex component 3 like 2	NA	NA	NA
chr10	78374138	78374708	571	*	peak_1847	1.02404349185797	2.61195609795243e-07	Intron (ENST00000634930.2/105378375, intron 1 of 4)	10	78301659	78330818	29160	1	124902468	ENST00000665488.1	72479	NA	LOC124902468	uncharacterized LOC124902468	NA	NA	NA
chr15	63610613	63611080	468	*	peak_4323	1.03611189842443	3.18712300618042e-07	Intron (ENST00000443617.7/8925, intron 77 of 77)	15	63615781	63616732	952	2	8925	ENST00000559996.1	5652	ENSG00000103657	HERC1	HECT and RLD domain containing E3 ubiquitin protein ligase family member 1	NA	NA	NA
chr6	167140566	167141088	523	*	peak_12642	1.0037157271296	3.57975294941651e-07	Promoter	6	167139065	167141191	2127	2	112267970	ENST00000832763.1	103	NA	LOC112267970	uncharacterized LOC112267970	NA	NA	NA
chr9	128067786	128068228	443	*	peak_14632	1.03054426320786	7.44998384837527e-07	Promoter	9	128068201	128109244	41044	1	114789	ENST00000373068.6	0	ENSG00000148339	SLC25A25	solute carrier family 25 member 25	NA	NA	NA
chr6	157653561	157654200	640	*	peak_12564	1.12467008408039	3.01271379818304e-06	3' UTR	6	157631122	157673529	42408	1	79683	ENST00000422910.2	22439	ENSG00000175048	ZDHHC14	zinc finger DHHC-type palmitoyltransferase 14	NA	NA	NA
chr7	73578155	73579156	1002	*	peak_13109	1.26044198915981	0.000900603278487134	Promoter	7	73567537	73578579	11043	2	26608	ENST00000305632.11	0	ENSG00000106638	TBL2	transducin beta like 2	NA	NA	NA
