gene_id	baseMean	log2FC_MLE	lfcSE	stat	pvalue	padj	log2FC_shr	delta_counts	median_TPM_A	median_TPM_B
ENSG00000143384.14	ENSG00000143384.14	15627.582233822	1.1034123894885	0.0466378162185048	548.470562691655	2.70835579746546e-121	3.59398814323667e-117	1.09973803756264	11336.5859110908	378.263264542407	171.655991955976
ENSG00000164761.9	ENSG00000164761.9	6273.61870785877	1.27107271191254	0.0551134187852575	519.85497448889	4.55086674944823e-115	3.0195000882589e-111	1.26652121962077	5178.33094768886	320.118938477502	126.733750851142
ENSG00000138434.17	ENSG00000138434.17	22059.7881759811	1.05641730910074	0.0460816078327697	515.357134908668	4.33178914143934e-114	1.91609473023e-110	1.05271547740734	15232.4337248185	426.270260681057	198.815890259843
ENSG00000180398.13	ENSG00000180398.13	9838.9117841827	1.25508038375231	0.0551717292233756	504.510153379362	9.923403895173e-112	3.29208924222364e-108	1.25074655674517	8089.10964004383	260.094244297024	104.048602749814
ENSG00000149948.14	ENSG00000149948.14	5567.75699471518	1.23845963477191	0.0612769882714624	399.501648105562	7.07000566451981e-89	1.87637950336356e-85	1.23295548182406	4358.63955116473	145.272564413512	60.464445288029
ENSG00000141458.13	ENSG00000141458.13	4052.55945470574	-1.14722691403454	0.058019577322801	384.442944886571	1.34176639260736e-85	2.96754000498328e-82	-1.14156332542485	-3073.10022854317	50.2913862476411	108.158041485083
ENSG00000138623.10	ENSG00000138623.10	5496.6693174538	1.07753784351652	0.0578856891228761	340.790706842797	4.29209474381394e-76	6.32845525004567e-73	1.07170441382495	4020.85039961436	167.226118130739	77.2809758787768
ENSG00000198074.10	ENSG00000198074.10	3585.62775321694	-1.06087185784441	0.0651462265198039	261.174456115221	9.5173256985497e-59	7.89343200123466e-56	-1.05135395199081	-2572.82949683156	113.512670916237	229.140005611288
ENSG00000259207.10	ENSG00000259207.10	1925.55337027432	1.0391087955613	0.0659908390999439	245.923624476283	2.0098101056087e-55	1.56883412361338e-52	1.03137266696807	1323.34973978879	31.2203909421494	15.1222004878761
ENSG00000143248.13	ENSG00000143248.13	1671.59362740187	1.22724382161255	0.0801445672916149	231.036036254452	3.54325587364947e-52	2.35095027216643e-49	1.21726400404445	1410.87053306406	111.438815887192	45.4001992171768
ENSG00000187908.20	ENSG00000187908.20	394.336120234685	2.63800745709915	0.175841942586141	215.568098053362	8.37796000518115e-49	4.83371866385886e-46	2.61481885948824	552.743641469647	9.6051558139135	1.5686409197674
ENSG00000128951.14	ENSG00000128951.14	1659.92837430055	-1.09479491015072	0.0757431598116149	206.414868156841	8.31900464726043e-47	4.08863672848689e-44	-1.08472660567668	-1240.32983972284	76.0091820069331	163.850890009204
ENSG00000118785.15	ENSG00000118785.15	658.379713928147	1.69540615598004	0.119797660819909	196.47489046784	1.2277873781626e-44	5.25572209942507e-42	1.67889833670649	716.511036149107	52.0358940690203	15.4131883140913
ENSG00000197467.17	ENSG00000197467.17	685.157959482019	1.40251847591149	0.101087923395848	190.665249642416	2.27574039842561e-43	8.88208090797288e-41	1.38840862180829	616.43108028257	37.7327289661469	13.5953061770134
ENSG00000123124.14	ENSG00000123124.14	2144.85340297171	-1.02689760422743	0.0748079450291251	186.024433520898	2.34508474241412e-42	8.64424292550982e-40	-1.01655119421072	-1370.79573987391	26.9328102986472	52.3526740446468
ENSG00000137713.16	ENSG00000137713.16	1712.20044396406	1.09594063220204	0.0802901847303012	184.080627240991	6.23028125676454e-42	2.23448195343961e-39	1.08482976578747	1150.35245927936	49.6729235861431	23.9290843789354
ENSG00000022567.10	ENSG00000022567.10	1043.49693405819	1.25295663894875	0.0930563941809614	178.944492809249	8.23918064297718e-41	2.87720860874492e-38	1.23976355258904	917.363127021179	36.1985308441235	14.3135728949996
ENSG00000173530.6	ENSG00000173530.6	1235.55638376183	1.09595871164242	0.0818221544448905	177.864754694451	1.41790149562616e-40	4.58915923096565e-38	1.08441572303518	899.245733903017	33.4366014092288	15.1789875401423
ENSG00000054793.14	ENSG00000054793.14	1279.07258843316	1.06523681193808	0.0812895501745358	170.277207770015	6.43608583877477e-39	1.85667084957698e-36	1.05354905636624	903.707350151573	14.8056934160761	6.77841578877446
ENSG00000167767.14	ENSG00000167767.14	1726.90890860102	-1.13269573709974	0.0876188598587989	164.466548935898	1.19630605610762e-37	3.30728778428086e-35	-1.11966725648588	-1300.76308340346	19.6027165394119	42.2324486798833
ENSG00000111335.14	ENSG00000111335.14	908.174352357865	1.10310838494653	0.0876321317949085	157.53048548426	3.91952118192265e-36	9.81359360077614e-34	1.08994239313372	670.716507782543	21.3095596602016	9.66187074802357
ENSG00000121895.8	ENSG00000121895.8	972.308203187579	-1.18245419045468	0.0961290715711503	149.450274842252	2.28621985964327e-34	5.23071336852866e-32	-1.1673168664232	-779.404279188837	28.3286424910478	61.9929658623644
ENSG00000185127.7	ENSG00000185127.7	1120.63412543727	1.02394809012164	0.0834963269461389	149.3313281221	2.42726726848313e-34	5.36830610879518e-32	1.01116245234983	752.705080148864	24.5148346156934	11.5012895511469
ENSG00000112576.13	ENSG00000112576.13	1095.61236800997	1.29124400334958	0.104819499179039	148.969933309409	2.91147327698896e-34	6.33364760420385e-32	1.27488622517183	829.826036940375	71.1945377712105	30.8836732319154
ENSG00000197632.9	ENSG00000197632.9	915.875794596841	1.21914750838076	0.0997671213400731	147.50041285284	6.10013861365465e-34	1.30562644198705e-31	1.20351693049543	795.149695393526	51.8941009685759	20.419834590781
ENSG00000019505.8	ENSG00000019505.8	455.171368952578	1.45853521775115	0.122367814399029	141.199408633812	1.45525301051823e-32	2.88226976859358e-30	1.43859152046157	408.217652649159	8.65890035186808	3.23621934578408
ENSG00000165169.11	ENSG00000165169.11	981.331436251641	1.03740759623692	0.0884103311011016	136.766112226842	1.35658648251338e-31	2.57170037470752e-29	1.02324833855353	708.854848502077	47.199179124173	21.3140356745928
ENSG00000142156.16	ENSG00000142156.16	1026.82138380567	1.22783202850525	0.104808034367702	135.123249424123	3.10296988363761e-31	5.6406041583385e-29	1.21063894615909	883.702668884276	24.5052216742388	9.76620920514226
ENSG00000118515.12	ENSG00000118515.12	476.578381513358	1.39594899755438	0.120262954100536	133.658643741526	6.48851305384037e-31	1.11821517174626e-28	1.37585618140943	442.316882159723	21.1670125391781	7.55240601705765
ENSG00000204516.10	ENSG00000204516.10	996.208300079281	-1.02141285043689	0.0883012367414637	132.707821725512	1.04746946838082e-30	1.78204100582224e-28	-1.00685416999622	-660.491043335992	20.3893214338633	40.239094060186
ENSG00000132561.14	ENSG00000132561.14	320.73619120398	1.74003455985082	0.154059273985625	125.964184272026	3.13083064873282e-29	5.06660033032738e-27	1.71310248258263	342.085900600862	10.9446400276198	3.2505927089876
ENSG00000196611.6	ENSG00000196611.6	506.823720378432	1.36389598292461	0.124116805841028	119.479014321354	8.22610264463517e-28	1.22652114712706e-25	1.34199174771911	464.778506564112	27.9014208963311	10.0919203081994
ENSG00000213626.13	ENSG00000213626.13	675.507958464222	1.31227257668099	0.119072218358407	119.419455102199	8.47683590239965e-28	1.24986236027604e-25	1.29135602361577	574.342871553318	30.2253208569109	11.6255395959575
ENSG00000135919.14	ENSG00000135919.14	451.175864964121	1.32018195330163	0.120960442913228	118.429649362924	1.39619311390826e-27	2.01385680669159e-25	1.29879744704003	369.249492645441	20.7288207743787	8.33314587542661
ENSG00000163348.4	ENSG00000163348.4	748.993843489279	1.10740940174813	0.102657833053789	115.423810649921	6.3554446339993e-27	8.69451033950214e-25	1.08930340558543	550.535479233507	23.0184968033604	10.3867527115603
ENSG00000181634.8	ENSG00000181634.8	605.516087585936	1.18989138570265	0.111115971264329	113.787468121984	1.45051359269622e-26	1.90577379951276e-24	1.17000139618618	482.134752082112	8.77896668917596	3.67191711274462
ENSG00000175906.5	ENSG00000175906.5	447.690608518377	1.2183482684591	0.119816923408583	102.933998444142	3.46501881841942e-24	4.06909732039166e-22	1.1956705737815	351.535183105175	30.9060672595774	12.7984578451167
ENSG00000170915.9	ENSG00000170915.9	620.707532727928	1.09207791223071	0.10939953283166	99.0057171273703	2.5177387476369e-23	2.76118951910262e-21	1.07121682566316	457.897374213858	12.6719336994317	5.56142399446878
ENSG00000065615.14	ENSG00000065615.14	577.018919704771	-1.14903307867523	0.115353294202152	98.2314285804483	3.72235036916572e-23	3.98351527409912e-21	-1.12668689355905	-428.027349259144	11.9046928966531	24.4709304742118
ENSG00000069535.14	ENSG00000069535.14	100.390883519648	2.79036438620211	0.284588058122224	97.9410432136684	4.31026539234431e-23	4.57577774051272e-21	2.73235141915754	148.292678163598	4.96546168920788	0.68970570702531
ENSG00000183486.14	ENSG00000183486.14	142.052322059954	2.21468327176847	0.232894264337741	88.8499866253802	4.25916462877808e-21	3.98021933971022e-19	2.16562621437889	180.246094329421	6.87057146960224	1.49006739754152
ENSG00000176678.6	ENSG00000176678.6	346.69191746955	1.56728023096581	0.176520144626202	76.6779802735022	2.01234653937411e-18	1.51726355553946e-16	1.52775839477023	334.879630135286	11.7300341421188	3.99388095654498
ENSG00000180914.11	ENSG00000180914.11	271.755270294624	1.48602687267617	0.169269265847534	76.0158898588951	2.813912822762e-18	2.09778781786807e-16	1.44803760887968	239.454944169468	6.44993615570864	2.2889201896809
ENSG00000169684.13	ENSG00000169684.13	488.756921181597	-1.06573083303328	0.122545382764301	75.0109188418199	4.68118014189248e-18	3.41314618037985e-16	-1.03851113737498	-344.641365813489	20.4383409655957	39.966601537666
ENSG00000198729.5	ENSG00000198729.5	380.384791555918	-1.14584458553079	0.133299045573918	73.324397465223	1.09999781564997e-17	7.642393200877e-16	-1.11560225051092	-310.15271348966	7.64471753206503	17.5249292217982
ENSG00000180628.15	ENSG00000180628.15	383.679963561546	-1.11762057859169	0.130338298157881	73.0676286290644	1.25282581187893e-17	8.65885339772576e-16	-1.08808747589386	-287.823713279619	6.45568698844317	14.2316350277514
ENSG00000253276.5	ENSG00000253276.5	241.751327579703	1.38709319145138	0.166550932047423	68.9366207082011	1.01679122047964e-16	6.5499123765849e-15	1.34778553119829	233.646799631335	3.5834559517587	1.26712616738643
ENSG00000120738.8	ENSG00000120738.8	281.052747990498	1.27064356138668	0.155615843166007	66.2643128392008	3.94333924007639e-16	2.36778786044406e-14	1.23360687406785	249.250385527807	9.23417285944381	3.60356421785666
ENSG00000235269.2	ENSG00000235269.2	187.288337673831	-1.53898215315799	0.188456522102123	66.0911246887106	4.30550148801154e-16	2.57360381738348e-14	-1.49267919311277	-201.125159867671	3.01829811089575	8.92971411882597
ENSG00000159167.12	ENSG00000159167.12	97.3786803393004	2.10052355348225	0.265690251126379	62.6355781522596	2.48719588631228e-15	1.41652744254781e-13	2.03286479268053	116.536969994419	2.77678361354791	0.634768247432262
ENSG00000138735.16	ENSG00000138735.16	439.697844191744	-1.19765371944943	0.150153999038969	62.6189731803674	2.50825439535143e-15	1.42241606095357e-13	-1.16095812029543	-281.143643056667	3.36830783528384	6.58886773413453
ENSG00000198937.9	ENSG00000198937.9	337.057345067821	-1.143164855412	0.14616539241084	60.6333254502845	6.8760047208718e-15	3.70912937585239e-13	-1.1065569554999	-242.727850716105	42.2958584566735	88.027547902481
ENSG00000088305.19	ENSG00000088305.19	412.810604005948	1.03878055909407	0.134643258507842	59.1490339081519	1.4617109738839e-14	7.576915868531e-13	1.00534167907663	266.935314512142	10.5763185651951	5.42354989293716
ENSG00000047597.7	ENSG00000047597.7	401.802110366202	-1.13171463823484	0.146432318103	59.0828752763941	1.51169120718244e-14	7.80550284798095e-13	-1.09449682377636	-276.414637972745	3.64752159079044	7.02120718934078
ENSG00000099937.11	ENSG00000099937.11	313.801876540565	1.15459410663287	0.150688809453792	58.3113096378547	2.23754084227582e-14	1.1309063017592e-12	1.11638805733402	227.547279250519	14.6309949756329	6.65137316724751
ENSG00000188613.7	ENSG00000188613.7	362.138030422982	1.10128350078547	0.146352529335932	56.2139090457182	6.50000830467165e-14	3.1139028954149e-12	1.06367358673311	269.565006737089	21.6694385346235	9.49763294465809
ENSG00000140450.9	ENSG00000140450.9	139.740303862514	1.68856400749009	0.225757568801831	55.4677787098732	9.50035613509032e-14	4.48646711432913e-12	1.62802784046712	145.809910471255	3.72224343506157	1.19058859879477
ENSG00000136869.16	ENSG00000136869.16	165.729686523288	-1.481382617037	0.198788129022488	55.024935047793	1.19010373494163e-13	5.50872405812422e-12	-1.42760546572969	-158.77370571044	1.05940905481026	2.84456392916655
ENSG00000083635.8	ENSG00000083635.8	215.698835813745	-1.25111356912241	0.170227082405415	53.6877265244661	2.35026925303654e-13	1.03614860424568e-11	-1.20514944829516	-169.15620773013	2.54130560672434	5.66858319283436
ENSG00000174151.15	ENSG00000174151.15	297.487855915463	1.15043037959043	0.160018505897797	51.2695089527499	8.05165734637812e-13	3.38118648691258e-11	1.10704171518518	216.806373416256	5.76971981888606	2.57887221322025
ENSG00000123607.16	ENSG00000123607.16	456.202302856126	-1.35817255389024	0.188456820838258	50.5283719620776	1.1745446189191e-12	4.76642418747903e-11	-1.30547062518253	-367.813219429665	3.30721681988871	8.70008401458564
ENSG00000184731.6	ENSG00000184731.6	401.478949988352	1.16049538838417	0.165171061246849	48.5842779686325	3.1639554144718e-12	1.22765170614154e-10	1.11446190996308	346.327849342005	13.7839846246458	5.62929694237172
ENSG00000183087.15	ENSG00000183087.15	187.935306830131	1.24604380660693	0.178556095038274	48.5605351485663	3.2024931457607e-12	1.23538035012339e-10	1.19559394803856	152.57613574523	7.60287393463362	3.19468128447899
ENSG00000130517.14	ENSG00000130517.14	403.528737066638	1.18535534969174	0.169551888203522	47.9242611754587	4.43005736206999e-12	1.67483935027546e-10	1.13759732787708	319.47438944402	12.1727234147885	5.14995781304029
ENSG00000148572.16	ENSG00000148572.16	355.584949273237	1.0680847785803	0.154486348013559	47.360076252761	5.90736720133384e-12	2.18968611066201e-10	1.02475890187848	249.58496206704	20.5369530509176	9.80894363806302
ENSG00000257949.7	ENSG00000257949.7	145.996321825294	-1.40626622520128	0.218531295008923	41.001740744688	1.52093693587464e-10	4.41637486631434e-09	-1.33739691492303	-116.948276432412	7.1445050744397	17.6967892009462
ENSG00000132003.10	ENSG00000132003.10	236.081219308644	1.05476406058136	0.164747765946619	40.8235169658502	1.6661593031662e-10	4.78569998983018e-09	1.00464823670799	158.267979672061	4.63356425986546	2.25080668300958
ENSG00000247315.4	ENSG00000247315.4	231.251354146499	1.10695785684831	0.17502014062351	39.7712868305637	2.85511775092013e-10	7.94285378505452e-09	1.05269123495933	184.026853375265	8.31381502833181	3.39785693948592
ENSG00000089351.15	ENSG00000089351.15	184.011428489061	1.21710313793368	0.194147576624277	38.9985324395733	4.24124251948546e-10	1.1509465896436e-08	1.15535961626785	140.101676154375	10.087429583535	4.38090806773067
ENSG00000174502.19	ENSG00000174502.19	187.135655477743	1.14267555697361	0.186593311859598	37.3631336360643	9.80583023032298e-10	2.51203411498815e-08	1.08251651116463	148.02370155738	3.93531932428013	1.71364528155139
ENSG00000115525.18	ENSG00000115525.18	147.522042350346	1.307345317962	0.217495977410387	35.8817728501456	2.09660947861974e-09	5.03656946230661e-08	1.23454426731067	136.411816595577	6.61364521758861	2.28085420880225
ENSG00000114854.8	ENSG00000114854.8	127.2766654334	-1.26524001788897	0.216180214265946	34.0789875733553	5.29196457930995e-09	1.17040616612405e-07	-1.19037000141989	-105.78777149642	11.4155183978261	26.1898418827031
ENSG00000264545.2	ENSG00000264545.2	101.80290784993	1.47978708269599	0.254251256814578	33.6968853910461	6.4403722772976e-09	1.38514975882884e-07	1.39074502355584	91.7253738811998	26.535248740691	9.65735049524065
ENSG00000080546.14	ENSG00000080546.14	161.648073884957	1.13203319867432	0.195111581031282	33.4848029608875	7.18229945323214e-09	1.52250980422349e-07	1.06514110379286	117.598851447011	5.53537604295407	2.52406145933682
ENSG00000255346.11	ENSG00000255346.11	79.7946738921935	1.65825953137706	0.29229022961272	31.8895288245009	1.63194532156814e-08	3.22260631208471e-07	1.55130101575256	86.112117526787	4.06914870636136	1.17122559117541
ENSG00000256514.1	ENSG00000256514.1	200.888366828714	1.07699881607828	0.19484483813245	30.3617441872546	3.58529670836267e-08	6.64481666480065e-07	1.00723642943742	121.989039448609	35.202179977284	17.593190866464
ENSG00000073910.23	ENSG00000073910.23	239.726966898085	1.30278538228174	0.234381084624602	30.1877603925586	3.9217664853463e-08	7.13879852682379e-07	1.2170180084227	191.44282328741	5.40490136494701	2.19177478530011
ENSG00000212724.3	ENSG00000212724.3	72.2846140464381	1.5893186973659	0.298436349372181	28.2822115411758	1.04855141833491e-07	1.77734398733076e-06	1.47321959944949	61.7987468601097	10.6706435905139	4.03927593026264
ENSG00000104361.10	ENSG00000104361.10	365.093253165001	1.09238569644412	0.20417889771575	28.0884035506344	1.1589824667899e-07	1.94188097655328e-06	1.01584363889788	282.668629772773	11.9586972548037	5.04508299272294
ENSG00000121858.11	ENSG00000121858.11	121.613261480949	1.2208881145808	0.230325428042275	27.9193112940216	1.26481118934751e-07	2.10063134951708e-06	1.13279145413459	93.4270731494151	10.8317899259712	4.3746781009629
ENSG00000284969.1	ENSG00000284969.1	112.205664357774	1.29468603774144	0.245779427278552	27.5699907301681	1.51511299366288e-07	2.46391537082187e-06	1.19927470933482	97.901222047623	29.3732456727066	11.8179877407892
ENSG00000136881.12	ENSG00000136881.12	134.068038964458	1.10099301724783	0.210324254085	27.3633000998927	1.68600819267643e-07	2.71191863234136e-06	1.02041787758891	99.3495622772996	5.92469873211465	2.69244973716363
ENSG00000198873.12	ENSG00000198873.12	71.3708893400784	1.52006074825826	0.295157832295572	26.4470612967707	2.70860234550015e-07	4.19824895086049e-06	1.40084500449682	67.867498122712	1.06551456278196	0.391225296443207
ENSG00000047648.23	ENSG00000047648.23	102.682301551395	1.29535567962139	0.252982501999347	26.0530112800307	3.3217037002453e-07	5.05493212181825e-06	1.19402169978426	89.4754717718517	3.21996433331382	1.2666129259666
ENSG00000158246.8	ENSG00000158246.8	105.546138549103	-1.17947344542899	0.232395679186358	25.6510050845332	4.09082366153885e-07	6.04151325033338e-06	-1.08547100304928	-79.506026829325	1.99565735281087	4.29948611996042
ENSG00000155265.11	ENSG00000155265.11	125.013521024044	1.19261434644765	0.234921988287698	25.610326709979	4.17797487384673e-07	6.16019184177179e-06	1.09838038382322	84.8766532073392	1.79804595984143	0.876728124628249
ENSG00000269082.1	ENSG00000269082.1	104.378955944986	-1.248030821441	0.248721103911124	25.0116788979045	5.69841018042351e-07	8.13095732195913e-06	-1.14543920927677	-84.8264642477325	14.4128594775337	32.5601846634404
ENSG00000120279.7	ENSG00000120279.7	52.6095200155395	1.91262539817406	0.382884630304345	24.5957315700596	7.07081823665518e-07	9.90089063832898e-06	1.74822134219365	66.4603584939136	2.2569031349954	0.460149953977428
ENSG00000135363.12	ENSG00000135363.12	108.382329163035	-1.1216534742731	0.231968953064746	23.2671483964001	1.4098772436181e-06	1.83782623013872e-05	-1.02299366491668	-79.0908393250377	3.4497115466044	6.98854657377386
ENSG00000134668.13	ENSG00000134668.13	40.4355055631518	2.09592219340966	0.439217290961329	22.5419396251377	2.05605398871494e-06	2.55945932741532e-05	1.89891017320294	55.5211401085	2.13437832751808	0.323907246503812
ENSG00000162896.6	ENSG00000162896.6	54.8442905652916	-1.54241457537671	0.332981998153142	21.3186671208935	3.88925739884857e-06	4.54317303545075e-05	-1.38795128949628	-51.8507544633643	0.469077033248656	1.28578820899812
ENSG00000127528.6	ENSG00000127528.6	126.721143939955	1.22216537786363	0.26361534801834	21.1198713629164	4.3143103193561e-06	4.99389737034995e-05	1.10308226756539	90.3210951898891	7.4732218356455	3.55716289276898
ENSG00000170011.14	ENSG00000170011.14	77.6076686283032	1.25423660511237	0.277505093171112	20.4491859475037	6.12355964705761e-06	6.8631449760519e-05	1.12572131912359	66.6135936526502	1.73597078131504	0.699368034941053
ENSG00000260196.1	ENSG00000260196.1	93.9093402562816	-1.17426432010382	0.260693968936893	20.1372375628817	7.20795884494154e-06	7.93114542888675e-05	-1.05266555798255	-70.0998742059331	1.32605818729944	3.01278950196471
ENSG00000177494.6	ENSG00000177494.6	79.1393413923467	1.21355828011988	0.273981506754069	19.5729923190306	9.68283536378337e-06	0.000103122973737885	1.0838696053826	61.7833008073021	3.55726284927474	1.45638201331366
ENSG00000038295.8	ENSG00000038295.8	60.863733931871	-1.41302660900383	0.329881356118894	18.0301845276092	2.17429982532967e-05	0.000210298532668547	-1.24408598656241	-60.387081167631	0.409963101857567	1.18265184611361
ENSG00000012124.17	ENSG00000012124.17	105.320890033116	1.16962794787278	0.280163938584448	17.1630108041731	3.43051581783122e-05	0.000314168011750313	1.02637297430998	71.7161046026818	4.25970335251964	1.88201956191285
ENSG00000254692.1	ENSG00000254692.1	53.724203447769	1.96205256988386	0.478924090953932	16.2078749444262	5.67576836715528e-05	0.000491307542284088	1.70034972061281	65.4485443118929	2.15612572725102	0.443187853275413
ENSG00000261379.1	ENSG00000261379.1	55.3885191471912	1.43603562223999	0.363920411496495	15.4542393104152	8.45271300040741e-05	0.000695121608068864	1.23255870259894	50.9932951657189	6.89563075868659	2.57814013575368
ENSG00000196482.18	ENSG00000196482.18	29.1020973984223	2.76877901762121	0.683467605954457	15.298443141676	9.17921319869986e-05	0.000744502770875963	2.37579743325432	63.9173368796547	1.98389329087743	0.191877771658106
ENSG00000275496.4	ENSG00000275496.4	43.6161061216483	1.84021375717564	0.483500382388164	14.6692064077239	0.000128122430175217	0.000996007409739387	1.55561368012765	62.7163330637227	4.48006611771477	1.0800348398655
ENSG00000176809.11	ENSG00000176809.11	55.1404402006108	1.59835005058589	0.431833251717434	13.2075347748841	0.000278825884356555	0.00194124841836909	1.32530232907052	58.7579270106097	1.88334110966214	0.512744821173462
ENSG00000276077.4	ENSG00000276077.4	86.4319735983746	-1.44357864891863	0.395255791399283	12.8341551076676	0.000340349107905543	0.00230195344643555	-1.18854450840411	-88.0710084494614	1.94914482047832	5.87148461940916
ENSG00000135519.8	ENSG00000135519.8	62.510280038888	1.25547482172036	0.361564672892172	11.8335844005536	0.000581719059947789	0.00362243637987197	1.0133624655713	58.9870424855046	2.43477993190988	0.929875752796746
ENSG00000169239.13	ENSG00000169239.13	42.4380388403195	1.47605725832838	0.42626341800733	11.74230453573	0.000610953265554276	0.00378848123079684	1.18194896505732	54.6214486102813	2.05718982875115	0.491464713035591
