	baseMean	log2FoldChange	lfcSE	stat	pvalue	padj	ensembl_id	gene_name	biotype	description2	medianTPM_WT	medianTPM_HET
ENSMUSG00000034459	861.337482431816	2.557691747714	0.228476038227983	121.377074850351	3.15985835596995e-28	3.68945061643051e-24	ENSMUSG00000034459	Ifit1	protein_coding	interferon-induced protein with tetratricopeptide repeats 1	4.49331125823559	26.602872546615
ENSMUSG00000030107	408.423061245897	2.69189636270908	0.281840225519306	88.1476105342167	6.07477161155366e-21	3.54645166682502e-17	ENSMUSG00000030107	Usp18	protein_coding	ubiquitin specific peptidase 18	3.39115320377305	20.7566425299863
ENSMUSG00000029561	2163.5032977826	1.83917478894481	0.196920861454812	86.8624397111509	1.1633796557439e-20	4.52787362015528e-17	ENSMUSG00000029561	Oasl2	protein_coding	2'-5' oligoadenylate synthetase-like 2	25.5361423978708	95.8614406393501
ENSMUSG00000027514	533.584875230496	2.27276184190115	0.244791458954932	84.8053444014153	3.29233238709458e-20	9.61031823792908e-17	ENSMUSG00000027514	Zbp1	protein_coding	Z-DNA binding protein 1	7.42416255034362	39.7410897161218
ENSMUSG00000022510	235.78089031757	3.86064735971963	0.427510248404848	74.4220442406936	6.30806671252309e-18	1.47305973870839e-14	ENSMUSG00000022510	Trp63	protein_coding	transformation related protein 63	0.599321294892949	6.02211566518149
ENSMUSG00000033355	976.773717944063	2.08850978848557	0.256113133143186	65.6488715326315	5.38858200998999e-16	9.51991467313342e-13	ENSMUSG00000033355	Rtp4	protein_coding	receptor transporter protein 4	17.4339927437581	72.4390419934036
ENSMUSG00000060802	19700.0366851531	1.05774352766855	0.131495390508248	65.5355928854902	5.707382897562e-16	9.51991467313342e-13	ENSMUSG00000060802	B2m	protein_coding	beta-2 microglobulin	795.812054854722	1713.57552147937
ENSMUSG00000064356	16331.8109193842	1.74615607637294	0.226759396770583	59.1717094490859	1.44496373565924e-14	1.87459961972859e-11	ENSMUSG00000064356	mt-Atp8	protein_coding	mitochondrially encoded ATP synthase 8	5080.155143225	14824.4334666832
ENSMUSG00000046718	2507.59697076212	1.49409945558609	0.195180897207878	58.9429084800225	1.6231377729161e-14	1.89517566365684e-11	ENSMUSG00000046718	Bst2	protein_coding	bone marrow stromal cell antigen 2	91.3742130107303	287.865627854085
ENSMUSG00000061232	11480.8235212301	1.14999004999448	0.158594568510087	53.2006210823473	3.01163560852558e-13	3.05232537858758e-10	ENSMUSG00000061232	H2-K1	protein_coding	histocompatibility 2, K1, K region	384.181468416903	866.800871542177
ENSMUSG00000091345	1769.41963619234	-1.56423247625006	0.205343052008074	53.1204931713845	3.13702505507459e-13	3.05232537858758e-10	ENSMUSG00000091345	Col6a5	protein_coding	collagen, type VI, alpha 5	15.9920120875378	5.84828957783935
ENSMUSG00000070327	4235.55188000885	1.33327201931894	0.1846499192265	52.6106321777337	4.06681628055926e-13	3.65262668398538e-10	ENSMUSG00000070327	Rnf213	protein_coding	ring finger protein 213	21.7435416852485	54.0427896699254
ENSMUSG00000047139	538.303171507683	1.60924135850687	0.225505586486364	51.1820671321417	8.41841769227735e-13	7.02096035535931e-10	ENSMUSG00000047139	Cd24a	protein_coding	CD24a antigen	7.79092222360138	19.8254481575344
ENSMUSG00000074896	3387.2057413453	1.51065333276363	0.212057627963787	51.0033489033105	9.22085143757255e-13	7.17751075900647e-10	ENSMUSG00000074896	Ifit3	protein_coding	interferon-induced protein with tetratricopeptide repeats 3	47.2711639556552	150.574256745647
ENSMUSG00000105504	262.25306106022	1.22397564092342	0.175147905978989	49.4758983783078	2.00823820612755e-12	1.46551183092158e-09	ENSMUSG00000105504	Gbp5	protein_coding	guanylate binding protein 5	2.41166621120486	5.48752760633361
ENSMUSG00000035692	914.408777749988	2.17250088993716	0.308287547921494	48.8052692873547	2.8267934111856e-12	1.94150822758842e-09	ENSMUSG00000035692	Isg15	protein_coding	ISG15 ubiquitin-like modifier	27.1786058133962	146.507879023466
ENSMUSG00000025498	1448.08597472189	3.13745984361459	0.434986309223094	48.3213157377821	3.61797956034731e-12	2.34686274147862e-09	ENSMUSG00000025498	Irf7	protein_coding	interferon regulatory factor 7	8.57422275162694	94.4900817981838
ENSMUSG00000028268	2202.73058315239	1.40087551844097	0.21631963500876	42.2651905944332	7.969855148939e-11	4.65280143595059e-08	ENSMUSG00000028268	Gbp3	protein_coding	guanylate binding protein 3	23.6481754757835	59.5225395424446
ENSMUSG00000062488	770.223562573293	1.77505861816057	0.275460105845209	41.4377612784859	1.21683999323587e-10	6.76563036239146e-08	ENSMUSG00000062488	Ifit3b	protein_coding	interferon-induced protein with tetratricopeptide repeats 3B	7.85872509956523	29.5865404114509
ENSMUSG00000035208	446.22720020041	1.73375751659173	0.270387754513675	41.1593850236217	1.40307941702839e-10	7.44652512419247e-08	ENSMUSG00000035208	Slfn8	protein_coding	schlafen 8	2.91801972756248	7.84537334029687
ENSMUSG00000043263	254.693372536991	2.81580512731132	0.430035459742197	41.0269865033327	1.50141703392952e-10	7.62197621224397e-08	ENSMUSG00000043263	Ifi209	protein_coding	interferon activated gene 209	0.939048438541201	4.98923319647823
ENSMUSG00000052776	554.72973353009	2.49406697134593	0.38424303577873	40.8127718793616	1.67534572658771e-10	8.15055695984922e-08	ENSMUSG00000052776	Oas1a	protein_coding	2'-5' oligoadenylate synthetase 1A	5.04860147671071	29.9622710869174
ENSMUSG00000032690	1660.02142686652	1.71602414397565	0.272671892032052	39.5963678062739	3.12263535736698e-10	1.30213894402203e-07	ENSMUSG00000032690	Oas2	protein_coding	2'-5' oligoadenylate synthetase 2	10.1219456519917	41.1149324258841
ENSMUSG00000033880	5107.54824883662	1.48344332639209	0.243466053336012	37.3376712552088	9.93469306770844e-10	3.7418540728569e-07	ENSMUSG00000033880	Lgals3bp	protein_coding	lectin, galactoside-binding, soluble, 3 binding protein	88.6707988580286	291.472851841767
ENSMUSG00000067916	214.665817463147	1.47270469611092	0.245241469681367	36.4637887773683	1.55528967025344e-09	5.67486318433723e-07	ENSMUSG00000067916	Zfp991	protein_coding	zinc finger protein 991	1.85696751473423	4.93844036466972
ENSMUSG00000036594	3188.82029235903	1.04355227580134	0.177853346471325	34.8753060977908	3.51510924346305e-09	1.20712986843161e-06	ENSMUSG00000036594	H2-Aa	protein_coding	histocompatibility 2, class II antigen A, alpha	94.5771287422861	202.409920420365
ENSMUSG00000034842	2052.30965003447	1.09447771619377	0.188336175976276	34.185041367759	5.01126837524411e-09	1.67175912998144e-06	ENSMUSG00000034842	Art3	protein_coding	ADP-ribosyltransferase 3	77.5815817597049	171.651349811573
ENSMUSG00000024164	1274.75185569951	1.77773602503386	0.305367919928743	33.7991181558605	6.11065563025215e-09	1.98188930941178e-06	ENSMUSG00000024164	C3	protein_coding	complement component 3	5.6556327627214	18.2897751979643
ENSMUSG00000104713	562.698432572415	1.89134945448284	0.328055916184205	33.0681523102004	8.89843860387307e-09	2.80805862537357e-06	ENSMUSG00000104713	Gbp6	protein_coding	guanylate binding protein 6	3.05732978931475	12.6437396356522
ENSMUSG00000017607	131.264582801641	3.47464373923994	0.586821276224393	32.5686525479124	1.15055589623873e-08	3.44458734473935e-06	ENSMUSG00000017607	Tns4	protein_coding	tensin 4	0.356314634684475	5.42835348006051
ENSMUSG00000038642	4117.33664060114	1.16512968891748	0.208599089803244	31.5628313451829	1.93090256737958e-08	5.36790913731523e-06	ENSMUSG00000038642	Ctss	protein_coding	cathepsin S	94.4070762742956	182.819102305721
ENSMUSG00000054065	386.567008941732	6.20620879115736	0.955914671830927	31.4401497308381	2.05683420603171e-08	5.58502236968054e-06	ENSMUSG00000054065	Pkp3	protein_coding	plakophilin 3	0.372938772519966	10.0027796065485
ENSMUSG00000051000	190.928333637834	1.53111527714595	0.277306707381967	30.7856156852871	2.8816601253128e-08	7.64687809617096e-06	ENSMUSG00000051000	Fhip1a	protein_coding	FHF complex subunit HOOK interacting protein 1A	1.19816880882128	3.43475147560738
ENSMUSG00000040483	1290.2899470189	1.07447679210221	0.197330519668872	30.0143107424303	4.2886950624257e-08	1.08858268584527e-05	ENSMUSG00000040483	Xaf1	protein_coding	XIAP associated factor 1	50.1851415919291	102.521250518158
ENSMUSG00000020638	723.028058605853	1.64597490357765	0.30238283725412	29.6864989452298	5.07873074209614e-08	1.21018898254519e-05	ENSMUSG00000020638	Cmpk2	protein_coding	cytidine/uridine monophosphate kinase 2	5.28805770089745	18.0905733295561
ENSMUSG00000042377	240.531633854525	5.47915266691829	0.894941006853074	29.6986834507501	5.04690852830323e-08	1.21018898254519e-05	ENSMUSG00000042377	Fam83g	protein_coding	family with sequence similarity 83, member G	0.12382872143709	2.50898636017982
ENSMUSG00000066861	191.668863145894	3.03086657319668	0.540186550542596	29.7275485652683	4.97231654992216e-08	1.21018898254519e-05	ENSMUSG00000066861	Oas1g	protein_coding	2'-5' oligoadenylate synthetase 1G	2.07002690991607	17.4764153863391
ENSMUSG00000000682	622.338025081489	1.32322100188327	0.245749297776688	29.2859800316574	6.24458699560846e-08	1.42964309334754e-05	ENSMUSG00000000682	Cd52	protein_coding	CD52 antigen	44.4878761777123	95.9098432853887
ENSMUSG00000078763	127.833866272396	3.51882092160113	0.626775922887691	29.0489736525096	7.05714795528627e-08	1.55470300992307e-05	ENSMUSG00000078763	Slfn1	protein_coding	schlafen 1	0.516983694698925	5.752116973384
ENSMUSG00000060550	1314.67500544248	1.81802480931402	0.337209248446375	28.9521472541274	7.41885290194731e-08	1.60412086079883e-05	ENSMUSG00000060550	H2-Q7	protein_coding	histocompatibility 2, Q region locus 7	12.3921815229239	50.2822443901082
ENSMUSG00000026896	951.335586760935	1.26706950418424	0.241585716321827	27.794905617967	1.34880809976323e-07	2.81226488800634e-05	ENSMUSG00000026896	Ifih1	protein_coding	interferon induced with helicase C domain 1	5.95630888311384	15.4504588786797
ENSMUSG00000030214	557.806875220698	1.92617699810005	0.367986527627046	27.2138365039662	1.82150425380231e-07	3.60472604532132e-05	ENSMUSG00000030214	Plbd1	protein_coding	phospholipase B domain containing 1	5.74123904863912	16.1561364296139
ENSMUSG00000001504	302.726064355856	2.01190662009262	0.386499843381534	26.8680796900071	2.17827005741362e-07	4.16942314596089e-05	ENSMUSG00000001504	Irx2	protein_coding	Iroquois homeobox 2	3.56553825533522	13.1826354292703
ENSMUSG00000017830	425.83962079163	1.54913495188811	0.30011195211528	26.7838519233306	2.27530716146572e-07	4.2266730474945e-05	ENSMUSG00000017830	Dhx58	protein_coding	DExH-box helicase 58	5.47809128422614	18.1777193392129
ENSMUSG00000020607	145.300160897592	5.84219459399198	1.00132959388003	26.7793797063915	2.28057898246106e-07	4.2266730474945e-05	ENSMUSG00000020607	Lratd1	protein_coding	LRAT domain containing 1	0.0629263374573446	4.21434721216557
ENSMUSG00000034855	176.197047194241	2.79638087466677	0.530471504620258	26.6154578523231	2.48249586256317e-07	4.52900338926368e-05	ENSMUSG00000034855	Cxcl10	protein_coding	C-X-C motif chemokine ligand 10	2.41296073551531	12.4253785093207
ENSMUSG00000075602	1740.13937758655	1.65712646415962	0.32546332745575	25.9554677239989	3.493844673732e-07	6.18092885007498e-05	ENSMUSG00000075602	Ly6a	protein_coding	lymphocyte antigen 6 family member A	50.7900846803649	195.994172252581
ENSMUSG00000073421	2686.69349593748	1.10673344198842	0.219330890901498	25.7799799694894	3.82636914798125e-07	6.66816211519837e-05	ENSMUSG00000073421	H2-Ab1	protein_coding	histocompatibility 2, class II antigen A, beta 1	72.2602366804014	157.50092622006
ENSMUSG00000031722	377.334671228737	2.94487856801252	0.568373434856773	25.3241568669505	4.84601553669546e-07	8.32089373624355e-05	ENSMUSG00000031722	Hp	protein_coding	haptoglobin	3.66185799034216	20.3963700485054
ENSMUSG00000022014	335.064594518192	1.55830082705568	0.313162219909445	24.9054068217897	6.02133120959488e-07	9.7645921115597e-05	ENSMUSG00000022014	Epsti1	protein_coding	epithelial stromal interaction 1	4.45163330777208	12.4865272864725
ENSMUSG00000034634	224.305543861725	6.82901121893673	1.16528767955145	24.9281378923445	5.95075176617631e-07	9.7645921115597e-05	ENSMUSG00000034634	Ly6d	protein_coding	lymphocyte antigen 6 family member D	0.237070088277797	47.4155763640693
ENSMUSG00000035498	64.2626177915984	8.07734507760388	1.54669284261683	24.9331160490094	5.93540576294694e-07	9.7645921115597e-05	ENSMUSG00000035498	Cdcp1	protein_coding	CUB domain containing protein 1	0.00713460602788746	2.83177568988643
ENSMUSG00000035042	71.8044653121652	1.91794862383126	0.386011298415948	24.7726728237753	6.45055361057937e-07	0.000103173512270034	ENSMUSG00000035042	Ccl5	protein_coding	C-C motif chemokine ligand 5	3.82956782671911	13.6673723156485
ENSMUSG00000000303	392.565935756899	5.04633097742574	0.912342782534364	24.6522951332689	6.8662931584798e-07	0.000106894451891214	ENSMUSG00000000303	Cdh1	protein_coding	cadherin 1	0.261129957642677	8.15829109282915
ENSMUSG00000032013	679.714341002548	7.30566266055927	1.21195888493214	24.4071148392701	7.79801685707343e-07	0.000118639871328248	ENSMUSG00000032013	Trim29	protein_coding	tripartite motif-containing 29	0.21484214241388	23.5776998661546
ENSMUSG00000032661	131.298270826877	3.71695758346368	0.715352709734159	24.4007132026714	7.82397232980056e-07	0.000118639871328248	ENSMUSG00000032661	Oas3	protein_coding	2'-5' oligoadenylate synthetase 3	0.227224289290495	3.04418031344508
ENSMUSG00000096727	601.16512611236	1.0699994967783	0.218290405850084	24.3171478522632	8.17084252412441e-07	0.000121429584411678	ENSMUSG00000096727	Psmb9	protein_coding	proteasome (prosome, macropain) subunit, beta type 9 (large multifunctional peptidase 2)	20.2552297874744	44.9276063090841
ENSMUSG00000028977	329.912292049737	2.97168898841286	0.591320481000824	23.7912231181236	1.07370945952585e-06	0.0001547732302398	ENSMUSG00000028977	Casz1	protein_coding	castor zinc finger 1	0.623946729056207	2.04541061108707
ENSMUSG00000034438	69.5785744482221	2.27976708767115	0.467003006089661	23.7184050034431	1.11511014013233e-06	0.000158780804831526	ENSMUSG00000034438	Gbp8	protein_coding	guanylate-binding protein 8	0.579516751893528	2.98184830404642
ENSMUSG00000078853	711.591116936158	1.14027214140968	0.238250565678016	23.1835664512092	1.47250308196326e-06	0.000202269952764742	ENSMUSG00000078853	Igtp	protein_coding	interferon gamma induced GTPase	10.1804874449284	25.813527811415
ENSMUSG00000037849	89.3638356137058	2.92171569283076	0.592978130340641	23.1023573868607	1.53602262333928e-06	0.000208541862210574	ENSMUSG00000037849	Ifi206	protein_coding	interferon activated gene 206	0.367524036134342	3.40309611003632
ENSMUSG00000034777	31.4005268056682	4.72241496268801	0.947770879499142	23.0774291789063	1.5560667257137e-06	0.000208834886085438	ENSMUSG00000034777	Vax2	protein_coding	ventral anterior homeobox 2	0.0933982984171497	3.57110651588647
ENSMUSG00000000386	222.192439024553	3.12359433357413	0.631146025765707	22.8752112957672	1.72866918064679e-06	0.00022426601503591	ENSMUSG00000000386	Mx1	protein_coding	MX dynamin-like GTPase 1	0.76328045217963	5.18618213332645
ENSMUSG00000073491	232.461061765307	2.94079159352442	0.597545449274312	22.8417884371547	1.75899238839005e-06	0.000225692254141123	ENSMUSG00000073491	Ifi213	protein_coding	interferon activated gene 213	1.03628093463207	8.34847204146456
ENSMUSG00000079017	2210.73327591332	2.62871755624142	0.540251058303637	22.6768251863118	1.9166560862662e-06	0.000243248657209175	ENSMUSG00000079017	Ifi27l2a	protein_coding	interferon, alpha-inducible protein 27 like 2A	89.4325951059559	607.800720559842
ENSMUSG00000015340	962.822323413324	1.33020128790783	0.280883116336068	22.6365076814758	1.95729865487798e-06	0.000245735689186616	ENSMUSG00000015340	Cybb	protein_coding	cytochrome b-245, beta polypeptide	5.49858097823187	11.4560197386806
ENSMUSG00000068246	78.0868999803547	2.68052547844591	0.556618859593638	22.4873168342985	2.11535702600083e-06	0.000262754347187082	ENSMUSG00000068246	Apol9b	protein_coding	apolipoprotein L 9b	0.816055783833068	5.12943931292712
ENSMUSG00000059089	165.383730493094	1.68758829451841	0.357662687498807	22.3651898840757	2.25423010522519e-06	0.00027705674430115	ENSMUSG00000059089	Fcgr4	protein_coding	Fc receptor, IgG, low affinity IV	3.30139304280196	8.92080381849012
ENSMUSG00000024610	6226.67625629284	1.01999653989423	0.217863166727513	22.2084005527689	2.44601240696148e-06	0.00029749625899669	ENSMUSG00000024610	Cd74	protein_coding	CD74 antigen (invariant polypeptide of major histocompatibility complex, class II antigen-associated)	169.978499532418	331.610396207564
ENSMUSG00000053835	132.587597717161	1.92578536104389	0.409379357306347	22.0751892927187	2.62176548091838e-06	0.000315584884074257	ENSMUSG00000053835	H2-T24	protein_coding	histocompatibility 2, T region locus 24	1.53262881224211	6.24997458549323
ENSMUSG00000025161	445.222561848996	1.44147033468101	0.308456604016347	21.9986231306235	2.72846128504468e-06	0.000325076673103895	ENSMUSG00000025161	Slc16a3	protein_coding	solute carrier family 16 (monocarboxylic acid transporters), member 3	4.960824743098	13.9347613433377
ENSMUSG00000042367	79.0017842135525	7.76132648362915	1.49048172702045	21.7910080316337	3.0402163878085e-06	0.000358561278222748	ENSMUSG00000042367	Gjb3	protein_coding	gap junction protein, beta 3	0.0170480160024366	4.20610454522644
ENSMUSG00000021950	602.910598550538	3.66465922346966	0.744344046460001	21.6741603463324	3.23114527431741e-06	0.000369871100224805	ENSMUSG00000021950	Anxa8	protein_coding	annexin A8	2.45577305918104	20.2700800766531
ENSMUSG00000026395	806.079220448498	1.09762231710182	0.237175207629545	21.6906010122861	3.20357073978162e-06	0.000369871100224805	ENSMUSG00000026395	Ptprc	protein_coding	protein tyrosine phosphatase receptor type C	5.21115355423398	9.54267689457254
ENSMUSG00000032262	103.25407253106	4.72994249253339	0.93525393458862	21.678944949098	3.2230959883231e-06	0.000369871100224805	ENSMUSG00000032262	Elovl4	protein_coding	ELOVL fatty acid elongase 4	0.130763764229675	2.52857945128826
ENSMUSG00000066677	96.6493343210609	2.43052116284228	0.518125817108244	21.5467938997744	3.4529945860306e-06	0.000387665046023973	ENSMUSG00000066677	Ifi208	protein_coding	interferon activated gene 208	0.443387784314077	3.02962399281418
ENSMUSG00000053522	682.267294935499	6.85403781413303	1.23199303056048	21.4175696623528	3.69370862066388e-06	0.000410740398617824	ENSMUSG00000053522	Lgals7	protein_coding	lectin, galactose binding, soluble 7	1.16015412991851	174.554499929421
ENSMUSG00000000204	264.187631231058	3.31502707499206	0.693379568812802	21.0356407972915	4.50818735698916e-06	0.000487385144261162	ENSMUSG00000000204	Slfn4	protein_coding	schlafen 4	0.592003599451614	6.92136713926237
ENSMUSG00000020641	434.16936687983	2.52921921040273	0.542658131004615	20.9689389095932	4.66790310957232e-06	0.000500022355113454	ENSMUSG00000020641	Rsad2	protein_coding	radical S-adenosyl methionine domain containing 2	1.45946976877484	8.81871158268132
ENSMUSG00000006411	345.755712267421	3.97054082801619	0.812691930255405	20.9202705784763	4.78801032938438e-06	0.000508225532780837	ENSMUSG00000006411	Nectin4	protein_coding	nectin cell adhesion molecule 4	0.701647772435089	3.95718276471098
ENSMUSG00000047793	9725.34620999586	-1.11649196871049	0.237181760122218	20.8934365141296	4.85555486359299e-06	0.000510751879164971	ENSMUSG00000047793	Sned1	protein_coding	sushi, nidogen and EGF-like domains 1	67.4101590642977	29.1696292048773
ENSMUSG00000030124	558.034932831849	-1.21175455188597	0.257838764369541	20.799345907059	5.10003789831384e-06	0.000531678950899218	ENSMUSG00000030124	Lag3	protein_coding	lymphocyte-activation gene 3	17.128323591744	7.54191734660849
ENSMUSG00000030921	915.649131705951	1.30725517580632	0.288585078662814	20.7251862679288	5.3014098363726e-06	0.000547781073004305	ENSMUSG00000030921	Trim30a	protein_coding	tripartite motif-containing 30A	7.03698010238304	19.7195385911512
ENSMUSG00000044703	40.7736232263928	3.04004711372222	0.664435601785905	20.3863866115972	6.32783433241733e-06	0.000636929255735386	ENSMUSG00000044703	Phf11a	protein_coding	PHD finger protein 11A	0.277731822917445	2.70372915974657
ENSMUSG00000029605	248.060440295576	1.3657714768965	0.305247417158137	20.2127604757355	6.9289196474927e-06	0.000691470647898502	ENSMUSG00000029605	Oas1b	protein_coding	2'-5' oligoadenylate synthetase 1B	4.00424675544874	11.3773509376975
ENSMUSG00000054889	2649.72599807214	10.3571854661604	1.69451818914037	19.9478331096035	7.95840987095759e-06	0.000780860450868074	ENSMUSG00000054889	Dsp	protein_coding	desmoplakin	0.0130515759764811	19.5924860932835
ENSMUSG00000057346	68.8880909856739	3.28953080818082	0.716983854583628	19.7117212624589	9.00473595219736e-06	0.000876160808148803	ENSMUSG00000057346	Apol9a	protein_coding	apolipoprotein L 9a	0.368697616782599	5.29813902721741
ENSMUSG00000026413	653.130359158732	10.0184594224453	1.7135067527893	19.5482661612899	9.80897212925448e-06	0.000946525277530375	ENSMUSG00000026413	Pkp1	protein_coding	plakophilin 1	0.0191544653917373	18.8476159930184
ENSMUSG00000039264	64.0888248384237	1.64955962201565	0.375895522423298	19.4748063852949	1.01935327154591e-05	0.000975571212997544	ENSMUSG00000039264	Gimap3	protein_coding	GTPase, IMAP family member 3	0.789676825035751	2.30403453421692
ENSMUSG00000029816	460.395324111317	4.09777482746064	0.867339363816977	19.3267448860299	1.10152604456125e-05	0.00102891344770377	ENSMUSG00000029816	Gpnmb	protein_coding	glycoprotein (transmembrane) nmb	0.871061713575375	5.34589989997192
ENSMUSG00000023232	286.810864658313	3.09189755799429	0.681394853845665	19.2444684774102	1.15003104412515e-05	0.00105730413159096	ENSMUSG00000023232	Serinc2	protein_coding	serine incorporator 2	1.71895492608096	8.63554513552595
ENSMUSG00000076498	25.7799186490669	3.66530911710311	0.821623927567305	19.2482150212498	1.14777640598502e-05	0.00105730413159096	ENSMUSG00000076498	Trbc2	TR_C_gene	T cell receptor beta, constant 2	0.34900180073442	4.37081195431257
ENSMUSG00000039395	216.447558847778	2.44639775389605	0.552429932062332	19.0598870124629	1.26679747096665e-05	0.00115555681804739	ENSMUSG00000039395	Mreg	protein_coding	melanoregulin	1.50934468189825	5.59097397185607
ENSMUSG00000022096	2339.43283258179	1.11786479971697	0.257766554271013	19.0369785344736	1.28209652924738e-05	0.00116044643996065	ENSMUSG00000022096	Hr	protein_coding	lysine demethylase and nuclear receptor corepressor	12.8978462613991	25.3896743828059
ENSMUSG00000068245	639.505967987527	1.49572412286602	0.344413859047221	18.9779712869852	1.32236359786374e-05	0.00118768595143516	ENSMUSG00000068245	Phf11d	protein_coding	PHD finger protein 11D	10.3194258449977	34.468078741777
ENSMUSG00000023341	218.155751555109	1.68268566459887	0.387327855434742	18.8842556735039	1.38894288478354e-05	0.00121934564832576	ENSMUSG00000023341	Mx2	protein_coding	MX dynamin-like GTPase 2	3.38071229096925	12.3038475290692
ENSMUSG00000029055	105.600426159837	5.63633991382256	1.15962731732427	18.9027638069848	1.37553239676027e-05	0.00121934564832576	ENSMUSG00000029055	Plch2	protein_coding	phospholipase C, eta 2	0.0555479806973004	3.94676168850793
ENSMUSG00000002104	72.0737987788735	1.63300252965209	0.378208513503901	18.8503010315363	1.41388785368745e-05	0.00123198168504886	ENSMUSG00000002104	Rapsn	protein_coding	receptor-associated protein of the synapse	1.32702211902125	3.36919997797249
ENSMUSG00000091649	175.650521664966	2.0399873582419	0.468526048881083	18.8006843276639	1.45115047644522e-05	0.00125508392318329	ENSMUSG00000091649	Phf11b	protein_coding	PHD finger protein 11B	3.21022420614114	14.1200122368333
ENSMUSG00000001166	69.4119689222004	1.59931578806085	0.371648370673614	18.6746331335258	1.55031324325665e-05	0.00133098951678417	ENSMUSG00000001166	Oas1c	protein_coding	2'-5' oligoadenylate synthetase 1C	0.810289079055364	2.23962680242963
ENSMUSG00000055413	123.146875492484	1.84053776301551	0.425447350218609	18.6506144785154	1.56996665907005e-05	0.00133802413951108	ENSMUSG00000055413	H2-Q5	protein_coding	histocompatibility 2, Q region locus 5	2.95885504629576	10.6558449294908
ENSMUSG00000038068	271.545735868348	1.14922028397502	0.267761870950919	18.6304048153822	1.58669708784381e-05	0.00134025314618927	ENSMUSG00000038068	Rnf144b	protein_coding	ring finger protein 144B	1.64336970046983	3.49481969301428
ENSMUSG00000094796	43.8685681710723	2.99126176500723	0.68102737749663	18.6198098824936	1.59553945974913e-05	0.00134025314618927	ENSMUSG00000094796	Tcstv4	protein_coding	Tcstv family member 4	0.416245720430651	3.37343289804966
ENSMUSG00000054072	1004.58055001186	1.61210381404378	0.376620797425502	18.3705027335257	1.81851521238834e-05	0.00151664168713188	ENSMUSG00000054072	Iigp1	protein_coding	interferon inducible GTPase 1	8.82818943272772	29.5062120322829
ENSMUSG00000040714	105.03574729294	3.13346451377637	0.714612134426227	18.0669418878589	2.13272368158601e-05	0.00176607671675165	ENSMUSG00000040714	Klc3	protein_coding	kinesin light chain 3	0.60111346530318	5.5874295479922
ENSMUSG00000025481	69.120901534816	7.70228819721385	1.62258177939624	18.0286000337768	2.17611023682168e-05	0.00178381735930703	ENSMUSG00000025481	Urah	protein_coding	urate (5-hydroxyiso-) hydrolase	0.0565585404809785	9.1812959169458
ENSMUSG00000070034	648.098749734394	1.1130312198569	0.263839822118066	18.0210978576785	2.18470265828113e-05	0.00178381735930703	ENSMUSG00000070034	Sp110	protein_coding	Sp110 nuclear body protein	9.9093339394584	24.3784160954345
ENSMUSG00000045545	1161.58461568003	10.2105385129616	1.79785510115048	17.955510821842	2.26128772649959e-05	0.00183170542716053	ENSMUSG00000045545	Krt14	protein_coding	keratin 14	0.0855201452355811	21.0674645694556
ENSMUSG00000022479	329.649359055268	3.4914761611153	0.791314621901958	17.6802181770261	2.6133027825197e-05	0.00206168400599325	ENSMUSG00000022479	Vdr	protein_coding	vitamin D (1,25-dihydroxyvitamin D3) receptor	0.52824234049735	10.6618397448623
ENSMUSG00000042306	553.023600451528	6.62937926339669	1.32554541098637	17.610607626639	2.7107212089807e-05	0.00211002538907057	ENSMUSG00000042306	S100a14	protein_coding	S100 calcium binding protein A14	0.643712981859416	31.2059375759987
ENSMUSG00000027315	206.171641925949	4.9098130208144	1.05863914410128	17.5924520836009	2.73672412966919e-05	0.00211615834026606	ENSMUSG00000027315	Spint1	protein_coding	serine protease inhibitor, Kunitz type 1	0.329598857034515	3.18774795085757
ENSMUSG00000037989	119.520928245592	2.30840491172759	0.545942921668529	17.564551453095	2.77717370369409e-05	0.00213330790554817	ENSMUSG00000037989	Wnk2	protein_coding	WNK lysine deficient protein kinase 2	0.332379040145467	2.08886702460824
ENSMUSG00000073555	128.917604502328	1.70156544964025	0.407579514577041	17.4982854550938	2.87566899269641e-05	0.00219453014109303	ENSMUSG00000073555	Iigp1c	protein_coding	interferon inducible GTPase 1C	1.12128070950723	4.42114958689176
ENSMUSG00000028435	117.001141492032	4.26771851254308	0.949981291842982	17.4832722215348	2.89846750518607e-05	0.00219756536302289	ENSMUSG00000028435	Aqp3	protein_coding	aquaporin 3	0.421724169531435	7.95927168497152
ENSMUSG00000078920	653.244339809914	1.1204828146974	0.269789206348476	17.4633885297331	2.92894194801959e-05	0.00220006028247531	ENSMUSG00000078920	Ifi47	protein_coding	interferon gamma inducible protein 47	12.028282651284	27.2845636510322
ENSMUSG00000027985	186.614367724234	2.68638162929207	0.63356361711725	17.2545818245305	3.26908257955035e-05	0.00243119797444777	ENSMUSG00000027985	Lef1	protein_coding	lymphoid enhancer binding factor 1	1.01708007488664	8.73612826420752
ENSMUSG00000050335	939.629215480245	1.79806351745285	0.432832696134801	17.2004339498195	3.36359510851958e-05	0.00245458353044216	ENSMUSG00000050335	Lgals3	protein_coding	lectin, galactose binding, soluble 3	15.9090065336526	49.4901597634083
ENSMUSG00000045868	903.771303614438	1.11715307060192	0.27135820801508	17.1618512706667	3.43261055445108e-05	0.00248938887166278	ENSMUSG00000045868	Gvin1	protein_coding	GTPase, very large interferon inducible 1	3.03504344839118	7.36893590741885
ENSMUSG00000038295	203.419383796028	5.21383051786189	1.13296566383432	16.9155281351746	3.90805766935867e-05	0.00276548371802617	ENSMUSG00000038295	Atg9b	protein_coding	autophagy related 9B	0.176367834721399	2.1156876403395
ENSMUSG00000079227	459.920626536987	1.00766693923914	0.246858276371722	16.8653395403158	4.0127696702074e-05	0.00280557477061926	ENSMUSG00000079227	Ccr5	protein_coding	C-C motif chemokine receptor 5	3.54291202873966	6.31770632068412
ENSMUSG00000049313	306.84872298774	1.58161393721803	0.38722269490899	16.7392073322045	4.28855173777036e-05	0.0029629071059294	ENSMUSG00000049313	Sorl1	protein_coding	sortilin-related receptor, LDLR class A repeats-containing	0.764454479202802	2.40168139697944
ENSMUSG00000046056	393.450508201034	2.4730317867167	0.59491519988128	16.7184075383371	4.33582596506498e-05	0.00297086084341824	ENSMUSG00000046056	Sbsn	protein_coding	suprabasin	3.78549368155237	23.9907034913421
ENSMUSG00000025885	55.1039670584143	2.66140834426386	0.645309848397578	16.6969036008817	4.38525149703422e-05	0.00297687188833555	ENSMUSG00000025885	Myo5b	protein_coding	myosin VB	0.323845596359748	2.24674989260279
ENSMUSG00000037921	420.569754337064	1.42160754108674	0.349752781843181	16.6489574694066	4.49750206896205e-05	0.00303542393972259	ENSMUSG00000037921	Ddx60	protein_coding	DExD/H box helicase 60	1.9275911129956	5.31479508730421
ENSMUSG00000054252	344.111054913601	1.7995130709865	0.44269882457681	16.4762341201976	4.92637403748969e-05	0.00328687675781312	ENSMUSG00000054252	Fgfr3	protein_coding	fibroblast growth factor receptor 3	2.40747856305409	8.96969752088263
ENSMUSG00000084128	262.562551338721	8.40463327963526	1.66766108556535	16.4558990971484	4.97949928740317e-05	0.00330344509543861	ENSMUSG00000084128	Esrp2	protein_coding	epithelial splicing regulatory protein 2	0.0200979308390262	2.59529980794771
ENSMUSG00000016496	147.120317493213	1.1789985688672	0.294112968792694	16.2413874773032	5.57625033863951e-05	0.00367843496914999	ENSMUSG00000016496	Cd274	protein_coding	CD274 antigen	1.23302290937667	2.58383765647557
ENSMUSG00000020303	110.99320164144	1.85096078683906	0.461653970363017	16.1033195540989	5.99788100160656e-05	0.0039123608142323	ENSMUSG00000020303	Stc2	protein_coding	stanniocalcin 2	0.54374873181222	2.14012847174734
ENSMUSG00000015355	241.132008665999	1.31605372156946	0.331357738423633	15.9502426768809	6.50294414031347e-05	0.00414909157280328	ENSMUSG00000015355	Cd48	protein_coding	CD48 antigen	5.79852801557222	14.1708659772397
ENSMUSG00000027843	71.5229919775321	1.44556104752271	0.366026041622101	15.7386737834442	7.27220431226852e-05	0.00458974365135391	ENSMUSG00000027843	Ptpn22	protein_coding	protein tyrosine phosphatase, non-receptor type 22 (lymphoid)	1.16698446843232	3.41222362183823
ENSMUSG00000038932	82.0229862026928	2.61947163043287	0.650340774913293	15.7241105823589	7.32840686181744e-05	0.00460034830745056	ENSMUSG00000038932	Tcfl5	protein_coding	transcription factor-like 5 (basic helix-loop-helix)	0.459723310532682	2.42558425420145
ENSMUSG00000061048	146.57725679434	3.36113720659512	0.816457128236914	15.6083460945405	7.79099451828005e-05	0.00486458032061165	ENSMUSG00000061048	Cdh3	protein_coding	cadherin 3	0.30593099224901	3.29461361180631
ENSMUSG00000004707	176.328371309404	1.55228676824811	0.394894606520381	15.5486186622098	8.04103785170552e-05	0.00496757449505363	ENSMUSG00000004707	Ly9	protein_coding	lymphocyte antigen 9	1.95015613032591	4.60418711288681
ENSMUSG00000021880	74.8250229025678	1.59164268803777	0.40485772562103	15.5526141391272	8.02406200192392e-05	0.00496757449505363	ENSMUSG00000021880	Rnase6	protein_coding	ribonuclease, RNase A family, 6	1.35774954182583	3.94403179647998
ENSMUSG00000043430	88.4403335683849	4.4271087447937	1.04951891712775	15.3357264639177	8.99983027527382e-05	0.00550167635047629	ENSMUSG00000043430	Psapl1	protein_coding	prosaposin-like 1	0.161787037883917	4.95337023411863
ENSMUSG00000015947	560.008770267139	1.21783314708248	0.312962658100176	15.3195263444076	9.07733718194464e-05	0.00552015567377008	ENSMUSG00000015947	Fcgr1	protein_coding	Fc receptor, IgG, high affinity I	6.40660269756295	13.5053571180811
ENSMUSG00000025504	195.546122809205	2.26835735446046	0.574496237361637	15.2646068236659	9.34512403490791e-05	0.00562441588822602	ENSMUSG00000025504	Eps8l2	protein_coding	EPS8-like 2	1.46227583329834	5.67649878014481
ENSMUSG00000041362	263.138439449399	1.20144742027339	0.312619361640488	14.9544958411988	0.000110135321719708	0.00644358957817695	ENSMUSG00000041362	Shtn1	protein_coding	shootin 1	1.76504652999711	3.81749869213904
ENSMUSG00000004864	79.3729564405829	4.87102182260912	1.15519748467593	14.9193983896307	0.000112203291875833	0.00648557245515952	ENSMUSG00000004864	Mapk13	protein_coding	mitogen-activated protein kinase 13	0.249008555128507	3.31814036170605
ENSMUSG00000092586	42.7282347931233	4.71264481706883	1.13620610299175	14.9082174677687	0.000112870254981326	0.00649198570030523	ENSMUSG00000092586	Ly6g6c	protein_coding	lymphocyte antigen 6 family member G6C	0.213925627256422	4.73896484978298
ENSMUSG00000015957	67.1226838115034	3.73890037881728	0.924856684361439	14.8520404815975	0.000116282204455598	0.0066386675540186	ENSMUSG00000015957	Wnt11	protein_coding	wingless-type MMTV integration site family, member 11	0.241933587340026	2.26696254664287
ENSMUSG00000019851	1504.53686007903	5.75444337750936	1.29852717112758	14.7240845951729	0.000124446389054411	0.00698575018557359	ENSMUSG00000019851	Perp	protein_coding	PERP, TP53 apoptosis effector	1.43774229644596	51.3500843380162
ENSMUSG00000021678	289.104661990561	1.36718409167371	0.358536357110118	14.658367694342	0.000128861294055821	0.00715908154082108	ENSMUSG00000021678	F2rl1	protein_coding	F2R like trypsin receptor 1	3.12346323430165	7.37694036704635
ENSMUSG00000040552	750.436220176347	1.1931327793784	0.313630010668292	14.640293909962	0.000130102918357864	0.00715908154082108	ENSMUSG00000040552	C3ar1	protein_coding	complement component 3a receptor 1	5.51896829958665	10.9036803425674
ENSMUSG00000000308	44.259588138847	5.4563423877647	1.32889295803029	14.5167506857298	0.000138918801865115	0.00745839362697251	ENSMUSG00000000308	Ckmt1	protein_coding	creatine kinase, mitochondrial 1, ubiquitous	0.172455132783882	8.55341409650317
ENSMUSG00000041782	300.3850810108	3.38719236456909	0.852819472661128	14.4183634113207	0.000146368038478888	0.00773300098316513	ENSMUSG00000041782	Lad1	protein_coding	ladinin	1.00834341515013	7.36937174859549
ENSMUSG00000025993	451.815919017921	2.45831402919368	0.640107245408707	14.2794317130254	0.000157577361535516	0.00821371997003877	ENSMUSG00000025993	Slc40a1	protein_coding	solute carrier family 40 (iron-regulated transporter), member 1	2.29282992200326	5.34498730438013
ENSMUSG00000041827	238.202813763147	2.68411577388912	0.696110900088228	14.2337918628529	0.000161445242349586	0.00837793177632785	ENSMUSG00000041827	Oasl1	protein_coding	2'-5' oligoadenylate synthetase-like 1	1.26175547436654	10.5005763423329
ENSMUSG00000021728	265.636211720814	1.58775438788174	0.422255566334983	14.2002770623498	0.000164346312696374	0.00849074135859674	ENSMUSG00000021728	Emb	protein_coding	embigin	2.05608144162304	8.15398982230947
ENSMUSG00000047501	196.170349167271	8.87545116086091	1.90995110391567	14.154327688588	0.000168409265786126	0.00862432713736321	ENSMUSG00000047501	Cldn4	protein_coding	claudin 4	0.0278855367776606	4.14947003327243
ENSMUSG00000020437	291.662589943084	1.1688871794549	0.312831118334486	14.1430246548283	0.00016942411579932	0.00863841037586404	ENSMUSG00000020437	Myo1g	protein_coding	myosin IG	2.87559048258763	7.23571253617206
ENSMUSG00000049103	1020.13918571028	1.33169260606176	0.356592911302683	14.075794970813	0.000175588943642629	0.00891381089552753	ENSMUSG00000049103	Ccr2	protein_coding	C-C motif chemokine receptor 2	7.36392393642799	16.211466220967
ENSMUSG00000027322	925.108643563105	1.90704269400744	0.508044906500573	13.9857278514756	0.000184203582539645	0.00927052167988315	ENSMUSG00000027322	Siglec1	protein_coding	sialic acid binding Ig-like lectin 1, sialoadhesin	3.17514877878555	10.4230491042589
ENSMUSG00000040026	104.434110087449	3.83397746073055	0.968817941345935	13.9764861314335	0.000185111264561347	0.00927621942067936	ENSMUSG00000040026	Saa3	protein_coding	serum amyloid A 3	1.57641707351739	5.30359329670259
ENSMUSG00000079293	252.954669636704	1.88196146190622	0.504285474132584	13.8568399543623	0.000197277365675593	0.00976021407469587	ENSMUSG00000079293	Clec7a	protein_coding	C-type lectin domain family 7, member a	2.74175692713816	10.4728493203027
ENSMUSG00000021886	171.277141542037	1.1157286452754	0.302375207299727	13.7845408629911	0.000205016291528871	0.0101002962864603	ENSMUSG00000021886	Gpr65	protein_coding	G-protein coupled receptor 65	2.69869364528487	5.92807469791146
ENSMUSG00000047281	1831.03762037415	3.55136501462063	0.909574667665564	13.7148126561112	0.000212769714735906	0.0104382318876321	ENSMUSG00000047281	Sfn	protein_coding	stratifin	9.18640414594765	67.1738795893787
ENSMUSG00000031995	433.14412657639	3.3521355716327	0.866568997469775	13.6907845938985	0.000215509410232928	0.0104410285223222	ENSMUSG00000031995	St14	protein_coding	suppression of tumorigenicity 14 (colon carcinoma)	1.26316110947524	4.01649352140799
ENSMUSG00000035105	353.210494475078	1.61545231266206	0.43697380999933	13.6984095872303	0.000214636175028726	0.0104410285223222	ENSMUSG00000035105	Egln3	protein_coding	egl-9 family hypoxia-inducible factor 3	3.3171552019604	10.1759468244618
ENSMUSG00000057596	373.710659333857	1.10462586573696	0.30041888722226	13.6952152097009	0.000215001569175215	0.0104410285223222	ENSMUSG00000057596	Trim30d	protein_coding	tripartite motif-containing 30D	3.86782471427174	9.68662357497401
ENSMUSG00000024747	1353.17316739747	-1.1172860792165	0.293489977797979	13.6805029106543	0.000216692567416345	0.0104549686659225	ENSMUSG00000024747	Aldh1a7	protein_coding	aldehyde dehydrogenase family 1, subfamily A7	39.0463775892117	21.1481244559452
ENSMUSG00000076490	18.0989770841936	2.75449496496058	0.745825942366415	13.6600497858693	0.000219065691760563	0.0105259712633594	ENSMUSG00000076490	Trbc1	TR_C_gene	T cell receptor beta, constant region 1	0.38173245801392	3.44324012274467
ENSMUSG00000032368	235.171553265056	-2.12058483775272	0.537605673434724	13.6182455045368	0.000223997919539692	0.0107188512645305	ENSMUSG00000032368	Zic1	protein_coding	zinc finger protein of the cerebellum 1	6.09707031864107	1.58696635539391
ENSMUSG00000028037	245.854769723222	1.28469151310358	0.351644520226872	13.4848722289781	0.000240494513961068	0.011402521665776	ENSMUSG00000028037	Ifi44	protein_coding	interferon-induced protein 44	2.99194046529519	8.04340177510825
ENSMUSG00000039457	525.782303456541	8.90826863666302	1.88298283914219	13.4915256753641	0.000239643268535206	0.011402521665776	ENSMUSG00000039457	Ppl	protein_coding	periplakin	0.00717881088047845	2.28476250987058
ENSMUSG00000029999	156.925859277117	2.3200679160984	0.633555248364798	13.107363316686	0.000294137377171449	0.0135744980863788	ENSMUSG00000029999	Tgfa	protein_coding	transforming growth factor alpha	0.542543705938466	2.15873182308129
ENSMUSG00000009097	53.7746661605714	3.45941198321567	0.920111933404206	13.0878004001661	0.000297225157307856	0.013662995813884	ENSMUSG00000009097	Tbx1	protein_coding	T-box 1	0.179677454631197	2.09829591889787
ENSMUSG00000028749	154.096157511911	10.1505428597546	2.23900330529444	12.9536682183278	0.000319295247886134	0.0143941749587587	ENSMUSG00000028749	Pla2g2f	protein_coding	phospholipase A2, group IIF	0	5.9805171132503
ENSMUSG00000060962	241.978418029251	8.89355334837422	1.98042910409687	12.863576867077	0.000335039589823758	0.0150081195667693	ENSMUSG00000060962	Dmkn	protein_coding	dermokine	0.049170223391432	25.317350970108
ENSMUSG00000024675	128.361094440198	2.66342190221152	0.728144972126997	12.8288663042053	0.000341312496722027	0.0150953208777515	ENSMUSG00000024675	Ms4a4c	protein_coding	membrane-spanning 4-domains, subfamily A, member 4C	1.56794322607976	9.83578303435764
ENSMUSG00000030713	321.062610251545	2.36791356084475	0.652173338955595	12.833218429704	0.000340519529640733	0.0150953208777515	ENSMUSG00000030713	Klk7	protein_coding	kallikrein related-peptidase 7 (chymotryptic, stratum corneum)	2.8111269858663	18.7407093953913
ENSMUSG00000078921	604.637193744138	1.33156062171159	0.376219777900731	12.6442188870693	0.000376728841959894	0.0165364133786606	ENSMUSG00000078921	Tgtp2	protein_coding	T cell specific GTPase 2	6.37189098058103	19.0511731933038
ENSMUSG00000076441	461.833902011419	1.93517123415285	0.542272001141621	12.6301287497958	0.000379579032797279	0.0165371820408247	ENSMUSG00000076441	Ass1	protein_coding	argininosuccinate synthetase 1	6.4979201853204	14.5775321161426
ENSMUSG00000115420	723.322385787077	-2.02201732982759	0.533327064707135	12.6143911089389	0.000382788208808837	0.0166150004685947	ENSMUSG00000115420	Rmrp	lncRNA	RNA component of mitochondrial RNAase P	326.268100860425	91.9958309517933
ENSMUSG00000050105	597.753179979882	-1.01855550571653	0.280706055068999	12.5412971186182	0.000398055885616981	0.0170871342664113	ENSMUSG00000050105	Fam110d	protein_coding	family with sequence similarity 110, member D	35.0394147551431	16.8431374682851
ENSMUSG00000069601	405.39638063803	1.96373369011748	0.554500483530958	12.42987477935	0.000422520229492107	0.0180708651998162	ENSMUSG00000069601	Ank3	protein_coding	ankyrin 3, epithelial	1.73001191871914	6.90789773085003
ENSMUSG00000022468	215.09924794933	2.59938718497627	0.723349538263804	12.4199630062941	0.000424768653957682	0.0180815022032923	ENSMUSG00000022468	Endou	protein_coding	endonuclease, polyU-specific	1.42574809299072	3.94143841228583
ENSMUSG00000093938	263.223617986858	1.09833153699674	0.314574212395783	12.3415603432755	0.000442984603049124	0.0186053533280632	ENSMUSG00000093938	Evi2b	protein_coding	ecotropic viral integration site 2b	4.18733920061097	9.02577707430625
ENSMUSG00000121501	215.72292485083	1.44662868911687	0.416500044839381	12.1617387418633	0.000487798821191263	0.0201969469369829	ENSMUSG00000121501	Gvin-ps7	lncRNA	GTPase, very large interferon inducible, pseudogene 7	1.50070807595222	4.92167111919668
ENSMUSG00000030137	144.34716799014	3.08296509385071	0.85607393852129	12.1512929557865	0.000490538460202352	0.0202386115241084	ENSMUSG00000030137	Tuba8	protein_coding	tubulin, alpha 8	0.622426665677244	7.48215575795734
ENSMUSG00000033508	321.77929265742	4.95485188805495	1.2829227886398	12.0377413058117	0.000521341061441732	0.0212096802557271	ENSMUSG00000033508	Asprv1	protein_coding	aspartic peptidase, retroviral-like 1	0.742704440149991	8.25823856602184
ENSMUSG00000073409	794.786160513338	1.75033928240472	0.503869713070821	12.042811231171	0.000519925004323743	0.0212096802557271	ENSMUSG00000073409	H2-Q6	protein_coding	histocompatibility 2, Q region locus 6	5.80220670623078	21.7727064269724
ENSMUSG00000056888	62.6045352736093	1.33769688854799	0.387616603816626	12.0192636230435	0.000526535008304934	0.021223197127142	ENSMUSG00000056888	Glipr1	protein_coding	GLI pathogenesis related 1	1.92183145388141	4.37815585718554
ENSMUSG00000000244	116.4756093549	1.14503575866798	0.333983677305597	11.9135583391568	0.000557268487750385	0.0222831056951147	ENSMUSG00000000244	Tspan32	protein_coding	tetraspanin 32	2.34024584461581	5.32854028240928
ENSMUSG00000053063	501.10805762685	1.12255637601837	0.330201401770663	11.7006512040393	0.00062478228555612	0.0241554899541499	ENSMUSG00000053063	Clec12a	protein_coding	C-type lectin domain family 12, member a	6.10831832646317	10.5255740451141
ENSMUSG00000050359	797.359572443565	9.03728761949161	2.02913871181207	11.6380204740284	0.00064617330914464	0.0247127934960343	ENSMUSG00000050359	Sprr1a	protein_coding	small proline-rich protein 1A	0.104616806372357	32.226153468144
ENSMUSG00000040564	79.3448637048382	2.1965475819111	0.639790407048827	11.6201525880975	0.000652410486676613	0.0248128496496291	ENSMUSG00000040564	Apoc1	protein_coding	apolipoprotein C-I	4.78770697153339	26.4611117834927
ENSMUSG00000039323	134.248827765165	2.48468052394315	0.721698395227732	11.5030269384318	0.000694829461649826	0.02603384461541	ENSMUSG00000039323	Igfbp2	protein_coding	insulin-like growth factor binding protein 2	1.33261834895964	13.4131423465631
ENSMUSG00000078502	65.4430602492917	2.28135806332754	0.668814342269906	11.4591997667292	0.00071140928206556	0.0263695707218968	ENSMUSG00000078502	Zfp268	protein_coding	zinc finger protein 268	0.362420814999123	2.099873894946
ENSMUSG00000038020	182.381283092515	2.34586055812546	0.685248045023749	11.4313274177281	0.000722160744346232	0.0265155624244862	ENSMUSG00000038020	Rapgefl1	protein_coding	Rap guanine nucleotide exchange factor (GEF)-like 1	1.19765308153879	3.68868694126277
ENSMUSG00000001247	164.626230640724	2.17252452655201	0.637769168965345	11.4139494300061	0.000728947052178497	0.0266808331700192	ENSMUSG00000001247	Lsr	protein_coding	lipolysis stimulated lipoprotein receptor	1.43800358121509	3.95097412949038
ENSMUSG00000021118	23.8772638603366	4.32244190181038	1.22018336888141	11.3645631922167	0.000748586802741128	0.0273140609650169	ENSMUSG00000021118	Plek2	protein_coding	pleckstrin 2	0.0709982184811965	2.26982206814007
ENSMUSG00000024399	37.7831089331606	1.36320304864508	0.407827780646783	11.32898642314	0.000763065396345478	0.027755612360529	ENSMUSG00000024399	Ltb	protein_coding	lymphotoxin B	1.04150879649827	2.70739155344643
ENSMUSG00000058354	762.045796916298	11.850925165647	2.58798350829223	11.2930191862563	0.000777990610072908	0.027858971782754	ENSMUSG00000058354	Krt6a	protein_coding	keratin 6A	0	15.2094194446233
ENSMUSG00000020953	32.5685962070092	3.91886683251203	1.10988758533532	11.2038054464153	0.000816297576325133	0.0288820924277947	ENSMUSG00000020953	Coch	protein_coding	cochlin	0.119725520184355	2.62062638246469
ENSMUSG00000008601	89.3793851181803	4.29009330654375	1.19376572683467	11.1659869107796	0.000833106396564308	0.0292112621209756	ENSMUSG00000008601	Rab25	protein_coding	RAB25, member RAS oncogene family	0.724745432608257	3.95230919913926
ENSMUSG00000019866	640.884371191324	2.04675051807965	0.608300423256167	11.1701059775573	0.000831258788228199	0.0292112621209756	ENSMUSG00000019866	Crybg1	protein_coding	crystallin beta-gamma domain containing 1	1.71574472931509	3.67563412979127
ENSMUSG00000053797	109.245622160018	9.65433224935241	2.34099129751345	11.1129767730381	0.000857257893732201	0.0298786363200513	ENSMUSG00000053797	Krt16	protein_coding	keratin 16	0	4.81878552592209
ENSMUSG00000044501	251.9361523964	1.06278012341988	0.321250280833728	11.0949063816699	0.000865651537672154	0.0300813909341074	ENSMUSG00000044501	Zfp758	protein_coding	zinc finger protein 758	2.37651083661239	5.86565121170472
ENSMUSG00000025064	236.267565650802	3.58063844101542	1.02200823925124	11.0632914109817	0.000880536931199172	0.0305078611533577	ENSMUSG00000025064	Col17a1	protein_coding	collagen, type XVII, alpha 1	0.532593354618955	2.81383981500688
ENSMUSG00000048163	420.566968184289	1.00541702681905	0.305930647525114	10.9486946890396	0.000936695792536926	0.0320729034418215	ENSMUSG00000048163	Selplg	protein_coding	selectin, platelet (p-selectin) ligand	8.1957511816012	15.7679096472974
ENSMUSG00000078864	91.1657899852015	-1.35174023812399	0.39772663749828	10.935321039735	0.000943481351742408	0.0322107843945741	ENSMUSG00000078864	Gm14322	protein_coding	predicted gene 14322	7.11819884446582	2.5835167034076
ENSMUSG00000029322	743.606480802807	1.67889676373913	0.508120748151152	10.9248181969421	0.000948845139794783	0.0322994631260755	ENSMUSG00000029322	Plac8	protein_coding	placenta-specific 8	27.0234713358241	105.328351806386
ENSMUSG00000030165	22.6942643101993	1.87465713302426	0.571793249896573	10.8844587205443	0.000969745159951044	0.0327369583144061	ENSMUSG00000030165	Klrd1	protein_coding	killer cell lectin-like receptor, subfamily D, member 1	0.660115703412775	2.24441351914657
ENSMUSG00000078495	272.071755136805	1.01685740209659	0.310356081769089	10.8793971903217	0.000972398900652479	0.0327369583144061	ENSMUSG00000078495	Zfp984	protein_coding	zinc finger protein 984	3.20257924582044	6.40690395703867
ENSMUSG00000117284	480.1642775079	1.13719114383562	0.346984179996665	10.8766090232453	0.000973863861277619	0.0327369583144061	ENSMUSG00000117284	Gm7072	protein_coding	predicted gene 7072	3.4832386263577	8.96878500141183
ENSMUSG00000003032	1355.50040563035	1.11567669465058	0.340533678128681	10.863655841872	0.000980699053717754	0.0328098628974455	ENSMUSG00000003032	Klf4	protein_coding	Kruppel-like transcription factor 4 (gut)	13.3011290627971	30.3066301637351
ENSMUSG00000035095	160.579348403961	3.44655216854789	1.00428348046974	10.7384150882322	0.00104934168308316	0.0342237807030141	ENSMUSG00000035095	Fam167a	protein_coding	family with sequence similarity 167, member A	0.204505915058615	3.06367030558324
ENSMUSG00000025330	202.7430786728	3.52931064032329	1.02683497526581	10.6932911847399	0.00107524745749206	0.0347772557165577	ENSMUSG00000025330	Padi4	protein_coding	peptidyl arginine deiminase, type IV	0.568802236202001	2.56781036608699
ENSMUSG00000040734	378.070044033396	1.56188820682698	0.478745745175858	10.6877186696126	0.0010784912176414	0.0347858106551962	ENSMUSG00000040734	Ppp1r13l	protein_coding	protein phosphatase 1, regulatory subunit 13 like	3.33977729817919	7.77262891456662
ENSMUSG00000037185	501.79375079162	2.27546610310313	0.691412815216581	10.5821007938171	0.0011418782729265	0.0360339749045672	ENSMUSG00000037185	Krt80	protein_coding	keratin 80	2.65125095520812	6.24233006090744
ENSMUSG00000034295	333.851129642939	2.57700902954649	0.783021119074863	10.4190098386173	0.00124724747879105	0.0389381325196905	ENSMUSG00000034295	Fhod3	protein_coding	formin homology 2 domain containing 3	1.38085974880513	6.74857861608148
ENSMUSG00000043557	98.687889935335	1.19005006691292	0.372523680995237	10.3537793658713	0.00129209874851724	0.0399114946764214	ENSMUSG00000043557	Mdga1	protein_coding	MAM domain containing glycosylphosphatidylinositol anchor 1	1.12837854593759	2.0599003853135
ENSMUSG00000040147	70.1463728562136	1.35670784289975	0.424341484133782	10.3376523593686	0.00130343687598838	0.0399874111547465	ENSMUSG00000040147	Maob	protein_coding	monoamine oxidase B	0.878610887831248	2.05548868749926
ENSMUSG00000045394	152.655259587372	7.15297753396611	1.85512609511342	10.3356795860746	0.00130483073398068	0.0399874111547465	ENSMUSG00000045394	Epcam	protein_coding	epithelial cell adhesion molecule	0.0540337972930893	12.4255401567679
ENSMUSG00000058914	92.5645515821094	2.66686795651015	0.813959335637902	10.3396172749603	0.00130205006791098	0.0399874111547465	ENSMUSG00000058914	C1qtnf3	protein_coding	C1q and tumor necrosis factor related protein 3	0.526816453599109	2.55213102168988
ENSMUSG00000032033	69.9369109712684	2.2960598395402	0.710327717910977	10.2731232481493	0.0013498210766047	0.0410429971105117	ENSMUSG00000032033	Barx2	protein_coding	BarH-like homeobox 2	0.602700332309974	2.83344929855684
ENSMUSG00000030149	59.4769239994106	2.1492804638734	0.668970688471914	10.1557762853932	0.00143849810432407	0.042914823164676	ENSMUSG00000030149	Klrk1	protein_coding	killer cell lectin-like receptor subfamily K, member 1	0.721002639831027	2.35591825158584
ENSMUSG00000035202	26508.7541702616	-1.58011257123338	0.473052211275756	10.1481504817209	0.00144446090302481	0.042914823164676	ENSMUSG00000035202	Lars2	protein_coding	leucyl-tRNA synthetase, mitochondrial	453.45444146034	135.838458679636
ENSMUSG00000038618	71.4221303333037	1.87915673035064	0.589343659775619	10.151728342872	0.00144166017746233	0.042914823164676	ENSMUSG00000038618	Rassf7	protein_coding	Ras association (RalGDS/AF-6) domain family (N-terminal) member 7	1.2264028750914	2.47493557208515
ENSMUSG00000028039	106.067275923809	4.58897121334598	1.32553388339307	10.0680707598672	0.00150860916561662	0.0444811126710597	ENSMUSG00000028039	Efna3	protein_coding	ephrin A3	0.214226855618717	5.78876334205145
ENSMUSG00000078886	241.884580710178	1.08178225009467	0.343620527183167	10.0421940810074	0.00152994866190452	0.0447711292641534	ENSMUSG00000078886	Gm2026	protein_coding	predicted gene 2026	4.16874611812586	9.65384010736053
ENSMUSG00000030278	58.9497018744553	3.39265045072636	1.03249882582159	10.0278131731258	0.00154193993800205	0.0447853002888357	ENSMUSG00000030278	Cidec	protein_coding	cell death-inducing DFFA-like effector c	0.269723213840529	2.35945612964435
ENSMUSG00000121069	9688.43649804052	-1.06268456840917	0.326696963123918	10.0128834217828	0.00155448958428577	0.0448153589780756	ENSMUSG00000121069	Gm56730	lncRNA	predicted gene, 56730	112.297193691689	59.5151297469415
ENSMUSG00000072620	897.025146913434	1.14540823716185	0.364258761502963	10.0072838265408	0.00155922312353607	0.0448207398798679	ENSMUSG00000072620	Slfn2	protein_coding	schlafen 2	15.9299854945402	41.5028316057046
ENSMUSG00000026580	746.904250272761	-1.2018509868803	0.369756312373427	9.90996383582805	0.0016438634868032	0.0463617151495513	ENSMUSG00000026580	Selp	protein_coding	selectin, platelet	15.3649174749918	5.06736699763439
ENSMUSG00000004951	1939.94224269256	1.37363420443967	0.438527855315144	9.89159692925445	0.0016603521750515	0.0466016153747629	ENSMUSG00000004951	Hspb1	protein_coding	heat shock protein 1	63.1965022751298	155.403633793306
ENSMUSG00000069805	138.103682070124	3.30537291787844	1.00869938013867	9.89387115601494	0.00165830145777339	0.0466016153747629	ENSMUSG00000069805	Fbp1	protein_coding	fructose bisphosphatase 1	1.02118080917071	2.14933283024938
ENSMUSG00000033308	293.434701241005	-1.36892410101922	0.421500527361805	9.80934418789388	0.00173627410178295	0.0481879579439581	ENSMUSG00000033308	Dpyd	protein_coding	dihydropyrimidine dehydrogenase	3.38107409955513	1.3678833263578
ENSMUSG00000030789	152.862540065411	1.00723559394447	0.32432965843969	9.76070286490294	0.00178281736966317	0.0490947537928943	ENSMUSG00000030789	Itgax	protein_coding	integrin alpha X	1.34230033076232	2.20358643583835