baseMean	log2FoldChange	lfcSE	stat	pvalue	padj	expressionh2F14	expressionwt	ensembl	description	gene_biotype	entrezgene_id
FBti0019430	1123.69287178811	-10.7182469961504	0.751680679404598	630.372125469664	4.14846570669442e-139	3.48637057990599e-135	0	26.4859577710744	FBti0019430		transposable_element	NA
FBgn0004427	24759.8558318112	12.232092227718	0.484665083700529	326.034908834603	7.02109931788962e-73	2.95026593337722e-69	9753.22987413785	2.08158272776842	FBgn0004427	Lysozyme D	protein_coding	38127
FBgn0037975	1232.23079298439	-13.5744037897758	1.2327126193791	313.701311930174	3.41141039436864e-70	9.55649765142469e-67	0	120.7227193606	FBgn0037975		protein_coding	41454
FBgn0033395	544.672369874646	10.81048952735	1.07646311995953	285.930769086919	3.83024171274627e-64	8.04733783847991e-61	27.8183302193353	0.0282951487484123	FBgn0033395	Cytochrome P450 4p2	protein_coding	35946
FBgn0015714	377.514434864906	8.6860203618239	0.668139181467623	275.387363612151	7.59974274000313e-62	1.27736475973973e-58	26.3711009435161	0.0767286882527824	FBgn0015714	Cytochrome P450 6a17	protein_coding	45556
FBgn0050104	992.073814972854	2.62723806861449	0.154034297389837	267.1771174521	4.67903156380951e-60	6.55376354370919e-57	41.7040185526336	8.34250596313951	FBgn0050104	Ecto-5'-nucleotidase 2	protein_coding	246458
FBgn0034710	2528.41080155545	-8.50516459763431	0.44582209055402	245.473387642346	2.51951793500375e-55	3.02486124653879e-52	0.520286505263546	159.583851207882	FBgn0034710	Alkaline phosphatase 7	protein_coding	37538
FBgn0033836	275.685690800441	-7.0010475045048	0.506655848873989	235.843363880167	3.17007938737838e-53	3.33016839644099e-50	0.131489641465473	18.3374117547892	FBgn0033836		protein_coding	36487
FBgn0085362	1055.72183781945	13.6225611218025	1.26330613677298	217.847296552701	2.66657241583632e-49	2.48998606474316e-46	70.1568554650328	0	FBgn0085362	Vitelline membrane-like	protein_coding	5740271
FBgn0050489	891.639171899111	2.86939960946816	0.18744430222794	210.559488383695	1.03705563289954e-47	8.71541553888776e-45	47.7471765793774	7.76631633908605	FBgn0050489	Cytochrome P450 12d1 proximal	protein_coding	246648
FBgn0004425	30921.3269709266	5.85890174369686	0.329308658363843	208.738332804505	2.58898590971334e-47	1.97798523502099e-44	12510.1415874197	223.320729797439	FBgn0004425	Lysozyme B	protein_coding	38125
FBti0019466	275.244618972452	5.44563585451238	0.366756121309203	204.62136457491	2.04834314655546e-46	1.43452298363767e-43	3.55242830702596	0.0797117223779791	FBti0019466		transposable_element	NA
FBgn0033593	682.05092067605	-2.8304554195836	0.20142823609437	179.501403617619	6.22708725812744e-41	4.02557240902331e-38	38.8708061941706	290.166649229948	FBgn0033593	Listericin	protein_coding	36183
FBgn0036108	122.04141197158	-6.50614024725513	0.610630256200299	161.259334548514	6.00489530352532e-37	3.60465286648763e-34	0.386489778956516	40.0411785750551	FBgn0036108	Cuticular protein 67Fa1	protein_coding	39223
FBti0020111	85.2935968708098	9.9965169206245	1.23748270432135	155.882160171118	8.98293267173578e-36	5.0328377448845e-33	2.54397418446574	0	FBti0020111		transposable_element	NA
FBgn0026602	903.162722743738	-1.77435552514895	0.142093959910861	149.858670895456	1.86144841164524e-34	9.77725778216664e-32	9.56997184371638	37.7347162205543	FBgn0026602	Adenosine kinase 3	protein_coding	44750
FBgn0050360	2151.21865721166	-3.41169260389468	0.255654560586439	149.527898544417	2.19862379967919e-34	1.086896141912e-31	9.91000134709485	129.938161076894	FBgn0050360	Maltase A6	protein_coding	246565
FBgn0283432	187.28275109189	11.1229742256484	1.27689081612684	133.702286112624	6.34743838198122e-31	2.9635484534539e-28	6.94925013420661	0	FBgn0283432	Sperm-specific dynein intermediate chain A	protein_coding	26067074
FBgn0033520	459.02827357106	4.96730551240374	0.382608664714182	133.176367006283	8.27263455676004e-31	3.6591168850006e-28	69.7869132493892	2.26827878163626	FBgn0033520	Peroxiredoxin 2540-1	protein_coding	246663
FBgn0036833	5659.24405703804	6.04020989297759	0.430041820857608	129.213473193386	6.09029846705852e-30	2.55914341585799e-27	465.769846895067	7.93810096464049	FBgn0036833		protein_coding	40069
FBgn0036766	2071.91243423562	2.92780492605997	0.24227756284718	127.366969673502	1.54411728136432e-29	6.1794103012313e-27	373.948710739383	56.9276769015496	FBgn0036766		protein_coding	39992
FBgn0029710	451.289233500745	2.82324740295476	0.241896302379968	123.590944757345	1.03530545954882e-28	3.9548668554765e-26	23.8098485282738	4.30759012628757	FBgn0029710		protein_coding	31383
FBgn0000079	2208.20476237184	2.30707766296967	0.203097597815941	117.999867464416	1.73399596639532e-27	6.33587047895053e-25	121.512853168649	28.1287921140398	FBgn0000079	Amylase proximal	protein_coding	47764
FBgn0000078	5995.0874177864	2.60751530621156	0.227182585529061	117.243960910889	2.53842212857269e-27	8.88870815355203e-25	340.675274104015	57.3910380848982	FBgn0000078	Amylase distal	protein_coding	36932
FBgn0000640	49263.857614084	-5.59005990449696	0.42707735680206	115.618939752688	5.75988082573151e-27	1.9362415383779e-24	107.257301354483	8671.64235013361	FBgn0000640	Fat body protein 2	protein_coding	34259
FBgn0052581	46.8551738085247	9.12685094326319	1.25140413896289	109.282983057803	1.40694965327389e-25	4.54769418696683e-23	3.64333903641619	0	FBgn0052581	suppression of retinal degeneration disease 1 upon overexpression 2	protein_coding	318098
FBgn0027073	311.330226270443	2.96779865044795	0.273106084016215	107.093213823512	4.24715841519841e-25	1.32196738227139e-22	18.1228025307322	2.3086100516199	FBgn0027073	UDP-glycosyltransferase family 49 member B1	protein_coding	37420
FBgn0039779	111.005765286134	3.93996064797867	0.39555937289571	93.7846847385622	3.51783288164933e-22	1.05585241204932e-19	5.75739406761951	0.555214653891221	FBgn0039779	prolyl-4-hydroxylase-alpha SG2	protein_coding	43623
FBgn0033820	1370.7686629393	5.81599369001098	0.501916115726279	91.891473491408	9.15626844854269e-22	2.65342344970872e-19	191.936523662689	4.08921737889434	FBgn0033820		protein_coding	36471
FBgn0039309	705.08134707627	3.61453691640733	0.344500883094582	91.6336707059551	1.0430307716501e-21	2.92187686831583e-19	43.8243927882569	4.13030991844282	FBgn0039309		protein_coding	3772439
FBgn0033304	638.267358144626	-1.64227614017697	0.169981075122379	90.0648325329571	2.30482296640904e-21	6.24830071280697e-19	10.0041703912456	35.4499387756462	FBgn0033304	Cytochrome P450 6a13	protein_coding	35837
FBgn0035343	568.260010107107	-1.3809170862269	0.146916869601846	86.6485067478003	1.29628411836449e-20	3.40436616585473e-18	20.7394014070608	65.3617882259074	FBgn0035343		protein_coding	38310
FBgn0034335	354.683059603283	2.91083381306516	0.301244688331958	83.6649251851873	5.86160393065252e-20	1.49275513433951e-17	46.8534099626173	7.66793032215118	FBgn0034335	Glutathione S transferase E1	protein_coding	37106
FBgn0034756	585.01761100733	3.1968792407945	0.325345190655502	83.4206366721736	6.6325975503457e-20	1.63942205332663e-17	27.6881355326436	3.61721221425064	FBgn0034756	Cytochrome P450 6d2	protein_coding	37594
FBgn0034715	148.731851855336	-4.03124096051106	0.427314009818172	80.9436469653492	2.32246988019493e-19	5.57658196375950e-17	0.414431561617425	7.60728250029379	FBgn0034715	Organic anion transporting polypeptide 58Db	protein_coding	37544
FBgn0033292	493.20385883571	-1.93211211591809	0.210553690981955	80.1340933573863	3.49843675525517e-19	8.16690624754569e-17	6.65086341270138	26.4318321433646	FBgn0033292	Cytochrome P450 4ad1	protein_coding	35821
FBgn0085244	333.721228639028	3.51792441778734	0.365277432414179	79.4506260693345	4.94428073881043e-19	1.12301987375575e-16	151.290699214693	11.9548826477799	FBgn0085244		protein_coding	5740170
FBgn0031678	201.773876598179	3.16734891738532	0.33822707542082	79.1068625543323	5.88395878538274e-19	1.30128393769359e-16	8.24166517972206	0.912497846490265	FBgn0031678	Neprilysin-like 3	protein_coding	326172
FBgn0039778	37251.5434023063	3.32829938333727	0.343041830771007	78.5958325250166	7.62100210515567e-19	1.64222824850585e-16	4379.25913874573	463.065032581881	FBgn0039778	Jonah 99Fi	protein_coding	43622
FBgn0033205	553.893999984892	3.39328898019279	0.355830412813362	77.2965229672587	1.47124810779562e-18	3.0910922744786e-16	46.5115780260344	5.92170910170899	FBgn0033205	Retinol dehydrogenase 1	protein_coding	35708
FBgn0038241	164.593965242715	-6.82528697064599	0.748646944237541	77.027186675064	1.68620754916325e-18	3.45631420565071e-16	0.64159974765327	81.12852303009	FBgn0038241		protein_coding	41764
RR48348_transposable_element	2306.14898988934	4.49508911310897	0.448927590412125	75.7238242388548	3.26247426773209e-18	6.52805565381441e-16	48.5997403349136	1.74936198580687	RR48348_transposable_element		transposable_element	NA
FBgn0037930	389.136386671157	3.75329509744422	0.401453186188056	72.8206981286788	1.41979995843294e-17	2.77488345364428e-15	67.7684591522813	6.79974012541299	FBgn0037930		protein_coding	41403
FBgn0030187	55.499832853276	6.00687698448793	0.765811636838991	71.9524104680607	2.20450316092963e-17	4.21060103737559e-15	4.56342413795695	0.0370234308059772	FBgn0030187		protein_coding	31954
FBgn0015035	63.2278899318688	4.0311760725889	0.483044837343793	69.2232376336734	8.79259621089304e-17	1.642066190141e-14	3.03202329957117	0.251688121774087	FBgn0015035	Cytochrome P450 4e3	protein_coding	34291
FBgn0037304	80.5614401047402	4.10446689153237	0.482581282429326	68.1303925174746	1.53033649710984e-16	2.79585824385024e-14	4.70732557775316	0.265805640217375	FBgn0037304		protein_coding	40629
FBgn0039519	123.046161137313	4.90363226174471	0.555403977768365	67.5162805073366	2.08954505255243e-16	3.73628438758524e-14	6.3312751642809	0.132147133631083	FBgn0039519	Cytochrome P450 6a18	protein_coding	43304
FBgn0038783	775.0190659223	1.38811195622169	0.167061035457786	67.082784382119	2.60341956279683e-16	4.55815375119679e-14	85.3785585158675	36.5467502130668	FBgn0038783		protein_coding	42409
FBgn0051262	63.7771844814214	4.87544048135112	0.597255388337424	66.721393145343	3.12722811163898e-16	5.3635153163702e-14	2.86559566810238	0.084543667197019	FBgn0051262		protein_coding	318649
FBgn0028920	19528.9528144788	1.27193967625538	0.155172019487551	65.1421293315266	6.96862201300116e-16	1.17128598794524e-13	1931.64245186824	926.664958742925	FBgn0028920		protein_coding	34799
FBgn0013278	477.758650686402	3.89664549965571	0.444990799672259	62.4923813964173	2.67477361235684e-15	4.32284566120132e-13	18.6650962330283	1.14254662600579	FBgn0013278	Heat shock protein 70 Bb	protein_coding	48582
FBgn0262983	72.4318846651453	4.04246058697577	0.485502430544577	62.4996141321728	2.66496848315313e-15	4.32284566120132e-13	5.21177936302722	0.325173313177095	FBgn0262983		protein_coding	12797901
FBgn0053926	1609.77855850736	-1.9766100526515	0.242009701407294	62.3798978280566	2.83199252629851e-15	4.49057833792692e-13	53.2696623858989	228.638344188688	FBgn0053926		protein_coding	39092
FBti0019129	346.490228152384	3.03655410235466	0.363707990086117	61.366897887267	4.73708182259153e-15	6.98428695387004e-13	4.99062102471756	0.706364910327039	FBti0019129		transposable_element	NA
FBti0019307	346.490228152384	3.03655410235466	0.363707990086117	61.366897887267	4.73708182259153e-15	6.98428695387004e-13	4.99062102471756	0.706364910327039	FBti0019307		transposable_element	NA
FBti0019387	346.490228152384	3.03655410235466	0.363707990086117	61.366897887267	4.73708182259153e-15	6.98428695387004e-13	4.99062102471756	0.706364910327039	FBti0019387		transposable_element	NA
FBti0019467	346.490228152384	3.03655410235466	0.363707990086117	61.366897887267	4.73708182259153e-15	6.98428695387004e-13	4.99062102471756	0.706364910327039	FBti0019467		transposable_element	NA
FBgn0029608	269.39264623667	1.95798561641037	0.244845072090278	61.0446987323473	5.57935543884769e-15	8.08429363932345e-13	18.989353523774	5.79876304292946	FBgn0029608		protein_coding	31210
FBgn0036194	1447.39916195391	2.01928536841472	0.251731201685109	59.9512131281975	9.72380465885536e-15	1.3850653280173e-12	70.9889902693955	17.5787841202541	FBgn0036194	Diphthamide biosynthesis 1	protein_coding	39317
FBgn0043575	3333.89113302226	-2.0125802208969	0.251379322358235	59.6470251234127	1.13490685651725e-14	1.58962620369516e-12	118.884383595064	499.955652797599	FBgn0043575	Peptidoglycan recognition protein SC2	protein_coding	35862
FBgn0000473	596.771861236949	7.23833474937249	0.755616155295705	59.4678179786652	1.24310453733254e-14	1.71263123471191e-12	34.9280424058626	0.308882588008034	FBgn0000473	Cytochrome P450 6a2	protein_coding	35587
FBgn0010294	180.79841846582	2.64250634723918	0.335471808660621	57.2538166491842	3.83045054146906e-14	5.19211392750096e-12	43.1864884854559	9.65764683564266	FBgn0010294	new glue 2	protein_coding	31298
FBgn0037974	897.768514709173	4.27253599712893	0.501721500507594	56.3113651529877	6.18568455049949e-14	8.2515068194282e-12	88.2862275048464	4.77267147503749	FBgn0037974		protein_coding	41453
FBgn0052318	29.3155847569515	8.45580626492655	1.33037880014854	56.1952335663298	6.56204234273738e-14	8.61678185130703e-12	4.9309225414069	0	FBgn0052318		protein_coding	2768976
FBgn0053508	41.615653791855	-5.00125951325412	0.716134570417685	55.8951370572713	7.64414074193132e-14	9.73353921139255e-12	0.116543463067166	2.73497562008466	FBgn0053508	pickpocket 13	protein_coding	3346226
FBti0061663	31.7465292276321	6.68062976259368	1.15816458531951	55.9182223443941	7.55490584059034e-14	9.73353921139255e-12	5.79929829927663	0.123765851816661	FBti0061663		transposable_element	NA
FBgn0038083	1982.6316708205	1.53534164090685	0.203501653700564	54.5696639955284	1.50033854429541e-13	1.88191718302368e-11	93.8021824083034	35.0062237675469	FBgn0038083	UDP-glycosyltransferase family 37 member A3	protein_coding	41574
FBgn0039316	49.9205549872657	4.85364688667736	0.661781928618423	54.3958958208712	1.63904832442236e-13	2.0256708997714e-11	2.87692007547098	0.14837952820933	FBgn0039316		protein_coding	43056
FBgn0033942	365.564046920314	3.26124101233714	0.410237493276228	54.3516250569697	1.67639307292098e-13	2.0417981717142e-11	64.3020326732469	8.90064935393348	FBgn0033942	Cuticular protein 51A	protein_coding	36613
FBgn0020270	405.365619409831	-1.27998000262506	0.172963437478842	53.7861788484993	2.23539729232956e-13	2.68375412067681e-11	5.86828179450379	17.0325269215974	FBgn0020270	meiotic recombination 11	protein_coding	34565
FBgn0034317	136.278014156417	5.76362128106408	0.710407284478674	52.8975080545098	3.51415111772677e-13	4.15956704132053e-11	21.3231214280796	0.467862716500672	FBgn0034317		protein_coding	37086
FBgn0014931	241.938200426654	3.72904078484284	0.473427900119734	52.1000399136649	5.27438570127004e-13	6.15638019909353e-11	9.89724425009772	1.02410292954142	FBgn0014931		protein_coding	40937
FBgn0262577	359.462415228218	1.44156979413742	0.198360567894426	51.4415404772637	7.37611393840007e-13	8.49162486826222e-11	295.588873184822	131.460099749445	FBgn0262577		protein_coding	12798272
FBgn0010041	66.6892679819942	2.90914613358279	0.402245827935552	50.6033184187638	1.13053726953543e-12	1.28392367745619e-10	8.72922019478799	1.53947580299293	FBgn0010041	Glutathione S transferase D5	protein_coding	48338
FBgn0037518	266.894393463112	1.85573129389216	0.256684375099523	50.0189343195958	1.52269533573846e-12	1.67995665096569e-10	16.2275363840598	5.1506216945511	FBgn0037518		protein_coding	40921
FBgn0037973	838.682182228083	1.22257381105437	0.170886524656562	49.9977455137648	1.53922729800521e-12	1.67995665096569e-10	60.9723411058608	28.8510919152165	FBgn0037973		protein_coding	41452
FBgn0039321	522.160523959437	-2.3783364218952	0.321990905420649	50.0330553232555	1.51177661012408e-12	1.67995665096569e-10	6.04266466290848	40.3425593686114	FBgn0039321		protein_coding	43061
FBti0019469	3868.7766253689	2.38715516091049	0.322106272685329	49.6826013176817	1.80741646283938e-12	1.94737537867976e-10	55.510491952082	13.0617890392896	FBti0019469		transposable_element	NA
FBti0019621	1262.93533008392	2.13876743386306	0.29460178889105	48.7066005574483	2.9726429347273e-12	3.16229002828458e-10	19.701726437238	5.70774515106997	FBti0019621		transposable_element	NA
FBgn0050288	218.098121898812	1.25992291316858	0.181388742767276	47.7812706740381	4.76522657499724e-12	4.94406964645393e-10	18.7617037048813	8.95017856860883	FBgn0050288		protein_coding	246531
FBgn0039473	248.566374968934	5.9415730665379	0.738643857898834	46.9717913751947	7.20157968519775e-12	7.38074093590267e-10	29.4829881959418	0.473189401234543	FBgn0039473		protein_coding	43249
FBgn0262563	133.12943096265	1.65891632250336	0.243035699643038	45.7876669686946	1.3179066894215e-11	1.33442021902389e-09	37.6676018139504	13.6857629872184	FBgn0262563		protein_coding	12798325
FBgn0016684	1013.43776053259	1.61920832650755	0.234980825118579	45.3918691467489	1.6130262414116e-11	1.6137943491456e-09	38.6353157871073	14.1630613243929	FBgn0016684	Na[+]-dependent inorganic phosphate cotransporter	protein_coding	36651
FBgn0003961	650.296626779708	3.3839425376025	0.467531759053876	44.0145882268526	3.25937555937365e-11	3.22256378835013e-09	49.392681998984	5.09396012118069	FBgn0003961	Urate oxidase	protein_coding	34060
FBgn0039592	27.9673277528724	-3.83865639319036	0.613570158387134	43.6791758987231	3.86866421044202e-11	3.780494654018e-09	0.19001317820547	2.67175225349667	FBgn0039592		protein_coding	43389
FBgn0050054	26.9472618591913	-5.03470042598736	0.852308911747132	43.017220843533	5.42601455841943e-11	5.24140532746631e-09	0.108791779733203	3.87687517612625	FBgn0050054		protein_coding	246420
FBgn0051148	757.573905715581	1.46632576985926	0.219914066232578	42.9235264994745	5.69219884595779e-11	5.43604989788969e-09	36.0281544896701	14.1475743742062	FBgn0051148	Glucocerebrosidase 1a	protein_coding	42796
FBgn0033170	527.69073898117	-1.5179397469889	0.23131231676329	41.6539264553351	1.08946371697356e-10	1.02874753679167e-08	25.766371381195	78.8682162610369	FBgn0033170	secretory Phospholipase A2	protein_coding	35665
FBgn0004431	2304.38094437145	2.8356797628517	0.413173351642551	41.1361222448115	1.41987828396642e-10	1.32585078871708e-08	583.04811438038	69.8540340448054	FBgn0004431	Lysozyme X	protein_coding	38122
FBgn0050488	19.3321006065055	5.95208845701929	1.17609848839993	40.7111875436758	1.76473940412486e-10	1.62976592882036e-08	2.42733201553912	0	FBgn0050488	antares	protein_coding	246647
FBgn0038056	200.183662675055	1.52095081568528	0.235508379648322	40.6839930763292	1.78947032806002e-10	1.63464224315395e-08	10.5651564373871	4.18054840574729	FBgn0038056		protein_coding	41541
FBgn0261575	127.769965510063	-3.95068369453211	0.571854385593187	40.4983107431919	1.96786104447893e-10	1.77826927073128e-08	0.381943585222432	4.59958845596854	FBgn0261575	target of brain insulin	protein_coding	43072
FBgn0037817	413.645446843745	1.99379023020985	0.305925858187926	39.872011418628	2.71161078075561e-10	2.42429542568832e-08	20.0150367968538	6.71314023679337	FBgn0037817	Cytochrome P450 12e1	protein_coding	41272
FBgn0030836	8902.52939290955	-1.23369490607376	0.192932347720023	39.711388991192	2.94403687580703e-10	2.60438798992445e-08	508.23627656375	1441.85115707385	FBgn0030836		protein_coding	32719
FBgn0032049	1733.88270759976	2.41014307922245	0.364532124328481	39.5272879815514	3.23507101505339e-10	2.83203508442799e-08	153.340841269022	27.5723527306895	FBgn0032049	beta-site APP-cleaving enzyme	protein_coding	34182
FBgn0038301	412.749418516214	-1.36328393923224	0.214164607887257	39.3942997220295	3.46306435650677e-10	3.00037039712195e-08	5.21485085856429	15.8229374710604	FBgn0038301		protein_coding	41831
FBti0060280	124.237097441136	3.59379279034764	0.535880395800657	38.8913474993753	4.48062193203943e-10	3.84236190988361e-08	2.63670698053706	0.283255021480329	FBti0060280		transposable_element	NA
FBgn0263830	302.050177128617	1.02721172805945	0.164865754319647	38.4929262147164	5.49525005106898e-10	4.66485671001855e-08	26.841554440118	14.915095772253	FBgn0263830		protein_coding	3355162
FBgn0038079	285.486157952218	3.16282371200532	0.475458305641188	38.3526725903916	5.90471673932251e-10	4.96232394772664e-08	46.4356397084096	5.85534805072497	FBgn0038079	Ninjurin C	protein_coding	41568
FBgn0031560	522.238650435028	2.91177465242446	0.44274690664894	37.813470563788	7.78424070681795e-10	6.47710484159387e-08	354.050728942387	71.6043048628556	FBgn0031560		protein_coding	33591
FBgn0033302	190.478760131275	-1.84150642170785	0.293896435822795	37.738762352324	8.08813106921866e-10	6.66398563781506e-08	2.65522999254664	10.3314166699187	FBgn0033302	Cytochrome P450 6a14	protein_coding	35835
FBgn0031561	877.747971089913	2.571449986743	0.398017905678215	37.3663972685592	9.78943473625863e-10	7.9874184003415e-08	487.866325327541	91.2802824496595	FBgn0031561	Immune induced molecule 33	protein_coding	33592
FBgn0063495	57.8668655115291	3.36427836764583	0.536641371407069	36.433499962983	1.57964721311459e-09	1.27647645952068e-07	8.1442982492957	1.08526629092971	FBgn0063495	Glutathione S transferase E5	protein_coding	37110
FBgn0034428	422.798962180588	1.99651159636326	0.320880277182323	36.3217980959684	1.67282378764385e-09	1.33889629631989e-07	39.6786711296922	12.3529168972039	FBgn0034428	Arylalkylamine N-acetyltransferase-like 6	protein_coding	37212
FBgn0050289	180.68202712966	1.47014512379037	0.241336271768364	36.3003834280503	1.6913058648906e-09	1.34091834797553e-07	13.6126145548567	5.76308385210193	FBgn0050289		protein_coding	246532
FBgn0028534	9229.14633813385	1.66360419459965	0.270459803724949	35.9221403097235	2.05361829424662e-09	1.61295403222884e-07	926.913004757051	313.750973354673	FBgn0028534		protein_coding	34800
FBgn0052405	658.627078548799	3.82321831968673	0.573193537205382	35.8916428134311	2.08601548596941e-09	1.62322908741546e-07	103.202267643643	13.0239263582155	FBgn0052405	Cuticular protein 65Av	protein_coding	318014
FBgn0051354	519.62744611609	3.63781439706032	0.555283796620725	35.2954543929647	2.83292484695951e-09	2.18421104714199e-07	20.8681929160653	1.37128203373278	FBgn0051354	Heat shock protein 70 Bbb	protein_coding	50022
FBgn0052212	258.130309519321	3.10976230494585	0.488837171645472	35.1562487817701	3.04283450677769e-09	2.30378208963601e-07	29.9676579795325	5.16768785093739	FBgn0052212		protein_coding	317917
FBgn0016123	1100.71218924219	-1.24361989405651	0.208008930216928	34.7812030470299	3.68918207187222e-09	2.76820411892984e-07	14.6042003310489	44.6440114245982	FBgn0016123	Alkaline phosphatase 4	protein_coding	43671
FBgn0003082	541.909152266552	-1.37060238088144	0.228930210717027	34.7443576340824	3.75966775503496e-09	2.79612812507202e-07	9.49348572505138	27.2691437616657	FBgn0003082	photorepair	protein_coding	35735
FBgn0033153	1014.40759370626	-1.36519262894577	0.228136572328576	34.6629559641198	3.92020810813631e-09	2.88994990708575e-07	19.4045302097772	64.3732121777727	FBgn0033153	Growth arrest and DNA damage-inducible 45	protein_coding	35646
FBgn0035859	329.762481735394	2.50425167978522	0.405752578083588	34.5575973303395	4.1382323685498e-09	3.02414824567761e-07	75.3759803283701	17.4097275103761	FBgn0035859		protein_coding	38922
FBgn0037683	1040.93296071894	1.30720694973684	0.219308496707596	34.4941986420157	4.27523649256158e-09	3.09733512788685e-07	70.8424282576523	28.1853624395522	FBgn0037683		protein_coding	41116
FBgn0033327	1562.73861683771	4.1017653017261	0.6212141669807	34.0437019155586	5.38880492528756e-09	3.87072791385613e-07	424.74389708547	25.9725370972291	FBgn0033327	Peptidoglycan recognition protein SC1b	protein_coding	35861
FBgn0033683	353.970161191729	1.39172059941772	0.236290220234605	33.7123856712499	6.38925857504908e-09	4.5504516156536e-07	100.637864458291	47.5154281791616	FBgn0033683		protein_coding	36297
FBgn0039356	66.6339183915334	-2.2038364729833	0.376481368636051	33.5550921503252	6.92737790301746e-09	4.89224234428225e-07	2.49896734429928	12.6374339174193	FBgn0039356		protein_coding	43100
FBgn0052054	116.811977540763	2.13383386183114	0.361845904242366	33.0782817797574	8.85220037272629e-09	6.19949099436598e-07	5.74209389491093	1.47327864403938	FBgn0052054		protein_coding	326185
FBgn0085205	538.237290917969	1.12402317386764	0.193701548909332	33.0208435183084	9.11761387867692e-09	6.3325972757356e-07	201.023576148091	110.8968200564	FBgn0085205		protein_coding	5740391
FBgn0052284	136.588682253784	2.33677223731852	0.394466966072568	32.726764077309	1.06066663624651e-08	7.30642820575056e-07	42.6177295186386	11.1063756931639	FBgn0052284		protein_coding	317956
FBgn0037222	309.271102724121	-1.72396317896395	0.295694721032281	32.3858509253804	1.264034966293e-08	8.56689504574706e-07	5.99610167722559	22.897742300724	FBgn0037222		protein_coding	40532
FBgn0033788	2790.28452191247	1.49802155097233	0.257940482705811	32.3488260686758	1.28835019216646e-08	8.66183601197354e-07	620.005942335012	265.421089769901	FBgn0033788		protein_coding	36433
FBgn0001285	5280.32043726643	2.82226882278809	0.465235628201287	32.1243216763839	1.44615498411555e-08	9.64562419564052e-07	666.057873723151	112.516542758433	FBgn0001285	Jonah 44E	protein_coding	35853
FBgn0038484	1392.04279961815	1.42563287453469	0.247935283593281	31.8629535437337	1.65442654568291e-08	1.08623442889993e-06	98.2492497589422	48.3040266150195	FBgn0038484		protein_coding	42072
FBti0019199	57.2181266181286	-9.14603281462433	1.54595699500051	31.8777429503933	1.64187751224359e-08	1.08623442889993e-06	0	2.18168753410472	FBti0019199		transposable_element	NA
FBgn0032925	555.896684703015	1.09895476902407	0.193768924304066	31.5619154673299	1.93181348792492e-08	1.25852407383884e-06	16.8288362317702	8.49443335307715	FBgn0032925		protein_coding	35386
FBgn0033887	73.219790424825	2.82466889199347	0.485496510422871	31.3127996011658	2.19626886729598e-08	1.41710976508418e-06	5.71930955001543	0.991361810471042	FBgn0033887	Sulfotransferase 4	protein_coding	36548
FBgn0052751	278.835732771966	-3.43250029623319	0.564771618191296	31.3016093463908	2.20896453148534e-08	1.41710976508418e-06	1.24906289691313	13.6370121450476	FBgn0052751		protein_coding	318189
FBgn0262570	407.794109698708	1.55729955718605	0.274718328460079	30.9033672820839	2.71200818607345e-08	1.7266452118001e-06	14.9089076444079	5.5289898873442	FBgn0262570		protein_coding	12798330
FBgn0037807	116.364427301906	2.34594531150237	0.409562082677971	30.7343187483582	2.95885336492543e-08	1.86963937434837e-06	4.356940392856	0.85408043768163	FBgn0037807		protein_coding	41259
FBgn0030073	4375.56995317788	1.9097547651969	0.33347772552251	30.6719832728294	3.05545136105291e-08	1.91626964464841e-06	336.890620424537	121.508454745843	FBgn0030073		protein_coding	31824
FBgn0051281	55.1921959546064	5.16971963900412	0.871144364144559	30.3631042144371	3.5827838222992e-08	2.23034927722982e-06	2.66829456488483	0.0801245865693241	FBgn0051281	Transition protein-like 94D	protein_coding	318658
FBgn0051288	244.516493023715	2.35041557887366	0.41163027883198	29.985789875987	4.3522409680897e-08	2.68942890410484e-06	18.3757792869951	3.15558157463792	FBgn0051288		protein_coding	318664
FBgn0038508	125.837109443608	-2.53290861259583	0.445921130860924	29.9575481603918	4.41609440881652e-08	2.70896769428424e-06	3.58069858054454	20.8838344178932	FBgn0038508		protein_coding	42097
FBgn0034785	33.1101888840055	2.65192190035332	0.48514121687195	29.834859057636	4.70456582361176e-08	2.86501240446618e-06	2.03256118617138	0.393126739211291	FBgn0034785		protein_coding	37626
FBgn0033518	179.581778793183	3.94617030641987	0.655620769812679	29.6109258286468	5.28064456676622e-08	3.19270049921606e-06	20.5335618137544	1.74576621682634	FBgn0033518	Peroxiredoxin 2540-2	protein_coding	36098
FBgn0053346	1073.73580056835	-2.01729478867547	0.358450303301458	29.450012697789	5.73776635160254e-08	3.41987151906864e-06	20.9548887839873	104.598168370063	FBgn0053346		protein_coding	2768690
RR48391_transposable_element	172.15545897498	-6.3529842973279	1.00578108299006	29.4506719439162	5.7358149264367e-08	3.41987151906864e-06	7.03814198190141e-07	2.86987759348957	RR48391_transposable_element		transposable_element	NA
FBgn0031700	35.5775009722712	4.05747026401511	0.72765226454307	29.1515377090243	6.69326002785864e-08	3.93357743175692e-06	6.08689260710403	0.540075954650136	FBgn0031700		protein_coding	33763
FBgn0015568	1280.77212722223	1.36722773162527	0.251171289565534	28.6554454330213	8.64704914525533e-08	5.04651395949485e-06	50.980921031253	19.2799885971165	FBgn0015568	alpha-Esterase-1	protein_coding	40909
FBgn0034160	751.549210445123	2.38972529448948	0.426345180142521	28.5014476719861	9.36284557171379e-08	5.42657615066777e-06	78.3070689267148	19.1876850858044	FBgn0034160		protein_coding	36883
FBgn0015038	131.824687117773	1.96455587225922	0.363106085432498	27.8851197583737	1.28736011726386e-07	7.3914391196193e-06	5.37628786336273	1.84105100870643	FBgn0015038	Cytochrome P450 9b1	protein_coding	35634
FBgn0037166	392.402031199728	1.40151762599661	0.261486504108943	27.8768320045318	1.29288618584488e-07	7.3914391196193e-06	17.4247309893247	6.65829331305652	FBgn0037166		protein_coding	40471
FBgn0051041	305.396874675189	2.92723672198828	0.5241276479484	27.3120254226954	1.73131329115513e-07	9.8310519586944e-06	36.0776915575531	7.71475452955752	FBgn0051041		protein_coding	318567
FBgn0052071	63.7443846827247	5.19183904749365	0.913483112486113	26.385361032973	2.79651938432113e-07	1.577312007103e-05	26.9153920311674	0.673322309662484	FBgn0052071		protein_coding	39246
FBgn0053459	192.442490368631	1.3708208108131	0.264771386849456	26.1492624942552	3.16017785749205e-07	1.77054231429088e-05	18.5752517662189	8.42144946847954	FBgn0053459		protein_coding	2768847
FBgn0003086	411.953696097701	2.40386800595826	0.449550953295466	25.9749591879427	3.458746382591e-07	1.91232267100623e-05	66.104229638865	18.3856765851501	FBgn0003086	Pre-intermoult gene 1	protein_coding	31303
FBgn0051955	78.5964162090329	3.15846843763275	0.585759482287161	25.847772915176	3.69430698529532e-07	2.02921280421058e-05	9.49963381558876	2.10628278735109	FBgn0051955		protein_coding	319045
FBgn0035679	1359.34716095866	1.00514703778056	0.197925563601445	25.3295582533515	4.83246465479133e-07	2.62013115863654e-05	64.7526061949755	35.0970789470319	FBgn0035679		protein_coding	38697
FBgn0033821	554.930303124649	-1.23765700090822	0.243560769822452	25.1479449249964	5.30962056221617e-07	2.86038789774774e-05	43.6496842885057	110.922942179481	FBgn0033821		protein_coding	36472
FBgn0034429	321.629544784022	2.00692341402503	0.389394650180187	24.8787555487165	6.1051524641586e-07	3.2680064527891e-05	42.9362919654384	13.4002877654274	FBgn0034429	Arylalkylamine N-acetyltransferase-like 4	protein_coding	37213
FBgn0051741	94.0809694426892	1.59035720079748	0.317174715405269	24.622715332986	6.97249815578999e-07	3.68533801894711e-05	3.21416056871755	1.55495382926736	FBgn0051741		protein_coding	35079
FBgn0033769	84.258783179997	1.53643577421779	0.308367135126951	24.423043636761	7.73380752663652e-07	4.01203200332428e-05	5.80666791814642	2.17426226463393	FBgn0033769		protein_coding	36400
FBgn0037765	38.6452691426068	2.82487294371236	0.557457540586368	24.4307070710401	7.70310520298282e-07	4.01203200332428e-05	4.70204808416997	0.963580405704628	FBgn0037765		protein_coding	41214
FBgn0028422	407.077180297679	-1.0269605324292	0.20732345840784	24.1900437825764	8.72823297162867e-07	4.47268718863215e-05	4.55338555514781	10.9356590236807	FBgn0028422	Glutamate receptor IID	protein_coding	44483
FBgn0033521	96.2905700894072	2.52368509170832	0.492773659124208	24.1686583800735	8.82569334016482e-07	4.49521980792395e-05	13.7418246166751	2.26827878163626	FBgn0033521		protein_coding	36101
FBgn0039769	595.322507042628	4.64847001193699	0.820741251746709	23.9442528739163	9.91658769637106e-07	4.99035946109595e-05	19.3552957632768	0.870849561670041	FBgn0039769		protein_coding	43613
FBgn0262007	726.014173596053	2.14355295668169	0.425295179138141	23.4408146257192	1.28816306010472e-06	6.40575287403556e-05	33.7434520348366	8.53030991277507	FBgn0262007		protein_coding	39179
FBgn0039326	94.1057654026027	2.99752271666973	0.585683850531775	23.3560181697196	1.34621656681056e-06	6.65506119263291e-05	3.89910594894811	0.64293894205107	FBgn0039326		protein_coding	43066
FBgn0032002	273.884933880319	2.72102894612324	0.531195061988252	23.3196201628409	1.3719336098399e-06	6.7425321971313e-05	25.6023512968389	6.58434277985997	FBgn0032002		protein_coding	34123
FBti0019113	2092.17671349446	3.49152320816124	0.657331113471422	23.2483545182879	1.42372207891569e-06	6.95637229721364e-05	21.4130849719466	3.42713120985318	FBti0019113		transposable_element	NA
FBgn0033775	547.718488805145	1.10472409137239	0.227280066700225	23.175227036531	1.47890268247828e-06	7.18421858008524e-05	28.1817698560529	13.6767098896362	FBgn0033775	Cytochrome P450 9h1	protein_coding	36412
FBgn0051410	540.257135390806	1.75125969614459	0.357671724082651	22.7171616190234	1.87684152411713e-06	9.0131292392459e-05	95.8744588677954	30.4357862772233	FBgn0051410	Niemann-Pick type C-2e	protein_coding	326136
FBgn0035887	21176.9710539932	-1.55765690286977	0.32124892466672	22.4540593429548	2.15230145212817e-06	0.00010277239433912	961.288792702317	2882.28302413433	FBgn0035887	Jonah 66Cii	protein_coding	38953
FBgn0004429	47.1239809676684	3.06065062567707	0.62083301264343	22.3351644576997	2.28975100223387e-06	0.000108717895043918	10.3033180502959	1.49330864805243	FBgn0004429	Lysozyme P	protein_coding	38129
FBgn0032638	1442.23709505352	1.83785507235819	0.377880308436254	22.2418179428714	2.40380924152586e-06	0.000112858172434544	81.9563300849671	22.8496567762391	FBgn0032638	Serine protease homolog 93	protein_coding	35049
FBgn0033873	171.537911478631	1.56282295893048	0.327740016770328	22.0057628864226	2.71833045137764e-06	0.000126915828407654	14.5378093975714	4.92868377738375	FBgn0033873		protein_coding	36530
FBgn0042178	603.85094059191	-1.06647601734193	0.225221021577925	21.9843273460668	2.74886004279199e-06	0.000126965726839397	5.11524443132587	13.2447252730285	FBgn0042178	Apollo	protein_coding	59216
FBgn0086611	37.2622338512342	4.73376647297332	0.944552700882487	21.9838004849343	2.74961474116733e-06	0.000126965726839397	5.28189068017002	0.394194357652035	FBgn0086611	Larval cuticle protein	protein_coding	59159
FBgn0026755	73.0400544943245	1.9082058070222	0.400257383320458	21.9204773027837	2.84185231855586e-06	0.000129798515680128	3.28461409744504	1.00124828149122	FBgn0026755	UDP-glycosyltransferase family 37 member B1	protein_coding	53584
FBgn0039323	87.236360191954	1.34726313713498	0.287698602910386	21.6875133812315	3.20873129283693e-06	0.000145763123162171	4.89923888421938	1.93367522652653	FBgn0039323		protein_coding	43063
FBgn0033926	37771.115611161	1.35826173975363	0.286694892359744	21.6636343388872	3.24892457238657e-06	0.000146795495195359	1237.14120594245	495.735128641414	FBgn0033926	Activity-regulated cytoskeleton associated protein 1	protein_coding	36595
FBgn0038795	222.019718704373	1.90202525907786	0.403206254501753	21.0367401523893	4.50560144465616e-06	0.000201409970962183	19.8215908516588	4.66302310053503	FBgn0038795		protein_coding	42421
FBgn0034837	59.5305308658227	-5.95974422955361	1.16276897007826	20.9297525966396	4.76436910797146e-06	0.000211850571340699	0	5.56714141309021	FBgn0034837	Ribosomal protein L22-like	protein_coding	37684
FBgn0031945	100.38168505264	1.40683675643795	0.304955798073189	20.9160859054872	4.79848125461143e-06	0.000212244402440813	4.73190686382832	2.05241071102212	FBgn0031945		protein_coding	34058
FBgn0041180	2893.02541429905	2.14464555720438	0.450979047157775	20.8138466846349	5.06156925177922e-06	0.00022229526462942	62.0395765187737	14.4422678357116	FBgn0041180	Thioester-containing protein 4	protein_coding	35248
FBgn0051313	2167.94351610221	1.0609108078243	0.231242428583885	20.606920972855	5.63918827565799e-06	0.000245553048023988	530.707603744691	278.243993167718	FBgn0051313		protein_coding	318677
FBgn0036109	146.20434283666	-1.78320375425456	0.385265866419167	20.3907377187573	6.31346301377124e-06	0.000273496614266668	10.2004963221853	37.4009973080357	FBgn0036109	Cuticular protein 67Fa2	protein_coding	39224
FBgn0266579	266.533294301106	1.06287484371391	0.233860798143026	20.3495307060205	6.45089072126236e-06	0.000278016849340969	8.26710843647397	4.8385421505674	FBgn0266579	tau	protein_coding	326116
FBgn0038242	40.5190926290578	-4.99130569998566	1.0420194738302	20.3326189185549	6.50815789976542e-06	0.000279053872396064	0.22160337100307	11.3172403820966	FBgn0038242		protein_coding	41765
FBgn0052404	254.579969015169	1.79957458469303	0.391297270423732	20.0590677447243	7.50866567974382e-06	0.000320318915596787	84.7112957125719	34.3332252813599	FBgn0052404	Cuticular protein 65Aw	protein_coding	38706
FBgn0036199	377.611946064704	1.34805757912531	0.300033353768436	19.596018955063	9.56683334335522e-06	0.000401998337087786	17.6608215082678	8.00559981260542	FBgn0036199	Bmcp	protein_coding	39322
FBgn0030828	471.08342336812	1.58457894865222	0.351693346556558	19.4325796733728	1.04214039441429e-05	0.000435728749982972	23.2912624217312	9.42556395266649	FBgn0030828		protein_coding	32709
FBgn0004047	434.195660258045	2.22478972075129	0.484350768479989	19.3986237337824	1.06083480791268e-05	0.000441349293351394	33.4994387832291	5.58492240393228	FBgn0004047	Yolk protein 3	protein_coding	32339
FBgn0000644	61.682893470932	1.88926316731622	0.423942301556124	19.2832147006324	1.12692713363987e-05	0.000466536730596525	4.70396950228636	1.89639508000477	FBgn0000644	Follicle cell protein 3C	protein_coding	31294
FBgn0036332	84.8690903264977	2.30698950364539	0.50765892445434	19.2438312916249	1.15041493936702e-05	0.000473925840707865	2.41477644539038	0.723674438880383	FBgn0036332	Cullin 6	protein_coding	39474
FBgn0051380	36.608710946647	-3.6587053632871	0.795955013740474	19.1446501115467	1.21176668973513e-05	0.00049676523222117	0.137301848190184	2.82810926401486	FBgn0051380		protein_coding	318701
FBgn0039304	1160.85925771851	1.03067273117811	0.233656100168249	19.0767431943229	1.25565753920595e-05	0.000512259512596449	58.7910188009126	33.3873292339242	FBgn0039304		protein_coding	43043
FBgn0037850	118.233982307427	2.26800303744618	0.504652435601504	18.7730030668049	1.47236638391624e-05	0.000594892648578467	11.4260200949816	2.23767667831082	FBgn0037850		protein_coding	41314
FBti0018993	191.292507500748	1.87627005776999	0.422348142119304	18.7113199716425	1.52076990087838e-05	0.000611509581195308	4.62141845000066	1.43580012995657	FBti0018993		transposable_element	NA
FBgn0025709	294.258667182988	1.16057980950298	0.266158089555921	18.6567240178281	1.564943883525e-05	0.000626275637959244	10.433182256085	5.6628014541257	FBgn0025709	Concentrative nucleoside transporter 2	protein_coding	35914
FBgn0037126	248.044048222106	-1.80823805881226	0.407905460111996	18.636550874704	1.58159025385468e-05	0.000629937653715388	11.7786982935974	36.1644580908155	FBgn0037126		protein_coding	40420
FBgn0032436	28.308340005784	2.88127915512978	0.652144662794284	18.598934624824	1.61310673510209e-05	0.000639459858575377	2.63112755818574	0.31519740530298	FBgn0032436		protein_coding	34663
FBgn0038717	211.125633554702	1.4311246941764	0.327499135155524	18.5296248156968	1.67283884530746e-05	0.00065141677881458	10.1754894726954	3.84486181892974	FBgn0038717		protein_coding	42336
FBgn0052379	79.996715989142	1.68298906974608	0.384876479428057	18.5276990636366	1.67452983362881e-05	0.00065141677881458	5.42877202653848	1.96813469117857	FBgn0052379		protein_coding	326211
FBgn0262005	44.2950256706787	-3.90338075547505	0.845440980988193	18.5191859682422	1.68202571397863e-05	0.00065141677881458	0.796383386652099	13.4177586462105	FBgn0262005		protein_coding	3885578
FBgn0051446	263.334140802206	1.31514064106906	0.301838954697654	18.4921666737566	1.7060405001021e-05	0.000657686438663215	27.9397775224057	11.1934177301783	FBgn0051446		protein_coding	318741
FBgn0035041	170.507986323538	-1.21149062193956	0.279872096777266	18.4275434917826	1.76488403667145e-05	0.000677264175533645	1.80016510917811	4.74812295472539	FBgn0035041		protein_coding	37940
FBgn0031466	33.3411938001398	2.49748932512736	0.574204913844449	18.1384344240334	2.05413204435913e-05	0.000781127859764438	3.05100200316022	0.770533639132946	FBgn0031466		protein_coding	33479
FBgn0032281	2941.53020118581	2.01392573013132	0.456184890161842	18.0964982914388	2.0998725314438e-05	0.000794924718660078	936.914671557235	346.885375763056	FBgn0032281		protein_coding	34467
FBgn0034139	135.755624134693	-1.54740794714942	0.359534629606458	17.9840456955135	2.22764191408233e-05	0.000835763510979816	2.7952529269372	8.4585861913924	FBgn0034139		protein_coding	36852
FBgn0040252	574.09664115074	1.08600536656154	0.254188736348047	17.8905864056462	2.33975580112975e-05	0.000873924789008641	23.4304197825141	14.0712779886396	FBgn0040252	UDP-glycosyltransferase family 303 member A1	protein_coding	53503
FBgn0033904	31.4308215187118	2.73820184607399	0.632519685602542	17.7573072139721	2.50951750928182e-05	0.00093318518354002	2.91278120534184	0.531257308581741	FBgn0033904		protein_coding	36567
FBti0019425	1309.26599754245	2.71989569516576	0.606885885601309	17.7004751289823	2.58562010401007e-05	0.000957248958330423	23.010497860934	2.78218822796623	FBti0019425		transposable_element	NA
FBgn0035426	121.06027121764	2.73290944965812	0.616050889549301	17.6762197812206	2.61880199118794e-05	0.000965281225172957	7.54432529378744	1.90478578489028	FBgn0035426		protein_coding	38401
FBgn0027657	732.304249930554	2.31298492983594	0.525824931191582	17.6273797807581	2.68692027945697e-05	0.000986064542731718	73.5848775377096	16.3549333197529	FBgn0027657	globin 1	protein_coding	41930
FBgn0033792	314.357037604471	2.51457347712279	0.571219096852955	17.4543083500091	2.94296544623154e-05	0.00106830725889352	12.4237018781171	2.64053356261207	FBgn0033792		protein_coding	36437
FBgn0010295	901.983727813255	1.4828087509481	0.352873202511246	16.9592969847527	3.81898406247801e-05	0.00136573370472618	161.72259205754	76.7904707087504	FBgn0010295	new glue 3	protein_coding	31299
FBgn0034819	3026.15057942111	-2.11450532597856	0.498683954029058	16.5727963512147	4.68177888167932e-05	0.00165317940006861	283.749709185514	1647.90064348921	FBgn0034819		protein_coding	37666
FBgn0040832	138.405087034509	1.39856777032022	0.340235465992091	16.4479221176708	5.00049611582214e-05	0.00175833344591503	35.5034312728326	14.2759720682414	FBgn0040832		protein_coding	50305
FBgn0002569	246.058861925881	2.12373204237953	0.505571407298145	16.3756068897477	5.19495133749641e-05	0.00181709089955981	8.18440231102568	2.20125052382302	FBgn0002569	Maltase A2	protein_coding	35825
FBgn0052750	319.852790165293	1.49544287435069	0.362720117390388	16.3698192876123	5.21083896708607e-05	0.00181709089955981	14.0459637544349	5.8232003236456	FBgn0052750		protein_coding	326238
FBgn0033453	590.203972284782	1.44783060538794	0.35141131607095	16.3395913262432	5.29461564104473e-05	0.00183867561352644	28.0529952764159	13.4203297020338	FBgn0033453	Sting	protein_coding	36016
FBgn0037167	78.1831059837632	1.28400931858182	0.316492250030182	16.3069584745523	5.38657857105543e-05	0.00186291383996501	5.87835349545579	3.17914359605454	FBgn0037167		protein_coding	40472
FBti0019151	8912.45950273005	2.11472106113315	0.505813419766924	16.1103246517061	5.97573641395505e-05	0.00204146702532025	99.3990335015911	39.3897531492019	FBti0019151		transposable_element	NA
FBgn0023076	99.4140947930481	-1.58325185580159	0.390460918881578	15.940153563901	6.53769718323519e-05	0.00220653843887183	0.732137856774037	2.22088248364199	FBgn0023076	Clock	protein_coding	38872
FBgn0033397	84.4901864425932	1.86574241615436	0.458001883072334	15.8692182648162	6.78737338708197e-05	0.00228164343780147	3.70134969378807	1.40268840880414	FBgn0033397	Cytochrome P450 4p3	protein_coding	35948
FBgn0038353	7341.36457968481	1.05250036834859	0.261967696806098	15.7994940991907	7.04213351781546e-05	0.00235785219457056	661.004974550796	338.166862860389	FBgn0038353		protein_coding	41900
FBgn0042105	205.285409444759	1.40977611164475	0.350740538905836	15.6607751536345	7.57795912374584e-05	0.00251720033501818	9.33706753115942	3.84418439626491	FBgn0042105		protein_coding	59144
FBgn0053306	2260.65237891739	1.21731041566795	0.30455903939599	15.5302537405223	8.11953205065045e-05	0.00268647824227033	277.269223760414	140.503898746079	FBgn0053306		protein_coding	2768915
FBgn0030157	792.131119106173	1.49001178247119	0.370553365813471	15.5184451069543	8.17041052528709e-05	0.00269271098252991	84.8540250771609	40.507621257945	FBgn0030157		protein_coding	31920
FBgn0037818	121.822073820713	1.18475962655717	0.298643683130635	15.4964287260332	8.26612802535138e-05	0.00271361484082238	6.63932850483179	3.79632901606394	FBgn0037818		protein_coding	41274
FBgn0038750	307.242315733854	-1.01202298663775	0.255555663179676	15.4105555873522	8.65037370729475e-05	0.00282870586132704	5.51549750194614	13.1867301616049	FBgn0038750		protein_coding	42374
FBgn0260026	62.2952543804873	1.30054540676289	0.330526780873915	15.34032490695	8.97795133432176e-05	0.00292444585324186	5.09924071167651	2.53011626355354	FBgn0260026		protein_coding	8674087
FBgn0004430	9621.71045409092	1.92375239629838	0.474938272164264	15.3211583544548	9.06949876066746e-05	0.00294285975230306	2599.56464174955	705.124835173548	FBgn0004430	Lysozyme S	protein_coding	38130
FBgn0243514	864.436813221679	-1.01796313948345	0.258357088358369	15.2596839888854	9.36951252378838e-05	0.00302851474038144	9.2555224727073	19.1117169743809	FBgn0243514	eater	protein_coding	43262
FBgn0039094	425.572431952832	1.92279866113001	0.478086392191353	15.163443909817	9.85937921849976e-05	0.00316252759359817	23.1022183411812	7.92338708292134	FBgn0039094		protein_coding	42783
FBgn0034295	1629.09654682534	1.59383325919126	0.402280985595958	14.9716600750754	0.000109138001890326	0.00348743637979581	91.6066560570086	47.7534743471961	FBgn0034295		protein_coding	37058
FBgn0038194	3754.91575718108	-1.27210145741265	0.324960666745025	14.8543232515766	0.000116141555978434	0.00366937457309307	72.3900131823856	198.969911459864	FBgn0038194	Cytochrome P450 6d5	protein_coding	41706
FBgn0261633	39.0334606987436	4.36749723059982	1.0357376457176	14.8553116222834	0.000116080712553124	0.00366937457309307	29.2000601189598	1.58299554563144	FBgn0261633		protein_coding	10178784
FBgn0031774	294.547371830395	-1.01288371577956	0.261261170618569	14.7982301110495	0.00011964774273461	0.00376599112337702	7.6957337196193	17.2757984660822	FBgn0031774		protein_coding	33855
FBgn0035207	2552.83154101254	-1.07003335210094	0.275731300793515	14.7421910890457	0.000123256960737012	0.00385074906332286	25.1738054552877	50.3847207886131	FBgn0035207	HECT and RLD domain containing E3 ubiquitin ligase 4	protein_coding	38151
FBgn0032283	5252.20960233669	1.54674500869585	0.39416851546101	14.7162103585074	0.000124967251877422	0.00388124897112995	1014.15127884791	365.407599621765	FBgn0032283		protein_coding	34469
FBgn0033234	404.93705854958	1.76425838293778	0.44761395288126	14.7133517299952	0.000125156886146622	0.00388124897112995	20.9621130312636	6.8900804881894	FBgn0033234	Major Facilitator Superfamily Transporter 12	protein_coding	35745
FBgn0013767	68.7357509295963	1.94799407884745	0.497022714734444	14.6083595063081	0.000132326248980474	0.0040884918986467	9.60664576605083	3.75648127671376	FBgn0013767	Corazonin	protein_coding	41742
FBgn0040503	404.533884471777	1.88892915975342	0.480068402453131	14.5322380165018	0.000137781479697404	0.00422596918020797	42.8516943708109	16.3168189108279	FBgn0040503		protein_coding	36235
FBgn0032066	649.226267129132	2.0383646427484	0.515962674593552	14.4950416994372	0.000140528944864926	0.00427900453856825	9.84316653126441	4.83640327454153	FBgn0032066	Lysosomal alpha-mannosidase III	protein_coding	34203
FBgn0262588	46.2111079120648	1.8882728075732	0.487134938370349	14.4988283682896	0.000140246742969293	0.00427900453856825	5.79012249727888	1.72386350940202	FBgn0262588		protein_coding	12798281
FBgn0038349	1597.54544009086	-1.36029639512346	0.351329696536603	14.4875503760966	0.000141088922051381	0.00428054621270687	11.5197936691942	31.8208231150339	FBgn0038349	Aldehyde oxidase 3	protein_coding	41896
FBgn0003091	110.022530118697	1.24827094520671	0.325583743713401	14.4264705784321	0.000145739296508952	0.004389939239646	2.40879110896053	1.07154459472602	FBgn0003091	Protein C kinase 53E	protein_coding	48311
FBgn0033978	1309.88690477725	-2.19344575908165	0.556226815346059	14.2716725373674	0.000158228289230883	0.00471542745637	9.86777268182995	76.0912043282249	FBgn0033978	Cytochrome P450 6a23	protein_coding	36661
FBgn0041183	485.66043858402	1.11761704032522	0.294760302000448	14.0823370942539	0.000174979249872757	0.0051921685116262	8.60949244583943	4.13239037591304	FBgn0041183	Thioester-containing protein 1	protein_coding	34937
FBgn0026721	2174.57117490169	-1.15781087763397	0.305022243942509	14.0494152005571	0.000178069196353636	0.00525085447774019	29.4346563930301	72.3069735214206	FBgn0026721	fat-spondin	protein_coding	36919
FBgn0031490	88.7567802914999	2.17533458521953	0.563651960126766	13.8891692795267	0.000193912697448167	0.00569805003270768	2.85618966677629	0.512469460534805	FBgn0031490		protein_coding	33511
FBgn0266448	1275.37483183239	1.18933895507105	0.319063846811722	13.5325118492802	0.000234466025173848	0.00684184887347575	43.6570395941939	24.9307850858987	FBgn0266448		protein_coding	19836061
FBgn0027528	1743.74677982343	1.11177983569451	0.299188168335807	13.4907101516565	0.000239747443571077	0.00697175610993541	34.5804739768094	18.5726636332471	FBgn0027528	gone early	protein_coding	32660
FBgn0034470	8190.82205620357	1.27554819004357	0.342468842815261	13.4442117683708	0.000245763258423083	0.00709757533947624	1493.76889208499	757.685397271202	FBgn0034470	Odorant-binding protein 56d	protein_coding	37266
FBgn0031937	704.865125720191	1.00198475916105	0.270969437763978	13.4201544104325	0.00024893520780403	0.00716455988488038	20.1434659219291	12.1282643735736	FBgn0031937		protein_coding	34049
FBgn0270926	1107.27258284314	1.02771645194159	0.27793706934052	13.4134981698059	0.000249820094373003	0.00716548830413215	37.9126225479364	19.9615982539672	FBgn0270926	Asparagine synthetase	protein_coding	2768965
FBgn0013276	135.393801594342	-2.21225974978802	0.583294878838778	13.3680412130445	0.000255948533272456	0.0072914965207516	1.03008550445217	3.41347687450956	FBgn0013276	Heat shock protein 70 Ab	protein_coding	44920
FBgn0003356	99006.3643430037	1.56054048571232	0.418754382442096	13.259389115941	0.000271218017379282	0.00770039262856582	11506.8551498565	3995.2032859173	FBgn0003356	Jonah 99Cii	protein_coding	43544
FBgn0050052	243.164106382598	1.08018283082909	0.295318794936277	13.1467784911899	0.000288014005838896	0.00812238156063786	27.8131621057897	14.7737996293736	FBgn0050052	Odorant-binding protein 49a	protein_coding	36399
FBgn0010387	1150.79404844625	1.39684044085693	0.380095435988982	13.0224305751975	0.000307782080301852	0.00859335748457398	333.131138797609	183.80660135694	FBgn0010387	Acyl-CoA binding protein 2	protein_coding	38784
FBgn0033848	184.450766000909	-1.02013673248355	0.281282234440343	12.9671169528951	0.000317009807608349	0.00882169014284955	2.90711652353395	6.73760847527862	FBgn0033848		protein_coding	36501
FBgn0053470	428.384966550869	-2.55261123312272	0.67164027378957	12.9539330435666	0.000319250084263753	0.00883882865830677	6.90193042894917	27.5936757083117	FBgn0053470	Baramicin A1	protein_coding	2768831
FBgn0037410	31.7085615426318	2.22526729300573	0.608407425828141	12.8723938879677	0.000333464774806058	0.00918832120482005	2.11713375443446	0.566386996705505	FBgn0037410	Osiris 2	protein_coding	40756
FBgn0036394	634.293027549282	2.30213590575322	0.613263897878257	12.8380135961425	0.000339647990466663	0.00929772544586917	81.0641877784624	23.5835472354954	FBgn0036394		protein_coding	39546
FBgn0283433	51.0491856246291	-4.93558868151606	1.22746673262621	12.8244475906875	0.000342119501504558	0.00933497496962436	0	2.38414224626561	FBgn0283433	Sperm-specific dynein intermediate chain B	protein_coding	26067075
FBgn0038238	18.7536718957258	2.85037376942762	0.779597018645672	12.8119176317381	0.00034441837108099	0.00933707093730529	3.27503038216654	0.524014496171839	FBgn0038238		protein_coding	41761
FBgn0033294	510.012985782941	1.80411653219609	0.491138750367833	12.7333255164577	0.000359197278148958	0.00966369182848872	23.3665625789722	7.87618952174627	FBgn0033294	Maltase A4	protein_coding	35827
FBgn0034479	229.927346986232	1.38840880497191	0.38312701807398	12.7295861628857	0.00035991617590635	0.00966369182848872	7.88723409082076	3.47255203847391	FBgn0034479		protein_coding	37275
FBgn0040843	72.2399454385492	1.42551149384542	0.395709156182688	12.6718982202828	0.000371192489543797	0.00993471873288557	39.2660435760316	17.6458129023416	FBgn0040843		protein_coding	50316
FBgn0042101	170.42631593244	1.3753270946787	0.381250659041072	12.6447691376121	0.000376617974823163	0.01001715973816	10.0090593184068	3.82039801584184	FBgn0042101		protein_coding	59140
FBgn0033731	358.976409892046	1.55621521100305	0.429393772582081	12.5855547542473	0.000388739630045263	0.0102734838078629	25.4801549619941	14.7823735416436	FBgn0033731	Cuticular protein 49Ah	protein_coding	36354
FBti0215395	582.623166583527	6.58726381669162	1.47443378482322	12.4774239279759	0.000411899827244704	0.0108514299315501	10.184133546295	0.0413155997550035	FBti0215395		transposable_element	NA
FBgn0261502	27.5815334776649	-2.65712014576956	0.724895494579877	12.4639358478622	0.000414884813786473	0.0108959124220673	0.51944903607985	3.95046501589734	FBgn0261502		protein_coding	10178825
FBgn0030607	200.833175431669	1.09922740190711	0.310187430277625	12.3192905289588	0.00044830106144565	0.0116663472595863	6.91230096955935	3.99437871378869	FBgn0030607	doppelganger von brummer	protein_coding	32436
FBgn0030369	60.2083635639168	1.52510063137193	0.430795243606089	12.266416195855	0.000461183093724962	0.0118889040480508	2.81168300923733	1.18912327252759	FBgn0030369	Cytochrome P450 318a1	protein_coding	32172
RR48347_transposable_element	677.227286073108	7.64886887318844	1.65396339020352	12.2710957747252	0.000460028071934039	0.0118889040480508	3.65399988075908	0.0898645028812684	RR48347_transposable_element		transposable_element	NA
FBgn0002868	2741.26706317526	1.53270418721676	0.428188085565419	12.2556539470219	0.000463850567820194	0.0119211014433055	1543.00552069518	767.678948219332	FBgn0002868	Metallothionein A	protein_coding	41202
FBgn0051875	52.0323005802372	-1.58042120644583	0.448009131279132	12.1091597071472	0.000501747409343756	0.0127392302964499	1.46699290731304	4.25573438566139	FBgn0051875		protein_coding	318996
FBgn0037563	388.789236586721	1.05414193976828	0.300214571236764	12.0993322710745	0.000504398828077076	0.0127679751540956	26.594536538877	16.6053219076515	FBgn0037563		protein_coding	40977
FBgn0036469	217.46399667735	1.54404428830775	0.435361859614242	12.0703259778151	0.000512307421602894	0.0129292239373896	48.7531932904802	24.486918997567	FBgn0036469		protein_coding	39636
FBgn0033749	257.001665046186	-1.05661220852575	0.301001574350182	12.0610133341849	0.000514872974207227	0.0129550672911304	3.69346091674309	8.40876826868535	FBgn0033749	achintya	protein_coding	36373
FBgn0039428	23.5570128423236	2.58234343470989	0.72474393088906	12.0499757135405	0.000517930543401631	0.0129887471154968	12.0331423862032	2.23356177924126	FBgn0039428		protein_coding	43194
FBgn0262524	87.0912276791549	1.47028145506118	0.41735730281565	12.033966153735	0.000522398009665135	0.0130273972499282	10.8130925087539	4.70958124892517	FBgn0262524	verrocchio	protein_coding	39432
FBgn0034293	63.5547445813037	1.0910047263679	0.315762854735812	11.8641914992103	0.000572236073058211	0.01414432928818	6.40389227151604	3.63027897222202	FBgn0034293		protein_coding	37056
FBgn0050187	164.73088154773	1.17212475834529	0.33718254495354	11.8586901492927	0.000573928974310454	0.0141445721410706	8.21344513025547	3.81807152967869	FBgn0050187		protein_coding	246509
FBgn0036992	69.9982453080546	2.17592550518776	0.615135714924974	11.7039050873932	0.000623690695721381	0.0153260134702997	3.77107087193681	1.1575511014197	FBgn0036992	4-hydroxyphenylpyruvate dioxygenase	protein_coding	40263
FBgn0039736	191.883812752701	-1.97359349788639	0.561050202601708	11.620971954383	0.000652123143060552	0.0159779676218101	1.776316900318	9.58795413703683	FBgn0039736		protein_coding	43561
FBgn0028532	374.452560872801	1.36822777308642	0.395035478804506	11.6057717046431	0.000657474589969857	0.0160156998669759	31.2929925208505	18.2247397433466	FBgn0028532		protein_coding	34802
FBgn0035888	738.554254890963	1.39321483559824	0.402645982869459	11.5591674933675	0.000674160314482502	0.0163746915691068	20.0350185388634	8.36569605505812	FBgn0035888		protein_coding	38954
FBgn0031520	86.7655490383024	1.23682016480108	0.36142631781811	11.5028282305078	0.000694903745100783	0.0167815260742155	3.32727758167026	1.50608127410827	FBgn0031520		protein_coding	33545
FBti0018951	861.233437345642	1.47389880398305	0.425878991160435	11.5065890334075	0.000693499195224188	0.0167815260742155	11.3784720891652	4.21886839784503	FBti0018951		transposable_element	NA
FBgn0052364	45.7262378075495	-1.91437367543294	0.553598256076978	11.3986634646591	0.000734969647897996	0.0176476712026707	1.21700137771045	5.61701143276724	FBgn0052364	tumorous testis	protein_coding	317996
FBgn0000592	57.7632514712796	1.8531285765942	0.538352064686332	11.3626355983788	0.000749364111214252	0.0179420398593862	3.26504405628692	0.748294640783703	FBgn0000592	Esterase 6	protein_coding	39392
FBgn0004592	26921.4256905261	1.39789061568848	0.407738307226664	11.3213324393438	0.00076621712366473	0.0182934338274954	1413.98741905553	669.597832032664	FBgn0004592	Ecdysone-induced gene 71Ee	protein_coding	39706
FBgn0038034	134.144125583302	-1.03852645722035	0.306586150862374	11.2945658958922	0.000777342747223308	0.0185064828545742	2.38945209538232	5.56798882866148	FBgn0038034	Cytochrome P450 9f3	protein_coding	3772405
FBgn0050272	339.16763465268	1.94768309997068	0.561093191235009	11.2747045755046	0.000785703572669842	0.0186526915952468	14.9057475531141	4.21689769413647	FBgn0050272	Major Facilitator Superfamily Transporter 1	protein_coding	246519
FBgn0031906	75.941733318315	-1.04131896120164	0.309547764686713	11.2030158146425	0.000816645008351563	0.0193326328174268	1.88261467163441	5.10461580162444	FBgn0031906		protein_coding	34015
FBgn0053282	45.1542195399672	1.72934398680892	0.5111134540855	11.0844270460452	0.000870557165955694	0.0204362078846136	2.16611982106286	0.989091573191562	FBgn0053282		protein_coding	2768939
FBgn0039310	102.059745244411	1.50171152723423	0.445126200352871	11.0415365489415	0.000890929890032733	0.0206833557895997	5.74275407188112	2.44588461550891	FBgn0039310		protein_coding	43050
FBgn0013308	75.8823963201227	1.21012360551386	0.362678085010075	10.94411801006	0.000939012349112489	0.0216204377587435	4.36911538135292	2.37757556706522	FBgn0013308	Ornithine decarboxylase 2	protein_coding	35767
FBgn0050413	16.4935235543902	2.17922791201428	0.656855118087041	10.9369051855298	0.000942674995518425	0.0216454662905378	4.89356341165457	1.01160500793601	FBgn0050413		protein_coding	246601
FBgn0262580	84.2635424401297	2.38893642262443	0.691499495408072	10.9281497590292	0.000947140384798495	0.0216887405826882	3.29207740512677	1.39832140765103	FBgn0262580		protein_coding	12798252
FBgn0010019	2642.24608677885	1.0006350537646	0.30272044520647	10.7190959832807	0.00106035466120812	0.0240194624603585	86.2251402241161	40.7571359495896	FBgn0010019	Cytochrome P450 4g1	protein_coding	30986
FBgn0039452	58.1930645795624	-1.16499015652289	0.355442031984984	10.6967196185115	0.00107325667196068	0.0242463684708536	9.87125762120352	27.2977258337221	FBgn0039452		protein_coding	3772449
FBgn0260764	17.1630893523623	-2.04460568167064	0.623807938810399	10.6623916662272	0.00109335925197882	0.0246342926370779	0.966567340062857	6.17714596316879	FBgn0260764		protein_coding	37008
FBgn0040262	47.3923064682744	2.81631789328362	0.819988951714466	10.6226349632374	0.00111711751065417	0.0251022875923466	2.43560189557255	0.50923919801837	FBgn0040262	UDP-glycosyltransferase family 37 member C2	protein_coding	53513
FBgn0003374	33701.0013997405	1.50045775583091	0.45238386048482	10.5385049242831	0.00116912956206174	0.0260619757017689	3252.82228397935	1348.76055255422	FBgn0003374	Salivary gland secretion 4	protein_coding	31304
FBgn0043576	1786.66763744065	-2.19991346551987	0.651091763795477	10.4681430885524	0.00121450734648427	0.0267892906557843	104.159184765858	581.178012291129	FBgn0043576	Peptidoglycan recognition protein SC1a	protein_coding	35859
FBgn0086917	183.553252403453	2.42185836788652	0.712564656244844	10.4696342956045	0.00121352738853438	0.0267892906557843	4.58417179131881	2.27854342795688	FBgn0086917	spookier	protein_coding	5740359
FBgn0032132	93.869876378742	1.23108138500856	0.377110740216732	10.4409323833817	0.00123253036391921	0.0270448699174336	4.10523648832124	1.56662532680638	FBgn0032132		protein_coding	34279
FBgn0030029	293.324634965466	1.02043489655048	0.313118095955394	10.4289736737335	0.0012405366050744	0.0271496604923055	23.7876225382374	16.1516347740523	FBgn0030029		protein_coding	31765
FBgn0052187	55.8035778335294	1.05431570589004	0.328357938007258	10.2685612238744	0.00135316287071967	0.0293849632184188	3.23044203886671	1.7673043546559	FBgn0052187		protein_coding	39980
FBgn0262531	1126.25607501034	1.42752588615327	0.437308279744596	10.254931024979	0.00136319730275988	0.0295265725061703	112.497604135364	49.7770902860829	FBgn0262531		protein_coding	12797926
FBgn0085227	70.9601806363073	1.29382955251548	0.402019883772718	10.1714778628926	0.00142629903267175	0.0307349155655727	17.4770264481361	9.08722153898768	FBgn0085227		protein_coding	5740481
FBgn0031378	58.9112741938036	2.3731347680285	0.719651284004462	10.0275002234572	0.00154220194135455	0.0327289523109688	6.66625072125413	1.27847833872949	FBgn0031378		protein_coding	33371
FBgn0263260	768.806559190475	1.14243494692932	0.356860529160076	9.99731742647396	0.00156768422686928	0.0331859401577064	50.618234081585	35.6322287989213	FBgn0263260	seele	protein_coding	36046
FBgn0085452	82.8994280988309	1.00928945033568	0.318314574374965	9.94406151091636	0.00161369117324481	0.0340740216581644	22.4113301389752	11.9779749142881	FBgn0085452		protein_coding	5740313
FBgn0039628	34.6908908219397	1.79794473496191	0.564586942245462	9.85120428667776	0.00169720617587567	0.0355693783093745	3.15735633345908	0.703850230308945	FBgn0039628		protein_coding	43430
FBgn0003357	79385.1540430037	1.59349211832133	0.496013636945684	9.8353526814592	0.00171189456149287	0.0356991610292459	10942.5895512547	3300.18334193616	FBgn0003357	Jonah 99Ciii	protein_coding	43543
FBgn0288447	67.8716756620418	-2.40573455629471	0.73842751391368	9.83642278239111	0.00171089894484551	0.0356991610292459	1.07517879810029	5.12332295648322	FBgn0288447	Baramicin A2	protein_coding	36486
FBgn0038482	108.593815086213	1.34422265775691	0.423633805858727	9.81923693644017	0.00172695976343935	0.0359241828018422	10.2922400302709	4.29223301051165	FBgn0038482		protein_coding	42070
FBgn0262366	222.190725941104	1.59586645877426	0.498315886015129	9.80265153235277	0.00174260430295737	0.036160114968034	8.73048838975536	4.43158956329033	FBgn0262366		protein_coding	12798207
FBgn0032813	93.178611227727	1.02919465612177	0.326854943235936	9.77916657761464	0.00176500298579553	0.0365346923463686	7.57073569262631	4.25923892766348	FBgn0032813	Proliferating cell nuclear antigen 2	protein_coding	35257
FBgn0034745	209.216216255315	-1.05931841895426	0.337218092048663	9.69228833637781	0.00185042951596317	0.0380220284893752	1.76445293440967	3.37380983163286	FBgn0034745	testes of unusual size	protein_coding	37582
FBgn0050016	75.1363006139742	1.58900172312535	0.501457836979679	9.67438232204351	0.0018685507911023	0.0383007337766432	23.9142384611427	9.56788292923063	FBgn0050016		protein_coding	246393
FBgn0040069	2141.52585646035	1.8771420036549	0.585019429652334	9.64698347117857	0.00189662787969714	0.0386875259732398	71.9907491063848	26.0730012060701	FBgn0040069	vanin-like	protein_coding	31551
FBgn0052107	123.715557642102	1.51145797435169	0.478838006623634	9.61600717708485	0.00192888647204391	0.0392431075435146	2.14569809590201	0.86186979333405	FBgn0052107		protein_coding	317856
FBgn0033945	257.567012731788	1.68794016082047	0.532885833275532	9.53375451590945	0.00201727021242325	0.0407527376567428	26.7232417713361	16.2043871551786	FBgn0033945		protein_coding	36620
FBgn0036145	31.2146958215308	1.87826545883668	0.599958557693044	9.46282549294553	0.0020967784580386	0.0421562826826709	5.13534175198067	1.89781154763044	FBgn0036145		protein_coding	39263
FBti0019898	1711.95434905279	1.17318011065956	0.377448914529399	9.41087284875518	0.00215702521359452	0.0431610473691628	17.166293932015	8.28959096698767	FBti0019898		transposable_element	NA
FBgn0034776	30.2281112958548	-1.55114494575681	0.502138504210423	9.3373496491622	0.00224530017274296	0.0445035439899336	0.971609248508282	2.59063083759288	FBgn0034776		protein_coding	37615
FBgn0002933	266.064062691311	1.41281952385022	0.454535629757431	9.32639201276051	0.00225876662719112	0.0446651170233275	45.4553834601654	31.4817466169771	FBgn0002933	new glue 1	protein_coding	31300
FBgn0036948	9253.67438578736	1.06369628098914	0.344774164373975	9.31133994953902	0.00227739864155469	0.0449278361117972	499.70102182089	276.309916462105	FBgn0036948		protein_coding	40210
FBgn0034828	63.3303678628595	-2.35875316741423	0.746985836389553	9.25212604266826	0.0023522218569775	0.0460794230443797	2.99263056364405	25.2421309970943	FBgn0034828		protein_coding	37675
FBgn0000639	786647.640427698	-1.02810765358464	0.336777421113634	9.12873439201036	0.00251625728851362	0.0489229936246527	6420.95933945643	14719.9423120383	FBgn0000639	Fat body protein 1	protein_coding	39566
FBgn0063492	101.047130983136	-1.3998461210774	0.456827212104516	9.13119459628291	0.0025128758606704	0.0489229936246527	4.11187766643657	14.307732411665	FBgn0063492	Glutathione S transferase E8	protein_coding	37113
FBgn0039319	166.738340524478	1.31163906181402	0.429057912716457	9.08998723033297	0.00257012666765549	0.0496536655516706	8.7444491816257	4.67650644973557	FBgn0039319		protein_coding	43059
FBgn0035608	119.184393213605	2.61571855907168	0.821538984771492	9.0746016394717	0.0025918403072095	0.0499583163802492	3.67107068177383	2.00176759210196	FBgn0035608	blanks	protein_coding	38620
