baseMean	log2FoldChange	lfcSE	stat	pvalue	padj	expressionh2F14	expressionko	ensembl	description	gene_biotype	entrezgene_id
FBti0019898	1035.62126080156	13.4047265317392	1.21538049152563	416.902146899863	1.1527536490187e-92	8.88888338758316e-89	17.166293932015	0	FBti0019898		transposable_element	NA
FBgn0034899	2060.55813857292	7.83126778374404	0.389039940125174	282.135374814944	2.57197752442791e-63	9.91625934543181e-60	580.084842806876	1.95192078372408	FBgn0034899		protein_coding	37758
FBgn0037975	899.08828865963	-13.3096071780665	1.23810769677119	280.002373385305	7.50030521143363e-63	1.92782844951216e-59	0	86.6001604097444	FBgn0037975		protein_coding	41454
FBgn0034365	289.477484752449	11.5634066575371	1.2243769134495	258.374482957818	3.88011175306201e-58	7.47988543196529e-55	29.8298447806067	0	FBgn0034365		protein_coding	37140
FBgn0015714	329.071291228921	8.31146211752401	0.670935101202052	247.559448194554	8.84122067319549e-56	1.36349305222021e-52	26.3711009435161	0.0661190118638131	FBgn0015714	Cytochrome P450 6a17	protein_coding	45556
FBgn0053503	839.98378865706	-13.2113446226203	1.24769152711896	244.44907317195	4.21352193625681e-55	5.41507794174604e-52	0	44.6103947803616	FBgn0053503	Cytochrome P450 12d1 distal	protein_coding	2768720
FBti0019430	1108.95771585596	-10.8380831690705	0.824499254518624	233.391504240218	1.08576304946895e-52	1.19604555349358e-49	0	23.4542010400618	FBti0019430		transposable_element	NA
FBgn0085362	919.709789711631	13.2336237047099	1.25892126547404	216.516054137727	5.2041289697012e-49	5.01612981067075e-46	70.1568554650328	0	FBgn0085362	Vitelline membrane-like	protein_coding	5740271
FBgn0036108	907.077271899217	-9.59965531155069	0.681915013020354	189.459065058535	4.17259581121191e-43	3.57498736669501e-40	0.386489778956516	233.86328376796	FBgn0036108	Cuticular protein 67Fa1	protein_coding	39223
FBgn0033292	701.341154798782	-2.77523314843207	0.195484494221896	183.375582814233	8.88035976271977e-42	6.84764541303321e-39	6.65086341270138	36.6887633462361	FBgn0033292	Cytochrome P450 4ad1	protein_coding	35821
FBgn0028533	9924.13682961723	5.37733327886733	0.34976996231645	163.894295666965	1.59534067894638e-37	1.11833381594141e-34	1230.19104193412	23.8269730727096	FBgn0028533		protein_coding	34801
FBgn0038241	115.743010757228	-6.49056456713312	0.6034147587461	151.191656092635	9.51697030214464e-35	6.11544649998644e-32	0.64159974765327	41.4336592340606	FBgn0038241		protein_coding	41764
FBgn0052521	2021.13727063925	2.59787806827778	0.20667843895714	141.740912644342	1.10798169809529e-32	6.57203605693293e-30	123.667076168046	14.6591796493467	FBgn0052521	Membrane-bound Notch regulator	protein_coding	33098
FBgn0085244	275.2791015797	5.02312383129899	0.399596975274038	136.776486443196	1.3495174808722e-31	7.03249364048883e-29	151.290699214693	3.0104487002429	FBgn0085244		protein_coding	5740170
FBti0019199	179.216520148869	-10.9845235252016	1.27113817461853	136.749458326178	1.36801199075778e-31	7.03249364048883e-29	0	4.6295018484255	FBti0019199		transposable_element	NA
FBti0215395	506.111153498956	8.31461443240615	0.677451666147737	134.099962835285	5.19527415069771e-31	2.50379743600188e-28	10.184133546295	0.019301891929584	FBti0215395		transposable_element	NA
FBti0019364	418.044906795465	-12.204405012938	1.30548045402495	128.180870372691	1.02466438551553e-29	4.64775710394721e-27	0	8.30985461775618	FBti0019364		transposable_element	NA
FBgn0000640	63439.0051370598	-6.14664765803557	0.44826622664742	120.405180284582	5.1573883057542e-28	2.20936784587059e-25	107.257301354483	8678.59661466717	FBgn0000640	Fat body protein 2	protein_coding	34259
FBgn0262531	761.709274172447	4.12087607299844	0.337839744780852	120.240866242064	5.60275941729048e-28	2.27383567719615e-25	112.497604135364	5.16138885028793	FBgn0262531		protein_coding	12797926
FBti0020111	75.0744545291199	9.62101070722251	1.25499073626586	119.228599359098	9.33295784093024e-28	3.59832189557065e-25	2.54397418446574	0	FBti0020111		transposable_element	NA
FBgn0034441	414.667322398573	-9.80852944853413	0.997395675506792	112.08419593157	3.42453886038826e-26	1.25745805487876e-23	0	15.7083440842697	FBgn0034441		protein_coding	37226
FBgn0033836	89.634448136743	-5.55907166843358	0.562580804918293	107.009280164826	4.43089680383994e-25	1.5530293297459e-22	0.131489641465473	5.41937246068284	FBgn0033836		protein_coding	36487
FBgn0034440	3658.78740082919	-7.64138615702455	0.573738384234848	103.884540610438	2.14456300350461e-24	7.18988057392349e-22	0.708121843964315	110.850350460917	FBgn0034440		protein_coding	37225
FBgn0036109	696.303401264144	-4.54391578648204	0.393462459194937	103.794676342925	2.24407337502252e-24	7.21002074783279e-22	10.2004963221853	177.015808527136	FBgn0036109	Cuticular protein 67Fa2	protein_coding	39224
FBgn0053497	65.6345526536722	9.43004968721893	1.2732982035747	98.2866996461657	3.61989115336162e-23	1.11651922734286e-20	4.68243602072019	0	FBgn0053497	Sperm-specific dynein intermediate chain 2	protein_coding	2768883
FBti0019666	44.3227936529675	-8.97311573657724	1.26128727431402	96.8426835885761	7.50603940104048e-23	2.22611807005474e-20	0	4.68161354294087	FBti0019666		transposable_element	NA
FBgn0004425	28151.3795307336	3.9877793898703	0.360426136552902	96.2167849672767	1.02968223259078e-22	2.94069618352131e-20	12510.1415874197	542.602281667895	FBgn0004425	Lysozyme B	protein_coding	38125
FBgn0043576	14931.1237399669	-5.73130000178398	0.494771529587875	89.5775894371869	2.94845243820111e-21	8.11982741106026e-19	104.159184765858	3966.55854579694	FBgn0043576	Peptidoglycan recognition protein SC1a	protein_coding	35859
FBgn0033395	526.457259002814	3.31295277641983	0.325915989615629	89.0854142849173	3.78128653279656e-21	1.00543105015153e-18	27.8183302193353	2.84283044084781	FBgn0033395	Cytochrome P450 4p2	protein_coding	35946
FBgn0032049	1295.37443387102	5.63655050789076	0.506503585953422	86.1758916873347	1.64622383198347e-20	4.23134398947484e-18	153.340841269022	1.71643445575232	FBgn0032049	beta-site APP-cleaving enzyme	protein_coding	34182
FBgn0039473	218.751841929565	6.66528020622413	0.673307576344525	82.8234086926561	8.97211416546121e-20	2.23174104289908e-17	29.4829881959418	0.249294564679332	FBgn0039473		protein_coding	43249
FBgn0034366	391.445996352226	11.999352406612	1.38528871509431	81.799425803327	1.50622307884749e-19	3.62952692531031e-17	15.7185024589613	0	FBgn0034366	Autophagy-related 7	protein_coding	37141
FBgn0033205	495.191034190696	2.98148334168376	0.314730184999926	79.3021069291275	5.33028335446322e-19	1.24550954382624e-16	46.5115780260344	4.59379086180749	FBgn0033205	Retinol dehydrogenase 1	protein_coding	35708
FBgn0050360	2534.01388853272	-3.86633199767219	0.392785935080398	77.4758844272078	1.34352891510706e-18	3.04704454835016e-16	9.91000134709485	114.117507787621	FBgn0050360	Maltase A6	protein_coding	246565
FBgn0029710	434.465422652422	1.97921204690111	0.224143862367724	74.0661854485603	7.55413121843886e-18	1.66428302358235e-15	23.8098485282738	5.20861698760164	FBgn0029710		protein_coding	31383
FBgn0037930	336.401761407227	4.19912350248324	0.442850585463754	73.434719619251	1.04020167403036e-17	2.22805419679113e-15	67.7684591522813	3.99396325767247	FBgn0037930		protein_coding	41403
RR48348_transposable_element	2138.35784328384	3.20837456378258	0.348245603189495	72.0743632788647	2.0723869292972e-17	4.31896638157046e-15	48.5997403349136	3.15357740679676	RR48348_transposable_element		transposable_element	NA
FBgn0034480	96.6554582926648	-4.46101811048402	0.509388201843816	70.3742930485006	4.90550254399708e-17	9.69905900429781e-15	0.356226849726529	8.47493997785972	FBgn0034480		protein_coding	37276
FBgn0043575	6487.37717821913	-3.35212627809837	0.365004728347967	70.3981912236208	4.84643413228134e-17	9.69905900429781e-15	118.884383595064	968.310379350993	FBgn0043575	Peptidoglycan recognition protein SC2	protein_coding	35862
FBgn0013772	102.416759666184	4.56880132615171	0.524847201667783	69.6775971420786	6.98347895896378e-17	1.34624015631424e-14	6.12053753596939	0.223735981810968	FBgn0013772	Cytochrome P450 6a8	protein_coding	36666
FBti0020108	181.292173731122	10.887750625517	1.39160038298436	68.1256287210665	1.53403810977949e-16	2.88511411329504e-14	2.54673594646845	6.16106864432212e-09	FBti0020108		transposable_element	NA
FBgn0053508	40.6565222690132	-5.15633477836929	0.688314119234245	67.5750167228337	2.02821375081086e-16	3.72370386488156e-14	0.116543463067166	2.73395453717324	FBgn0053508	pickpocket 13	protein_coding	3346226
FBgn0036194	1371.6910670198	1.51713473746119	0.182593522797838	66.3860866753543	3.70709578373119e-16	6.64777106705842e-14	70.9889902693955	20.4645691242259	FBgn0036194	Diphthamide biosynthesis 1	protein_coding	39317
FBgn0039321	735.405800529946	-3.17566450040097	0.362302925214591	66.0834846110812	4.32222291061247e-16	7.4063690808295e-14	6.04266466290848	43.9733104913729	FBgn0039321		protein_coding	43061
FBgn0042173	371.812196617752	-3.90198711863314	0.435046290099104	66.1196898650242	4.24355374534376e-16	7.4063690808295e-14	2.60251445504307	32.1247091569932	FBgn0042173		protein_coding	246511
FBgn0052581	225.12999942157	-2.18842943991725	0.263937149957067	65.1947002445263	6.7851759339811e-16	1.13740199188974e-13	3.64333903641619	14.3830671911734	FBgn0052581	suppression of retinal degeneration disease 1 upon overexpression 2	protein_coding	318098
FBgn0031470	132.240718702603	2.25607564497067	0.281910350828444	62.1241400370963	3.22474024726409e-15	5.29063235035178e-13	13.2540475708683	2.08546553364338	FBgn0031470		protein_coding	33483
FBgn0037974	796.452019699705	4.24245746456932	0.487872018577818	59.1964132390577	1.42693694159498e-14	2.26882264562091e-12	88.2862275048464	3.75250438769881	FBgn0037974		protein_coding	41453
FBti0019425	1201.5847089798	2.31861936388545	0.288142943857878	59.1761091446056	1.44173660530962e-14	2.26882264562091e-12	23.010497860934	3.22354001485556	FBti0019425		transposable_element	NA
FBgn0033733	146.108679914759	-3.90867568991997	0.475288962326562	58.5256879555834	2.00653919168977e-14	3.09448474142397e-12	0.502928225260975	7.54574381626619	FBgn0033733		protein_coding	36356
FBti0019522	459.473344875075	-4.61345024610002	0.539650253682756	56.4379586544083	5.7999821441822e-14	8.76934555172332e-12	0.371119460845777	7.84748825212406	FBti0019522		transposable_element	NA
FBgn0040099	540.366224668685	4.36342250449661	0.531163495802467	52.613518441762	4.06084405157414e-13	6.02176316955542e-11	51.3675354596498	2.58311051325895	FBgn0040099	lectin-28C	protein_coding	53542
FBgn0035887	28371.291271722	-2.34057234005965	0.307446476045094	52.5481042633218	4.19837812890776e-13	6.1082441041524e-11	961.288792702317	3394.61366408606	FBgn0035887	Jonah 66Cii	protein_coding	38953
FBgn0029848	415.863032111625	-2.49376252384471	0.33007478391484	52.0752094880022	5.34150476067565e-13	7.62747096473517e-11	4.00722618124499	18.6516915695383	FBgn0029848	Biotinidase	protein_coding	31552
FBti0019466	256.89884153439	3.44696806280659	0.445421962387647	51.5164308295536	7.10003858675537e-13	9.95425409863103e-11	3.55242830702596	0.275846823674928	FBti0019466		transposable_element	NA
FBgn0051810	217.561563605464	4.4361228465927	0.562855239123647	50.1950769092744	1.39196592121755e-12	1.91668736044796e-10	23.0987488292614	1.07360048454375	FBgn0051810		protein_coding	318955
FBgn0025454	2721.64788298031	3.08980214609257	0.407314854794467	49.1985534080367	2.31321231586307e-12	3.02325087586781e-10	128.478317688606	12.1393402462269	FBgn0025454	Cytochrome P450 6g1	protein_coding	36316
FBgn0038508	173.084963119469	-3.28751415262168	0.440686402084863	49.2091955302182	2.30069666025117e-12	3.02325087586781e-10	3.58069858054454	28.1530643704829	FBgn0038508		protein_coding	42097
FBti0061663	27.5321594282048	8.15792665436365	1.3426820339182	49.2095351594748	2.30029835744581e-12	3.02325087586781e-10	5.79929829927663	0	FBti0061663		transposable_element	NA
FBgn0034582	5335.306775363	-3.15380771657207	0.415358955250894	48.957099792264	2.61622531830591e-12	3.36228557157615e-10	55.1200526328302	456.917618611619	FBgn0034582	Chitinase 9	protein_coding	37392
FBgn0051436	283.710376627595	1.58472498455864	0.224510070430081	48.4203695652994	3.43976599662959e-12	4.34820255737882e-10	19.49288803629	4.60905491792052	FBgn0051436		protein_coding	318734
FBgn0026602	799.59366314518	-1.79300137147725	0.250962717242944	48.368868476724	3.53129999843773e-12	4.39191198192796e-10	9.56997184371638	26.439396712513	FBgn0026602	Adenosine kinase 3	protein_coding	44750
FBgn0053926	1356.60691711402	-1.91924277788039	0.268195449885739	48.0311461960401	4.19502097484603e-12	5.1345724979425e-10	53.2696623858989	165.346310539346	FBgn0053926		protein_coding	39092
FBgn0002533	102143.023580871	-3.76395805952741	0.490351336269663	47.2586288299359	6.22115120090727e-12	7.49551514221812e-10	1951.49615799616	22196.3134862597	FBgn0002533	Larval cuticle protein 2	protein_coding	35818
FBgn0032088	722.681031651307	-2.02901041901904	0.285296241290835	47.1923785903271	6.43501737966482e-12	7.63391061763006e-10	42.6144607382875	153.451232904355	FBgn0032088		protein_coding	34228
FBgn0033697	63.2575898815855	-3.38451744559944	0.481731868682566	46.9427532493842	7.30907488585327e-12	8.53943582497191e-10	0.360977862621801	3.62087060009837	FBgn0033697	Cytochrome P450 6t3	protein_coding	36318
FBgn0031653	65598.4727906089	-2.39197551676104	0.33331337090419	46.5022256467471	9.15144492139764e-12	1.05323569834175e-09	1730.01297031491	8047.8208450135	FBgn0031653	Jonah 25Biii	protein_coding	33706
FBgn0038083	1758.47912547518	1.44785715105965	0.210812036705556	45.4435485239121	1.57102160849545e-11	1.78149229751594e-09	93.8021824083034	25.2701032500155	FBgn0038083	UDP-glycosyltransferase family 37 member A3	protein_coding	41574
FBgn0052318	25.9088432989149	8.0859510879004	1.35845737416415	45.3847209291548	1.61892408292449e-11	1.80920631933779e-09	4.9309225414069	0	FBgn0052318		protein_coding	2768976
FBgn0261575	422.401816227722	-5.90937889593227	0.74252789071469	44.0194649390469	3.25126499499365e-11	3.58150062519944e-09	0.381943585222432	20.6116185288752	FBgn0261575	target of brain insulin	protein_coding	43072
FBgn0014931	220.506528474768	3.37366505394737	0.475199312205923	43.4236782772584	4.40821558252373e-11	4.78757047279443e-09	9.89724425009772	1.03031286571013	FBgn0014931		protein_coding	40937
FBgn0052751	224.994604493429	-3.31759311122621	0.470435743181074	43.0595610327842	5.30984950396251e-11	5.68670132292429e-09	1.24906289691313	12.401436875357	FBgn0052751		protein_coding	318189
FBti0060280	102.904716602612	5.2492738588581	0.735117141922254	42.4582893496942	7.22057435068833e-11	7.62710257782982e-09	2.63670698053706	0.045971037361249	FBti0060280		transposable_element	NA
FBgn0035667	25057.1839690206	-1.36400981305306	0.207924861576838	41.5282509951699	1.16179817798989e-10	1.21062510141622e-08	1158.36329105909	2136.18562011996	FBgn0035667	Jonah 65Ai	protein_coding	38685
FBgn0004431	1815.75105669028	5.29958776588674	0.69066499047115	41.255341175895	1.33586320670445e-10	1.3734454915864e-08	583.04811438038	10.5374770725654	FBgn0004431	Lysozyme X	protein_coding	38122
FBgn0053093	47.16469604744	3.6218748229402	0.556242058266964	41.2289809587109	1.35400040318556e-10	1.37377593538998e-08	5.36889791191236	0.290497365044896	FBgn0053093		protein_coding	42654
FBgn0039310	74.7447409429863	2.90188095474122	0.445919690373179	40.172980142948	2.32441041411227e-10	2.32773100041815e-08	5.74275407188112	0.63997457270771	FBgn0039310		protein_coding	43050
FBgn0053966	232.080076774019	-1.54449656433985	0.240311282939416	40.111568409812	2.39864294562754e-10	2.37127381458127e-08	6.41929274485515	15.1044090598814	FBgn0053966		protein_coding	3885642
FBti0019609	110.809960385494	-4.63932738347166	0.670482197964265	39.3245500157728	3.58900349867265e-10	3.50313999724871e-08	0.248614035161326	7.5651906831009	FBti0019609		transposable_element	NA
FBgn0040349	724.093258023153	-2.14177437652415	0.32946465791229	39.1069174619054	4.01219892026185e-10	3.86725823426739e-08	18.6871987963402	83.7855436216287	FBgn0040349		protein_coding	31046
FBgn0034356	3842.9433797123	1.67595661349983	0.261748985861442	38.9187646690358	4.41813234467716e-10	4.20595290244513e-08	138.214901284339	36.1193287925507	FBgn0034356	Phosphoenolpyruvate carboxykinase 2	protein_coding	37130
FBgn0052198	3434.59579069105	-2.42894002113338	0.370553892469788	38.743510531773	4.83314397298866e-10	4.54492355801409e-08	202.281411199478	1015.61625378007	FBgn0052198		protein_coding	317909
FBgn0029799	139.060823099975	3.61781342294299	0.538899295291229	38.5445261800598	5.35186591843576e-10	4.97207687916363e-08	12.4121999535136	0.508828023872602	FBgn0029799		protein_coding	31498
FBgn0002571	1666.00664490462	-4.79390523387514	0.66370744806087	38.3054369667097	6.04938651654011e-10	5.5277686041012e-08	4.76817600669676	91.7512903070364	FBgn0002571	Maltase A3	protein_coding	35826
FBgn0038873	389.39180830081	-3.02128840160294	0.455892569013297	38.2912977093458	6.09337740044873e-10	5.5277686041012e-08	1.78625872382326	16.1558750414389	FBgn0038873		protein_coding	42522
FBgn0038412	1017.14775557642	-1.81824457611769	0.286135963918423	38.138300811307	6.59037046357184e-10	5.90911007495377e-08	13.1102980530878	37.2088612113479	FBgn0038412	Zinc/iron regulated transporter-related protein 89B	protein_coding	41975
FBgn0031940	819.484739992378	-1.98381238416909	0.312929122603521	37.5795456104338	8.77599595835392e-10	7.77835687757093e-08	20.6228775538721	64.0992777632922	FBgn0031940		protein_coding	34053
FBgn0040793	1511.78343292375	-1.33987392028036	0.216883183636924	36.9368619120748	1.22017121051612e-09	1.06917502321475e-07	247.368251391783	561.119636964835	FBgn0040793		protein_coding	50266
FBgn0052819	39.9020094258081	3.91170833858805	0.64078143240043	36.7658466684547	1.33203461283944e-09	1.14976262362864e-07	2.23570061258103	0.102999648844988	FBgn0052819		protein_coding	318227
FBgn0052820	39.8984472070653	3.91127688249997	0.640824506926911	36.7513721680713	1.34196130367757e-09	1.14976262362864e-07	2.23570061258103	0.102999648844988	FBgn0052820		protein_coding	318228
FBgn0030956	189.865933892379	1.58989931045595	0.258831254928113	36.6957103093236	1.38082952317205e-09	1.17006334650326e-07	8.31046773387793	1.98341122130848	FBgn0030956		protein_coding	32866
FBgn0262983	56.7714893915626	4.12537315008611	0.64782955305597	35.1201199994191	3.09981421156331e-09	2.59811602014834e-07	5.21177936302722	0.322079329437031	FBgn0262983		protein_coding	12797901
FBgn0038079	233.932631847983	3.14812648977896	0.498986670176192	34.8144211816012	3.62677041158876e-09	3.00709963911408e-07	46.4356397084096	3.55063719349692	FBgn0038079	Ninjurin C	protein_coding	41568
FBgn0260000	197.259420210098	-1.60333084769538	0.26781220439074	34.6955376799723	3.85514249674911e-09	3.16244721196089e-07	6.50608324501024	18.4408402435565	FBgn0260000		protein_coding	35410
FBgn0039309	632.469895000245	2.97475613470358	0.473947269664614	34.1813653008331	5.02074380398859e-09	4.07525847079537e-07	43.8243927882569	4.90826546759149	FBgn0039309		protein_coding	3772439
FBgn0051380	51.2871791669865	-4.39978843387484	0.714041573158506	34.135275263392	5.14107938694083e-09	4.12946491173966e-07	0.137301848190184	3.49189571258547	FBgn0051380		protein_coding	318701
FBgn0034160	640.131223389879	2.5528140322134	0.414937181441549	34.0324442017833	5.4200732592576e-09	4.30867885589024e-07	78.3070689267148	8.65167055502933	FBgn0034160		protein_coding	36883
FBgn0020644	58504.7040721895	-2.34390583696458	0.384535139910999	33.6701391088687	6.52953565031168e-09	5.1376785101585e-07	6018.05351123316	24138.0702767402	FBgn0020644	Lcp65Ab1	protein_coding	48382
FBgn0031692	531.127798139284	-2.27883315609491	0.376670003289354	33.591733579898	6.79810211064326e-09	5.29496619951214e-07	17.6400913235904	102.51193791375	FBgn0031692	Troponin C at 25D	protein_coding	33752
FBgn0025814	2113.92221594166	-2.23719004991812	0.369488663903939	33.5622534470267	6.90191977985845e-09	5.32207034224885e-07	84.2101498161535	403.522180870705	FBgn0025814	Microsomal glutathione S-transferase-like	protein_coding	44110
FBgn0027584	53.1313858613485	-3.0359720278541	0.511570304205025	33.3641429693069	7.64200417672269e-09	5.83440536700086e-07	0.441177413990009	2.74533329524435	FBgn0027584		protein_coding	41330
FBgn0052475	171.056777779382	2.05435904795152	0.348967458150533	32.8483075984718	9.96377789179539e-09	7.53242071800335e-07	4.97688039911023	1.10468394655818	FBgn0052475	methuselah-like 8	protein_coding	38013
FBgn0034710	87.4657700847924	-3.79865151174811	0.629621944116871	31.8034191270793	1.70592173015408e-08	1.2771225690503e-06	0.520286505263546	3.8444803713957	FBgn0034710	Alkaline phosphatase 7	protein_coding	37538
FBgn0019624	5164.90101751923	-1.34455308596894	0.234787977051251	31.6924304956595	1.80624831159746e-08	1.33922891641616e-06	365.509451822658	767.881806465419	FBgn0019624	Cytochrome c oxidase subunit 5A	protein_coding	41432
FBgn0263999	52.8196759266034	-4.36755782709201	0.733879829304081	31.639402437145	1.8562479578155e-08	1.36319314311574e-06	0.163938290015164	4.38039765077913	FBgn0263999		protein_coding	14462622
FBgn0035780	323.413314933112	-1.76977689628679	0.308210022315535	31.4684575140311	2.02706518806524e-08	1.47459430803501e-06	6.37132853568446	15.4155706974625	FBgn0035780		protein_coding	38829
FBgn0014368	714.904229612048	-4.08788579523157	0.648386807923966	31.3236468563514	2.18403211503422e-08	1.5739319288812e-06	14.2506955500622	73.1419870978261	FBgn0014368	no optic lobe	protein_coding	64867
FBgn0020637	485.579149489829	-5.57117648799677	0.833672666784464	31.2398571591493	2.28035797619071e-08	1.62813336614875e-06	1.99584437081017	89.030433678872	FBgn0020637	Lcp65Ag2	protein_coding	38702
FBgn0033978	1619.77145987202	-2.80587528492836	0.470595130073558	31.1462014572722	2.39307191006691e-08	1.6929337154611e-06	9.86777268182995	90.5458388277702	FBgn0033978	Cytochrome P450 6a23	protein_coding	36661
FBgn0260764	34.5987658003214	-3.4526288828414	0.611354786502723	30.6047506237358	3.16318280523558e-08	2.21739114647014e-06	0.966567340062857	10.3570554265371	FBgn0260764		protein_coding	37008
FBgn0011455	1150.48440234574	-1.0616876855456	0.190585464712263	30.4234001669218	3.47313187090133e-08	2.41273151860542e-06	80.4435190544037	140.13771347023	FBgn0011455	NADH dehydrogenase (ubiquinone) SGDH subunit	protein_coding	46260
FBgn0283432	180.12462224155	3.44460680448966	0.577728483436131	30.3788831910148	3.55375809483711e-08	2.44669898832937e-06	6.94925013420661	0.931881246862167	FBgn0283432	Sperm-specific dynein intermediate chain A	protein_coding	26067074
FBgn0053465	81.1393319916082	-2.15985029751293	0.38502853755139	30.2182057726587	3.8606840159003e-08	2.63448977403604e-06	1.09512678854023	3.97621441594892	FBgn0053465		protein_coding	3885587
FBgn0038257	550.791339633565	-2.78975536191444	0.477448552734376	30.0995329160752	4.10430057806117e-08	2.77616331205524e-06	5.93048873913966	51.0768977889279	FBgn0038257	Senescence marker protein-30	protein_coding	41786
FBti0019115	289.68727034922	-1.30488090899196	0.235523175938779	29.9825419863039	4.35953699615854e-08	2.9231643284677e-06	1.16641544297987	2.26116653093991	FBti0019115		transposable_element	NA
FBgn0032304	1003.07325697754	-1.40831218034882	0.253122369885505	29.9042602804931	4.53914368567724e-08	3.01735663450493e-06	29.5651519012121	58.9443003805565	FBgn0032304		protein_coding	34494
FBgn0030836	16724.1452479264	-2.63100572635448	0.454782273064684	29.6607735590772	5.14657944488052e-08	3.39190376918578e-06	508.23627656375	2474.37642439277	FBgn0030836		protein_coding	32719
FBgn0085483	59.9880525724078	-3.32958710750459	0.58906308941019	28.7494561274847	8.23730500279229e-08	5.38286939631622e-06	1.48065952552892	11.9652166915235	FBgn0085483		protein_coding	5740130
FBgn0046874	6153.47168360918	1.13079134530716	0.208489430400919	28.7071222234719	8.41935198097559e-08	5.45559858195821e-06	77.2765690174206	30.8587169122816	FBgn0046874	PFTAIRE-interacting factor 1B	protein_coding	3771985
FBgn0263111	289.500777463373	-1.62309598582349	0.297629351600858	28.65121401288	8.66596462060239e-08	5.56860443245542e-06	0.68174231495859	2.210343712111	FBgn0263111	cacophony	protein_coding	32158
FBgn0010295	2208.94521698049	-1.49696013790742	0.274243000649887	28.5762808054815	9.00788736075913e-08	5.7404809453565e-06	161.72259205754	404.306454880967	FBgn0010295	new glue 3	protein_coding	31299
FBgn0033096	26.8754586080088	-4.13360122131798	0.774338478898726	28.109703081544	1.14629705511471e-07	7.20494558881699e-06	0.113292702013513	2.4710738576395	FBgn0033096	Zinc/iron regulated transporter-related protein 42C.1	protein_coding	35579
FBgn0050488	17.2159862488153	4.59732787814254	0.952088260516163	28.1046766581618	1.14927805398066e-07	7.20494558881699e-06	2.42733201553912	0.133211252642377	FBgn0050488	antares	protein_coding	246647
FBti0020099	746.719547242488	-4.12070027186537	0.689154618155612	27.9487292942613	1.24572737136537e-07	7.74661593596642e-06	0.849157864043322	14.2545949659557	FBti0020099		transposable_element	NA
FBgn0035426	99.4194909675303	3.70184661664323	0.650758769321752	27.8803347362036	1.29054775687073e-07	7.96113100258417e-06	7.54432529378744	0.683277232595174	FBgn0035426		protein_coding	38401
FBgn0033222	561.180455397947	1.73074546568482	0.321697971094822	27.4818753713622	1.58573630135417e-07	9.7044544601127e-06	127.624054002014	32.3872223874125	FBgn0033222		protein_coding	35727
FBgn0035343	590.482181440053	-1.71492741687037	0.321526656958026	27.0616552847364	1.97068422004355e-07	1.19653118273668e-05	20.7394014070608	47.0438987853044	FBgn0035343		protein_coding	38310
FBgn0031522	458.538233912473	-2.24055902840348	0.415526312888526	26.7574497070861	2.30660767221286e-07	1.38955091878386e-05	5.29125000021891	20.9600333513649	FBgn0031522		protein_coding	33547
FBgn0033593	571.952505985893	-2.75442845693265	0.501816692946488	26.5975067463297	2.50566900324636e-07	1.49776850263819e-05	38.8708061941706	147.078768125271	FBgn0033593	Listericin	protein_coding	36183
FBgn0016123	1179.12987638631	-1.64406303749082	0.311366106578428	26.5502267975398	2.56774572192023e-07	1.51144177570434e-05	14.6042003310489	29.6681111283134	FBgn0016123	Alkaline phosphatase 4	protein_coding	43671
FBgn0037503	109.410325521127	-1.68222828120334	0.321738983283955	26.5571066860231	2.55861775672538e-07	1.51144177570434e-05	2.6749041612099	6.9028606303536	FBgn0037503		protein_coding	40893
FBgn0020640	113.087178535285	-3.69406150091239	0.664623695354081	26.1532303879653	3.15369072207241e-07	1.84228099681063e-05	2.64627176179014	52.2991901497681	FBgn0020640	Lcp65Ae	protein_coding	45018
FBgn0003082	178.331941121808	1.57104882728695	0.303203128473012	25.9843097128364	3.44203455200061e-07	1.99560364138923e-05	9.49348572505138	2.57170044939876	FBgn0003082	photorepair	protein_coding	35735
FBgn0039325	208.790763801553	-1.91011490313609	0.364721962899946	25.9355651498777	3.53005169396983e-07	2.03136034419413e-05	3.8675539336067	14.0522322755337	FBgn0039325		protein_coding	43065
FBgn0039356	61.7238938307462	-2.29337983613807	0.441149592003708	25.8423451814676	3.70470994014348e-07	2.11607543321825e-05	2.49896734429928	9.20597309427483	FBgn0039356		protein_coding	43100
FBgn0031695	296.704105211365	1.83521309342663	0.352682432496936	25.6315400043895	4.1322967848135e-07	2.34295150791889e-05	17.9478986179657	4.26816831553391	FBgn0031695	Cytochrome P450 4ac3	protein_coding	33756
FBgn0027259	123.126600626473	-1.60282681369389	0.312472990168245	25.5842162193184	4.23489354162834e-07	2.38359591967125e-05	6.78415273476907	17.8906251928581	FBgn0027259	kinetochore Mis12-Ndc80 network component 1	protein_coding	32102
FBgn0261534	1379.85935072798	-1.72392564610397	0.332154700620714	25.5163275078803	4.38655017320512e-07	2.45106437576701e-05	70.7364448063139	225.14271276312	FBgn0261534	lethal (2) 34Fc	protein_coding	34838
FBgn0036606	66.6595863685572	-3.52050747895756	0.655591549091002	25.3142255847878	4.87103041751803e-07	2.70219536327205e-05	2.14650899527202	12.8132608039364	FBgn0036606		protein_coding	39802
FBgn0040582	20.0191101411626	-5.222248083401	1.01164374156121	25.2654799583335	4.9957005634498e-07	2.75156050319725e-05	0.287782812658711	8.94329023298205	FBgn0040582	Bomanin Bicipital 3	protein_coding	50055
FBgn0042206	334.297589032458	-1.71722848926334	0.336408538982795	24.8495747593367	6.1982717163915e-07	3.38970731951027e-05	13.8686875424994	34.0468870034025	FBgn0042206	Glutathione S transferase D10	protein_coding	59240
FBgn0039613	97.2475303792133	-1.63986237287466	0.327553088905379	24.5581152169568	7.21020413691009e-07	3.91534395068406e-05	1.26074338761403	3.5956004241365	FBgn0039613	Neprilysin-like 20	protein_coding	43412
FBgn0033708	256.048807628223	2.44313875577259	0.473577352573509	24.2048810863308	8.66124928921086e-07	4.67041211672062e-05	11.8060994607114	1.8520339598847	FBgn0033708		protein_coding	36331
FBgn0000055	34912.8673820925	-2.0477710499154	0.401459020406228	24.0907917604732	9.18986975827492e-07	4.92104761847624e-05	648.160993272041	2976.52960933966	FBgn0000055	Alcohol dehydrogenase	protein_coding	3771877
FBgn0040736	48.5529862527907	-2.85369495565868	0.572140978880518	23.3448085299135	1.35408480001749e-06	7.20092958133441e-05	7.01581557650268	56.4222176897237	FBgn0040736	Bomanin Short 3	protein_coding	50209
FBgn0036601	356.012091284517	-2.7909805220359	0.5440773174891	23.2709601480813	1.4070857641554e-06	7.4315331009605e-05	13.4858808098318	72.753934768411	FBgn0036601		protein_coding	39797
FBgn0033153	954.05668944362	-1.51309426826465	0.308134494093475	23.1340870876729	1.5108837606804e-06	7.92545896503846e-05	19.4045302097772	46.021793840498	FBgn0033153	Growth arrest and DNA damage-inducible 45	protein_coding	35646
FBgn0051633	231.01413769753	-1.29062676123119	0.265329293227566	23.061751662434	1.56880676286268e-06	8.17369523542845e-05	5.88634577110366	10.2969319458884	FBgn0051633		protein_coding	33931
FBgn0039635	2845.85993967406	-1.13636966740608	0.234983743982591	22.8246679885488	1.7747311475158e-06	9.18453146207671e-05	81.5139253747876	154.094147697034	FBgn0039635	Pyruvate dehydrogenase E1 beta subunit	protein_coding	43437
FBgn0033108	171.396332536042	1.93002165047226	0.39420491004103	22.784350866622	1.81235480032912e-06	9.31671191022523e-05	3.14540971358441	0.454927383986504	FBgn0033108		protein_coding	35595
FBgn0016691	3259.77965824179	-1.16972749170567	0.242499670479878	22.6666286164201	1.92685419024867e-06	9.77498201382071e-05	179.131454127571	350.008511458973	FBgn0016691	ATP synthase, oligomycin sensitivity conferring protein	protein_coding	41845
FBgn0250836	1651.82140280368	-2.05944301813836	0.416312363777407	22.6766844558426	1.91679646877713e-06	9.77498201382071e-05	138.407183738588	728.530213856818	FBgn0250836	Acyl-CoA binding protein 3	protein_coding	38783
FBgn0033917	288.535462747287	-1.18417431538995	0.246246351379179	22.6407192901361	1.95301296448133e-06	9.84293004517353e-05	6.0313369049939	11.2664616309093	FBgn0033917	SET and MYND domain containing, arthropod-specific, member 1	protein_coding	36581
FBti0020021	459.427225007524	2.87539644423875	0.56520101251727	22.6225808844199	1.97153771303559e-06	9.87177097741394e-05	8.26863885581943	0.955139313143067	FBti0020021		transposable_element	NA
FBgn0051496	582.171778085649	1.28245883425187	0.266121684645247	22.5955638051172	1.99945755945853e-06	9.94697886515142e-05	63.4999298790553	18.8304867962485	FBgn0051496		protein_coding	326145
FBgn0039719	278.493058389299	-3.80504099684319	0.72465462818582	22.4647894502857	2.14031161315742e-06	0.000105794505442672	3.96185241204585	111.411593343265	FBgn0039719		protein_coding	43538
FBgn0020642	1008.6258035747	-1.51865081540899	0.314831692962954	22.306526662581	2.32415337189235e-06	0.000113403711946676	95.8126488515575	202.300792789132	FBgn0020642	Lcp65Ac	protein_coding	38708
FBgn0032668	52.2535676663505	-2.32252540032759	0.481772546695962	22.3018695294758	2.32979676676129e-06	0.000113403711946676	0.856274314153735	3.62715362185769	FBgn0032668		protein_coding	35086
FBgn0050043	1121.27538332937	-1.69537189643618	0.349959410244649	22.2948141614456	2.33837248080942e-06	0.000113403711946676	10.4400687173444	27.0691049081039	FBgn0050043		protein_coding	246412
FBgn0028737	12376.0305431412	-1.0348655006076	0.217637442456901	22.1449433052256	2.52821016240215e-06	0.000121843928514269	777.542001160524	1224.3074315778	FBgn0028737	eukaryotic translation elongation factor 1 beta	protein_coding	45249
FBgn0051741	285.598247522855	-1.84990163796654	0.382852681035319	22.1065783738248	2.57924359326263e-06	0.000123531349985392	3.21416056871755	9.84682686354385	FBgn0051741		protein_coding	35079
FBgn0037817	368.610741252991	1.89420315516027	0.391749054849501	21.987539831299	2.74426283660502e-06	0.000130623523043588	20.0150367968538	4.86931119425976	FBgn0037817	Cytochrome P450 12e1	protein_coding	41272
FBti0019103	18.2091659058232	7.55726960929823	1.57623784898904	21.8095615686353	3.01095898907313e-06	0.00014157015100453	3.91794998672452	0	FBti0019103		transposable_element	NA
FBgn0063492	142.65109095169	-2.30564864247114	0.475690210391402	21.7707858940121	3.07243001274035e-06	0.000143584895928733	4.11187766643657	16.6393668874807	FBgn0063492	Glutathione S transferase E8	protein_coding	37113
FBgn0019644	4036.78507796049	-1.06225943983833	0.22567616763524	21.6825576642894	3.21703153910062e-06	0.000149436928903644	186.096466958541	349.466046690447	FBgn0019644	ATP synthase, subunit B	protein_coding	39143
FBgn0038056	175.536094880034	1.58019329188717	0.334259830927202	21.56447935958	3.42129887281484e-06	0.000154592644555334	10.5651564373871	3.04254056570103	FBgn0038056		protein_coding	41541
FBgn0039178	1260.08883260512	1.30657453633586	0.276998308708971	21.5605790374705	3.42826380741307e-06	0.000154592644555334	35.4250560281978	12.0962152266772	FBgn0039178		protein_coding	42893
FBgn0053499	456.033437095214	-3.07941093189022	0.61429846935676	21.5673394621828	3.41620051743938e-06	0.000154592644555334	3.26379422118685	16.3635318960011	FBgn0053499	Sperm-specific dynein intermediate chain 4	protein_coding	2768886
FBgn0067861	164.019999266579	1.74572895613232	0.368119607051098	21.5861005349876	3.38294593067911e-06	0.000154592644555334	6.55733837596532	1.77298510852044	FBgn0067861	Sperm-specific dynein intermediate chain 1	protein_coding	43984
FBgn0002933	797.472292880422	-1.91725558489511	0.400769761583114	21.4412593550722	3.64835323155518e-06	0.000161740478187079	45.4553834601654	187.258737671634	FBgn0002933	new glue 1	protein_coding	31300
FBti0019568	1785.62892686185	3.29357398439636	0.651493237547113	21.4405512303057	3.64970084354192e-06	0.000161740478187079	18.6405124528464	2.11892055099573	FBti0019568		transposable_element	NA
FBgn0027620	322.167252848566	-1.39701889356004	0.297183763066907	21.4198984380518	3.6892250723862e-06	0.000161888815423937	1.88011614301573	3.6772192068102	FBgn0027620	ATP-dependent chromatin assembly factor large subunit	protein_coding	43751
FBgn0036728	2293.02661288745	-1.3160651802632	0.279826259228331	21.4168801593878	3.69503715660913e-06	0.000161888815423937	358.954094615273	743.637153346569	FBgn0036728	Ubiquinol-cytochrome c reductase ubiquinone-binding protein	protein_coding	39950
FBgn0035888	580.054459141884	2.0519107026622	0.428485911228835	21.3240611385244	3.87832942405413e-06	0.00016895931180159	20.0350185388634	3.85678088707505	FBgn0035888		protein_coding	38954
FBgn0000644	49.1733929885343	2.70929618984632	0.570819051608024	21.1826097662585	4.17535931712397e-06	0.000180877503900803	4.70396950228636	0.904480977222333	FBgn0000644	Follicle cell protein 3C	protein_coding	31294
FBgn0263743	28.9202014461081	-2.98455734241631	0.63320630256802	21.1331885796757	4.2844329305402e-06	0.000184565711326232	0.874666050575056	4.0402469410183	FBgn0263743		protein_coding	14462617
FBgn0021906	2476.47332569623	-1.42192554229929	0.303695759666451	21.0988485968632	4.36190137240684e-06	0.000186859008236829	111.524696409709	241.977164352308	FBgn0021906	Rieske iron-sulfur protein	protein_coding	44390
FBgn0037548	327.902179858963	-1.13992729877633	0.246308688547797	20.9816025727279	4.63714963022642e-06	0.000197552822092132	6.60282989544188	11.9831730881498	FBgn0037548		protein_coding	40957
FBgn0035032	3401.32979049986	-1.09959481308875	0.237383767569348	20.9627944126637	4.68289857936386e-06	0.000198405664535575	363.803905539668	682.916947699867	FBgn0035032	ATP synthase, subunit F	protein_coding	37931
FBgn0050163	2083.15164369482	-1.75413400663121	0.372551130548372	20.938873353904	4.7417391515157e-06	0.000199800822936271	200.872907538368	543.426938968889	FBgn0050163	Cuticular protein 60D	protein_coding	246492
FBgn0033221	783.899693802337	1.14787014283641	0.248910373801053	20.7637931690694	5.19560089634066e-06	0.000217735209302624	161.394183041888	64.5995678570658	FBgn0033221		protein_coding	35726
FBgn0286222	3735.05667824248	-1.23915551299491	0.269035693278988	20.6068360310437	5.63943848220359e-06	0.000235057892628497	85.3850925303368	151.344761924692	FBgn0286222	Fumarase 1	protein_coding	31605
FBgn0027528	1454.84277993739	1.33130135981598	0.288987810881493	20.5413016883934	5.83583694579451e-06	0.000241936229510868	34.5804739768094	10.9785178110132	FBgn0027528	gone early	protein_coding	32660
FBgn0034576	969.32056203402	-1.1805970906781	0.257161200554052	20.5302843295524	5.86952234010484e-06	0.000242031480024323	69.1137044619812	119.321691540141	FBgn0034576	NADH dehydrogenase (ubiquinone) B14.7 subunit	protein_coding	37385
FBgn0021967	1394.27237139274	-1.02255643386942	0.22354818048661	20.5112873044909	5.92806446053296e-06	0.000243145239655158	114.21619588511	191.497157005547	FBgn0021967	NADH dehydrogenase (ubiquinone) PDSW subunit	protein_coding	44228
FBgn0011227	336.947914156955	-1.33852965807365	0.292378966067478	20.3026097047755	6.61103505376347e-06	0.000267908093725634	106.028298322781	250.018946458555	FBgn0011227	oxen	protein_coding	45401
FBgn0051041	284.447816770844	2.16451678011394	0.462490574475475	20.2953887816864	6.63603240845494e-06	0.000267908093725634	36.0776915575531	8.67146478020346	FBgn0051041		protein_coding	318567
FBgn0053664	31.2870673103001	8.34555337991854	1.69668993290376	20.3085970751316	6.59037969863038e-06	0.000267908093725634	2.45972086153152	0	FBgn0053664		protein_coding	3772644
FBgn0266490	369.746752386526	-1.05429865303254	0.232268989658907	20.2405142074567	6.82912322565037e-06	0.000274267547880156	47.8802919258115	92.2810274362447	FBgn0266490		protein_coding	19835262
FBgn0035743	3079.55741517557	-1.43129391246162	0.312476018859698	20.1825473149677	7.03922472808597e-06	0.000281240735120575	531.69748933917	1094.83523598825	FBgn0035743	Acyl-CoA binding protein 6	protein_coding	38782
FBgn0030816	633.68355597294	1.30298427617949	0.286264154077103	20.1169222895672	7.28492584187716e-06	0.00028955702663255	20.0435715904731	6.88754510726393	FBgn0030816		protein_coding	32694
FBgn0013276	490.86700795817	-4.48278903277265	0.871515667307934	20.0917289832873	7.38152087871235e-06	0.000290402589264036	1.03008550445217	8.33548722560252	FBgn0013276	Heat shock protein 70 Ab	protein_coding	44920
FBgn0038242	21.7039911744712	-4.20957185216531	0.927787866762749	20.0938837242087	7.37320922604036e-06	0.000290402589264036	0.22160337100307	4.68835560393523	FBgn0038242		protein_coding	41765
FBgn0031974	99.5133160504309	-2.86011473880022	0.602603230405346	19.9592743742308	7.91092934920594e-06	0.000309650640668665	1.03895567749407	9.17768450330427	FBgn0031974		protein_coding	34092
FBgn0052304	135.447283853457	1.35385587649407	0.300394722400231	19.919796356612	8.07597367798394e-06	0.000314514308237041	20.3862420882182	5.7140088684671	FBgn0052304	obstructor-I	protein_coding	317966
FBgn0004428	295.258829478878	-1.70325184206485	0.372786280580011	19.8781932346813	8.25364497673786e-06	0.000319481800154211	19.0397765645544	54.455489375311	FBgn0004428	Lysozyme E	protein_coding	38128
FBgn0013767	57.5213764916835	2.33303301248744	0.509319521548539	19.8706237446858	8.28639087418521e-06	0.000319481800154211	9.60664576605083	2.02388024719489	FBgn0013767	Corazonin	protein_coding	41742
FBgn0038301	338.521071843124	-1.22092905438664	0.270877003993854	19.8028276535406	8.58555707042775e-06	0.000329369306318748	5.21485085856429	9.82984850723125	FBgn0038301		protein_coding	41831
FBgn0005670	5747.29064947357	-1.07574277633274	0.239777423447965	19.6857853779397	9.12778130069737e-06	0.000348437235691472	134.952067556564	226.649281231189	FBgn0005670	Cytochrome P450 4d1	protein_coding	31188
FBgn0016684	996.874979794673	1.03992300902602	0.233001898968627	19.5404789335615	9.84903811246497e-06	0.000372283984731458	38.6353157871073	17.1425149962336	FBgn0016684	Na[+]-dependent inorganic phosphate cotransporter	protein_coding	36651
FBgn0035886	97065.5101776842	-1.27798415994242	0.284575276590101	19.5413565895295	9.84451429030159e-06	0.000372283984731458	5055.71799207669	9864.50354097319	FBgn0035886	Jonah 66Ci	protein_coding	38952
FBgn0046875	350.016147157796	-1.77850124108659	0.392649371858411	19.4440398327223	1.03590596372082e-05	0.000389652238353719	18.030133226215	74.8120215959615	FBgn0046875	Odorant-binding protein 83g	protein_coding	170878
FBgn0032833	4670.37050830702	-1.15416752849197	0.258665616227176	19.4081572969049	1.05555237194525e-05	0.00039375982790925	279.874240702465	551.423612989867	FBgn0032833	Cytochrome c oxidase subunit 4	protein_coding	35279
FBgn0052571	1592.98058948806	-2.15520062123534	0.469407866629527	19.405469279067	1.05703909191045e-05	0.00039375982790925	24.1263572250004	108.542223393394	FBgn0052571	TweedleX	protein_coding	318094
FBgn0030777	4844.45437385652	-1.09001225185277	0.245085895869073	19.3357111206083	1.09636582690728e-05	0.000406446004388558	298.556457317536	474.233342734708	FBgn0030777		protein_coding	32651
FBgn0028342	2170.06178282327	-1.17051332069863	0.262920278092964	19.30927302903	1.11165155999672e-05	0.000409824592978082	151.406240456153	302.155847000788	FBgn0028342	ATP synthase, delta subunit	protein_coding	31950
FBti0018951	2155.81971862777	-1.5433256276697	0.344059485503204	19.2505387677999	1.14638022592766e-05	0.000418944925219347	11.3784720891652	31.6027758133173	FBti0018951		transposable_element	NA
FBgn0259209	5339.53912808615	-1.30680108909292	0.293474253015422	19.1906587753529	1.18290826796687e-05	0.000430254983693043	668.336346431649	1770.3530759131	FBgn0259209	Muscle LIM protein at 60A	protein_coding	37853
FBgn0259998	5201.24589161626	1.45316887201656	0.325664827249459	19.128018258631	1.222371930936e-05	0.000442521594340257	517.041175577973	141.252097809811	FBgn0259998		protein_coding	35409
FBgn0034470	6679.99196502741	1.69801611997303	0.378187618090177	19.0974801418808	1.2420877432682e-05	0.000445476213411214	1493.76889208499	403.004033854078	FBgn0034470	Odorant-binding protein 56d	protein_coding	37266
FBgn0283494	1946.79445865132	-1.08426708660165	0.245356025777302	19.1031841719381	1.23838104576084e-05	0.000445476213411214	73.5262432764262	141.852360005535	FBgn0283494	Adenylate kinase 2	protein_coding	37834
FBgn0037001	3084.2174685155	-1.0444990789193	0.236877001782514	19.0438725929429	1.27747302709182e-05	0.000456046042217824	78.8267743252194	145.257337137803	FBgn0037001	NADH dehydrogenase (ubiquinone) 39 kDa subunit	protein_coding	40272
FBgn0029971	402.89154309872	-1.04742451575467	0.238509557324322	18.936288930238	1.3515712260887e-05	0.000480274918173732	52.8871235227404	103.550528508241	FBgn0029971	NADH dehydrogenase (ubiquinone) MNLL subunit	protein_coding	31697
FBti0018993	166.384477586134	1.91278114087837	0.428451900594792	18.9177366240696	1.36477870912775e-05	0.000482743514957984	4.62141845000066	1.18749456019478	FBti0018993		transposable_element	NA
FBgn0034392	314.135837042837	1.3575119372353	0.30772800257827	18.8747538894011	1.39587854815672e-05	0.000491489474193445	15.0724668525115	4.84575181431894	FBgn0034392	Major Facilitator Superfamily Transporter 15	protein_coding	37168
FBgn0036876	184.490029347351	-1.39465758742366	0.317465801709322	18.7646059998184	1.47886357460388e-05	0.000518341682898658	4.48233285348191	11.7501038141919	FBgn0036876		protein_coding	40118
FBgn0031675	116.190653351199	1.35798062192522	0.311602769293891	18.648892634744	1.57138514406737e-05	0.000548278318819161	3.94242865378997	1.11713135794237	FBgn0031675		protein_coding	33732
FBgn0027513	110.39955698148	1.40201554647766	0.322481201151042	18.591811987346	1.6191450353495e-05	0.000562397629170271	7.40076734563149	1.7801045507848	FBgn0027513	anastral spindle 2	protein_coding	35878
FBgn0029608	274.965795767912	1.08934203213786	0.250992441535723	18.5099290640733	1.69021478270324e-05	0.000584450501767923	18.989353523774	7.41319878412908	FBgn0029608		protein_coding	31210
FBgn0035298	863.064628812765	-1.57769024625631	0.358761936677	18.4924560913608	1.70578144925546e-05	0.000587200033714682	13.0943343656585	40.8686601575893	FBgn0035298	Succinyl-CoA:3-ketoacid CoA transferase	protein_coding	38261
FBgn0031021	870.090383685246	-1.09551727529438	0.25239727861725	18.4160515667246	1.7755597034439e-05	0.000605811543064422	57.8801145859515	91.6766826075653	FBgn0031021	NADH dehydrogenase (ubiquinone) 18 kDa subunit	protein_coding	32936
FBgn0038858	425.557986085932	-1.71196583006071	0.388876626560022	18.4050621929491	1.78582918520607e-05	0.000606631226745549	18.081578817263	42.5913761673093	FBgn0038858		protein_coding	42505
FBgn0034462	163.568337790721	2.68092294022331	0.592745727787496	18.3799360067859	1.80953413421658e-05	0.000611987618813335	22.6626464861157	2.03931746939305	FBgn0034462		protein_coding	37257
FBgn0015031	1241.81247941159	-1.04165484377355	0.241441743110062	18.2472764222267	1.94003149212979e-05	0.000650416645035339	248.508903316499	445.404539851431	FBgn0015031	cyclope	protein_coding	46040
FBgn0050295	116.837007767764	1.25807582558313	0.29368241021215	18.0667376358218	2.13295248945659e-05	0.000711999854813842	3.95798539633381	1.13404458234717	FBgn0050295	Inositol phosphate kinase 1	protein_coding	37360
FBgn0250838	2457.24614955362	-1.31666733743912	0.304935114452378	18.0463459501518	2.15592030969709e-05	0.000716564720175615	190.172477962414	438.192261314432	FBgn0250838	reduction of Rh1	protein_coding	246602
FBgn0037906	937.614505711206	-1.40007232781189	0.326071763686252	17.7946822568004	2.46070021702851e-05	0.00080400251582656	34.9388134256181	69.4063472819825	FBgn0037906	Peptidoglycan recognition protein LB	protein_coding	41379
FBgn0014454	227.796772647212	-3.96860614092956	0.845993842668144	17.6726461317167	2.62372686366706e-05	0.000850065455703224	1.04685609066701	26.4380781252634	FBgn0014454	Adult cuticle protein 1	protein_coding	34052
FBgn0036659	1224.08655876434	-1.3406937611033	0.314412954358867	17.598144171642	2.72854488720975e-05	0.000880326762563781	22.5349673843028	41.3434442944545	FBgn0036659		protein_coding	39872
FBgn0002869	73.788451933828	-2.04603155848608	0.477392688599156	17.508698839865	2.85996156193206e-05	0.000918881816835754	19.1986854875953	61.6709809936099	FBgn0002869	Metallothionein B	protein_coding	42424
FBgn0050049	102.929051081639	-1.65660815227711	0.389467984499218	17.4810256371002	2.9018946702602e-05	0.000928485883916032	0.891470763217646	3.04069636017594	FBgn0050049		protein_coding	246416
FBgn0033483	682.764438388272	1.08174970302962	0.256766035145465	17.3772954229863	3.06465093943295e-05	0.000972490674648867	25.1675825835506	9.5402846389713	FBgn0033483	eiger	protein_coding	36054
FBgn0038074	3970.78562158179	-2.50918885843047	0.571297554857241	17.271586854207	3.23995538865288e-05	0.00102390557384846	91.5095150230481	436.449872946929	FBgn0038074	Glycine N-methyltransferase	protein_coding	41561
FBgn0086611	322.807295431851	-3.25089318905933	0.72078322364232	17.2607313928732	3.25851899138499e-05	0.00102556897724774	5.28189068017002	57.0095982958223	FBgn0086611	Larval cuticle protein	protein_coding	59159
FBgn0033327	7567.78075398999	-2.3153353410821	0.532013296919215	17.2074059295006	3.35127345559697e-05	0.00105047437463855	424.74389708547	1553.01301537509	FBgn0033327	Peptidoglycan recognition protein SC1b	protein_coding	35861
FBgn0031630	95.8554352847163	-1.37156177542233	0.327467786926505	17.1602430300454	3.4355180239915e-05	0.00107252143655864	2.01884806168698	4.50478884790263	FBgn0031630		protein_coding	33679
FBgn0033128	320.214792241162	-1.01405053366802	0.243792714995896	17.050378662543	3.64011157080515e-05	0.00112275601289914	11.9316637339126	19.4344142687571	FBgn0033128	Tetraspanin 42Eg	protein_coding	35616
FBgn0037127	1131.30745712673	-1.54854195710015	0.367222910783202	17.0224890124223	3.6939699340646e-05	0.00113482877137738	58.819744046213	146.566131580816	FBgn0037127		protein_coding	40421
FBgn0034139	158.346845501114	-2.06564669908445	0.48519408043376	16.9699640691923	3.79758663987842e-05	0.0011574383628499	2.7952529269372	8.02449154383895	FBgn0034139		protein_coding	36852
FBgn0039323	75.4744568992477	1.41574044955822	0.340740224297636	16.9749785521228	3.78756962099221e-05	0.0011574383628499	4.89923888421938	1.48298932266342	FBgn0039323		protein_coding	43063
FBgn0031412	77.3895125412061	-1.68942181319788	0.404434201773212	16.8493480733657	4.04672276824024e-05	0.00122369722611374	3.95966664085186	10.8559597543758	FBgn0031412		protein_coding	33413
FBgn0036228	126.350911350786	1.56893372986836	0.377094450327802	16.7221396579572	4.32730511894126e-05	0.00130343163172485	13.3969887944407	3.51502912758687	FBgn0036228	obstructor-G	protein_coding	39355
FBgn0004363	8254.03725867952	-1.00139399101776	0.244727859162171	16.4213250283169	5.07114979106694e-05	0.00152154225832363	299.728740239422	485.359381046289	FBgn0004363	porin	protein_coding	34500
FBgn0020235	5905.87999693153	-1.02759701876926	0.251380502321279	16.373566974177	5.2005455727984e-05	0.00155408375613528	210.961930274195	367.48561383446	FBgn0020235	ATP synthase, gamma subunit	protein_coding	43507
FBgn0051148	708.400273032576	1.1225363311811	0.27437704357685	16.3665207742456	5.2199156119704e-05	0.00155408375613528	36.0281544896701	12.2817473616639	FBgn0051148	Glucocerebrosidase 1a	protein_coding	42796
FBgn0031471	221.312025095127	1.40315315539404	0.342581124910346	16.2625391327951	5.51434404293594e-05	0.0016354271890415	16.4559827618836	4.65892993270405	FBgn0031471		protein_coding	33484
FBgn0033602	139.630959001231	4.47496489183458	0.980672182962253	16.2454405863837	5.56433387905689e-05	0.00164393021231447	8.63542983498033	0.185431656537436	FBgn0033602	Cuticular protein 47Ee	protein_coding	36193
FBgn0053459	466.691987533739	-1.50116173519835	0.365146722818443	16.2230566369305	5.63046577333345e-05	0.00165711914420512	18.5752517662189	41.6943013624187	FBgn0053459		protein_coding	2768847
FBgn0025578	5454.69520736306	-1.87859150482065	0.451828546523262	16.1938044656578	5.71808231553198e-05	0.00167650694810141	634.139521597566	2217.09729895	FBgn0025578	Larval cuticle protein 9	protein_coding	37963
FBgn0034335	894.655930659698	-1.19131805125064	0.292328066405388	16.1856868489082	5.74263846869149e-05	0.00167732898606364	46.8534099626173	95.5503291190211	FBgn0034335	Glutathione S transferase E1	protein_coding	37106
FBgn0026268	57.0320032366064	-3.24571561627958	0.762062136432017	16.1225504227403	5.93728497278649e-05	0.0017276379028361	0.883183130969215	4.23848494635263	FBgn0026268	Antennal dehydrogenase	protein_coding	32058
FBgn0011660	191.427690272269	1.02486638089697	0.253626742764074	16.0982851847443	6.01384665511634e-05	0.00174333727660158	4.6805015785389	1.9284381549112	FBgn0011660	Pms2	protein_coding	36705
FBgn0033600	1831.07572573247	-2.44712303200046	0.579160959919855	16.0706025752569	6.10240416463455e-05	0.00176238346492498	34.1822906909315	277.875742552904	FBgn0033600	Cuticular protein 47Ec	protein_coding	36191
FBgn0250814	3529.79352517896	-1.12930500527231	0.278508435562022	16.0451057157078	6.18512932565513e-05	0.00177960941157189	77.7430486344184	147.201551972657	FBgn0250814	Ubiquinol-cytochrome c reductase core protein 2	protein_coding	39846
FBgn0265185	2220.17468346352	1.54549162280026	0.377592214279878	16.0192483674418	6.27017617453374e-05	0.00179737280601597	193.279822308771	50.1680236111263	FBgn0265185		protein_coding	19836034
FBgn0011834	112.887230866078	-1.42493817849891	0.352831504499945	15.9113885968416	6.63781023951289e-05	0.00188871419767099	4.34073416543735	10.7153109408959	FBgn0011834	Serine protease 6	protein_coding	33073
FBgn0038799	658.921084855384	-1.29352467727358	0.31953398672264	15.9153397555577	6.62396786817193e-05	0.00188871419767099	13.2200098864801	24.6781751030721	FBgn0038799	Major Facilitator Superfamily Transporter 9	protein_coding	42426
FBgn0039207	1796.89082608066	1.33025170951344	0.328802127736038	15.8376106181455	6.90169300366284e-05	0.00195657921879574	20.7902920527103	9.55145134412801	FBgn0039207	CF transmembrane conductance regulator	protein_coding	42928
FBgn0016120	3028.45776741728	-1.12396974591815	0.28042696028721	15.6839317357765	7.48574193652745e-05	0.00209188962208703	211.07276647812	403.070142136979	FBgn0016120	ATP synthase, subunit D	protein_coding	42291
FBgn0030733	1210.65141930739	-1.12293941700462	0.280110039574754	15.6855328939954	7.47940747904871e-05	0.00209188962208703	137.395162683888	275.429023041896	FBgn0030733	Ubiquinol-cytochrome c reductase 14 kDa subunit	protein_coding	32586
FBgn0034796	498.174541742121	-1.26388056895106	0.315041947471931	15.6766459526811	7.51463396859173e-05	0.00209188962208703	19.1928560788182	32.7081709894185	FBgn0034796		protein_coding	37640
FBgn0019952	3443.78084490581	1.46417203393414	0.362565639135378	15.6608665943556	7.5775927381402e-05	0.00210182797135968	134.188907687114	39.2303738172478	FBgn0019952	Organic cation transporter	protein_coding	42891
FBgn0050424	70.0854041350077	2.34954902908543	0.573688309240343	15.6211311909782	7.73849562561056e-05	0.00213876486627538	5.83384474090487	1.26520857359896	FBgn0050424	cGAS-like receptor 2	protein_coding	246606
FBgn0003360	16472.1087449239	-1.14915334326646	0.287293901444767	15.5952446090313	7.84516433788001e-05	0.00216050222176403	358.401568721881	664.518308170902	FBgn0003360	stress-sensitive B	protein_coding	32007
FBgn0039052	210.372989114768	-1.88027922383154	0.464023257434598	15.5517938053638	8.02754446484393e-05	0.0022028610451392	5.20646391177125	14.7496389739315	FBgn0039052		protein_coding	42731
FBgn0034629	1019.15399756873	-1.85665185181972	0.457968922804041	15.447911105141	8.48106300455307e-05	0.00231905946198967	11.9097600507163	34.0842870526647	FBgn0034629	acyl-Coenzyme A oxidase at 57D distal	protein_coding	37446
FBgn0034837	28.633627746718	-5.04729947384262	1.17371911914412	15.4306345903383	8.55894890089421e-05	0.00233208674822598	0	2.23679410953856	FBgn0034837	Ribosomal protein L22-like	protein_coding	37684
FBgn0032925	483.453180953092	1.14645524455833	0.289028111081464	15.3877524947304	8.75539425043973e-05	0.00236887175667161	16.8288362317702	5.77379418244672	FBgn0032925		protein_coding	35386
FBgn0032715	2873.90092164354	-1.15039578326037	0.289779692100445	15.3667771296663	8.85312960536739e-05	0.00238636242739811	81.7553877763254	139.939076788081	FBgn0032715		protein_coding	35140
FBgn0034318	1352.8916532442	-1.01241427410189	0.255886213058748	15.3606395069175	8.88193511429463e-05	0.00238636242739811	116.11249717523	169.621696660786	FBgn0034318		protein_coding	37087
FBgn0040503	352.659609696087	1.99442190696872	0.494476615930361	15.1840200242777	9.75252408531698e-05	0.00260213540560136	42.8516943708109	10.064702320704	FBgn0040503		protein_coding	36235
FBgn0053460	156.452462733764	-1.25234313731803	0.317757412624635	15.1643261843258	9.85477333700714e-05	0.00262035024833317	6.74670522976976	12.7891066490083	FBgn0053460		protein_coding	3885588
FBgn0025393	136.855913661596	-1.53222264037806	0.386540035849735	15.1336108753948	0.000100164031943431	0.00265135816046757	18.027759027509	36.1860376422846	FBgn0025393		protein_coding	31109
FBgn0266579	229.422667801068	1.13464795511106	0.289115143472591	15.1291387222012	0.000100401579932114	0.00265135816046757	8.26710843647397	2.86681375831676	FBgn0266579	tau	protein_coding	326116
FBgn0053548	155.828891729119	-1.63101079496511	0.413176537771108	15.0514169640983	0.000104621684125937	0.00275337135254301	3.0350550395204	7.85896240035478	FBgn0053548	SET and MYND domain containing, arthropod-specific, member 8	protein_coding	31200
FBgn0038658	642.014687524807	-1.76870333385172	0.444538452928383	14.9731977113839	0.000109049103079926	0.00286012800629017	30.2872881527737	122.976122911852	FBgn0038658		protein_coding	42264
FBgn0017448	215.238044678593	-2.7161652100455	0.664317801250313	14.9112972354706	0.000112686143820926	0.00294550120340054	1.44772122391007	9.24833358882356	FBgn0017448		protein_coding	43743
FBgn0004919	180.69922686157	1.36417514281374	0.349332620308075	14.8321210121366	0.000117516802586558	0.00304084585484881	4.29847104482161	1.47542461101529	FBgn0004919	goliath	protein_coding	38006
FBgn0035600	3166.61144736958	-1.44993384324087	0.369085487854244	14.8322370032258	0.000117509575463252	0.00304084585484881	88.549059303251	203.925522187713	FBgn0035600	Cytochrome c1	protein_coding	38612
FBgn0039595	228.657527632733	1.02677421058366	0.264606766214736	14.8411254971547	0.00011695708361472	0.00304084585484881	9.52200551631829	3.61498209384408	FBgn0039595	Allatostatin A receptor 2	protein_coding	43393
FBgn0034229	4137.00711221598	-1.66570998712458	0.42270600250266	14.7408681343157	0.000123343477707005	0.00315980583587613	76.2273212148627	239.962057016572	FBgn0034229		protein_coding	36973
FBgn0004429	129.603083154729	-1.31700877136727	0.340963874113851	14.6857654342488	0.00012700184496479	0.00324275240570695	10.3033180502959	19.0598230941145	FBgn0004429	Lysozyme P	protein_coding	38129
FBgn0035293	190.455416185176	-1.08242245818639	0.280280574616694	14.621078857583	0.000131436157417206	0.00332296462243958	2.63904556458025	3.99828238382731	FBgn0035293		protein_coding	38255
FBgn0288748	190.455416185176	-1.08242245818639	0.280280574616694	14.621078857583	0.000131436157417206	0.00332296462243958	2.63904556458025	3.99828238382731	FBgn0288748		protein_coding	NA
FBgn0036597	728.785921769076	-2.48928525624292	0.618621876057385	14.5561954155647	0.000136040590930429	0.00342813397602791	14.2619720465803	94.556283331424	FBgn0036597		protein_coding	39793
FBgn0034755	85.1991624014616	-1.20467628113476	0.314477284949311	14.5048030893877	0.000139802636168771	0.00350578235443052	8.47285840921444	16.3789633079916	FBgn0034755		protein_coding	37593
FBgn0035770	7725.40535412958	-1.06249357031383	0.27610126979372	14.4895324533056	0.000140940543363177	0.00350578235443052	129.15564621886	197.388311498732	FBgn0035770	pastrel	protein_coding	38818
FBgn0050414	461.258725180973	1.50818031999325	0.388994362369758	14.4312520252923	0.000145369752583787	0.00358129764272709	49.8577217971985	13.3598505657774	FBgn0050414		protein_coding	37705
FBgn0259716	2512.91785781983	1.13899270054328	0.296135847491796	14.4329027893725	0.000145242389115991	0.00358129764272709	79.8269195653301	35.5569155238068	FBgn0259716	Neprilysin-like 6	protein_coding	33893
FBgn0035926	1352.3294547143	-2.61507587082283	0.649496373908093	14.4101997777027	0.000147003919611849	0.00361002300677378	175.628518815048	1168.47197458685	FBgn0035926	Acyl-CoA binding protein 5	protein_coding	39005
FBgn0002534	129487.16540028	-1.5875727934994	0.410736400580032	14.2418211047494	0.000160757915979015	0.0039227983864373	10109.6263734361	30502.0258378436	FBgn0002534	Larval cuticle protein 3	protein_coding	35819
FBgn0004654	4062.71715361572	-1.10394704916262	0.289267956973519	14.2278334485744	0.000161957212206279	0.00393853667727409	90.5568324481125	162.213541156256	FBgn0004654	Phosphogluconate dehydrogenase	protein_coding	31185
FBgn0028422	371.508740610098	-1.11508152967946	0.292704174882571	14.2131062836884	0.000163229652986044	0.00393853667727409	4.55338555514781	6.81243458069423	FBgn0028422	Glutamate receptor IID	protein_coding	44483
FBgn0033271	43.8728058013902	-1.88772615976923	0.492533468438797	14.2047430577406	0.000163956720711319	0.00393853667727409	0.57937511099772	2.26211939241826	FBgn0033271		protein_coding	35792
FBgn0063495	56.9392991922596	2.01137845808951	0.522298950525809	14.2059292274877	0.000163853401374747	0.00393853667727409	8.1442982492957	2.04274368141402	FBgn0063495	Glutathione S transferase E5	protein_coding	37110
FBgn0052404	665.734679225765	-1.52646369129743	0.396691939161474	14.1821109490054	0.000165940670229786	0.00397381524267664	84.7112957125719	211.385177785581	FBgn0052404	Cuticular protein 65Aw	protein_coding	38706
FBgn0033683	758.843531788113	-1.27191296999013	0.336023646308929	13.9019783324621	0.000192595641600841	0.00455646005907218	100.637864458291	195.440990955924	FBgn0033683		protein_coding	36297
FBgn0002564	334615.291929806	-1.47037071838885	0.386900349162319	13.8580843046316	0.000197146778297624	0.00464892601667577	4846.06135800772	8846.7676096509	FBgn0002564	Larval serum protein 1 gamma	protein_coding	38015
FBgn0037140	183.000713531806	1.4479794960788	0.383745161561623	13.8126432029603	0.000201972512505054	0.00474820135343437	7.361222197717	1.84859447458754	FBgn0037140	SLC22A family member	protein_coding	40437
FBgn0015037	507.098307591818	-1.39492420338495	0.369133787940273	13.7893009200215	0.000204497495233466	0.00479294889284272	9.78748064651674	20.9017261604971	FBgn0015037	Cytochrome P450 4p1	protein_coding	45524
FBgn0032280	9424.26274738067	-1.98478766916697	0.516002364234769	13.7596228133663	0.000207753815954027	0.00483984796018581	838.523556212294	3646.07411728194	FBgn0032280		protein_coding	34466
FBgn0051999	989.580281043928	1.13087205812316	0.301146629229949	13.7648752694875	0.0002071737284251	0.00483984796018581	26.1527384558026	9.56476997329822	FBgn0051999		protein_coding	43777
FBgn0035006	1814.6501252696	-1.97071428584124	0.513686441405308	13.7159861493314	0.000212636814641483	0.00493868216174841	27.2316005051508	87.6909526775322	FBgn0035006		protein_coding	37901
FBgn0040717	5448.26713225883	-1.32928928331853	0.353044660212399	13.7071046253763	0.000213644744983499	0.00494719107678006	1196.06505043501	2302.66610095831	FBgn0040717	Neuropeptide-like precursor 4	protein_coding	50190
FBgn0032538	16230.6061283069	-2.11746022735592	0.549320968194578	13.6915019807892	0.000215427100791084	0.00497352806646721	222.576584622636	933.405618015262	FBgn0032538		protein_coding	34811
FBgn0004171	139.344799047233	2.07132279068401	0.54195243274903	13.6717901100273	0.000217700308321517	0.00499749334431264	16.8937226409431	2.52177316693506	FBgn0004171	Male-specific RNA 98Cb	protein_coding	43367
FBgn0033048	85.8972402474156	-2.51791534967276	0.650868147388533	13.6712636643442	0.000217761349201017	0.00499749334431264	0.658838531341675	3.61273035351173	FBgn0033048		protein_coding	35521
FBgn0261041	125.885208699455	1.41213157029538	0.377493893062673	13.6628923048872	0.000218734321133595	0.00500492685537434	2.20519966056932	0.595733378773547	FBgn0261041	straightjacket	protein_coding	36526
FBgn0037873	966.682576279363	-1.1064023506375	0.296679272123038	13.5871895759877	0.000227734327053439	0.00518011621212115	79.7283092639052	124.812650410788	FBgn0037873	Succinate dehydrogenase, subunit C	protein_coding	41340
FBgn0034468	1458.56751706069	-1.34557218735761	0.359297762949061	13.5477776377253	0.000232566636665839	0.00527447451567732	125.590902960784	280.514818150171	FBgn0034468	Odorant-binding protein 56a	protein_coding	37264
FBgn0015568	1193.25216919564	1.0527684813963	0.283590177090854	13.5007584948358	0.000238467044578245	0.00537666485597324	50.980921031253	16.9742257843671	FBgn0015568	alpha-Esterase-1	protein_coding	40909
FBgn0023537	4174.08715078814	-1.40573718034894	0.375797616792715	13.477455196615	0.000241447045431896	0.00541220397478299	65.0251983148613	173.856395429383	FBgn0023537		protein_coding	30995
FBgn0015316	40.3523093057094	-1.60067771618465	0.433530175529398	13.353461487041	0.000257946070198876	0.00576528158638706	1.4995930612921	3.54318052645244	FBgn0015316	Trypsin 29F	protein_coding	34226
FBti0019193	171.666740274449	2.57344117227036	0.670613737926271	13.2470700282001	0.000273006259501106	0.00604928525003744	2.60116335826658	0.405191880595648	FBti0019193		transposable_element	NA
FBgn0033234	367.939301426358	1.55055459152278	0.417850028014811	13.2205608660147	0.000276894747236459	0.00611786646401243	20.9621130312636	4.00862511840525	FBgn0033234	Major Facilitator Superfamily Transporter 12	protein_coding	35745
FBgn0052054	124.458614128904	1.022373137593	0.280248362315307	13.1626383128905	0.000285586499071992	0.00629187855526895	5.74209389491093	2.38658111833191	FBgn0052054		protein_coding	326185
FBgn0051548	876.781759275036	-1.04034825394995	0.284172902788568	13.1414162296727	0.000288839451232609	0.00634541597850328	38.5817894831561	72.3982924729917	FBgn0051548		protein_coding	318794
FBgn0050288	179.648924807798	1.5930986721503	0.430740772491781	13.1112765921986	0.000293523604098123	0.0064300014522745	18.7617037048813	5.89279714117756	FBgn0050288		protein_coding	246531
FBgn0032779	790.627614583574	-1.54118606543994	0.416657010885465	13.1054772809209	0.000294433652137217	0.00643166541538266	12.2303007744657	26.7845958849125	FBgn0032779	Alkaline phosphatase 12	protein_coding	35218
FBgn0284248	1327.05568357801	-1.65976483612847	0.447351556287035	13.0808250685394	0.000298334018834917	0.00649845655151425	64.7504437843461	176.001682513768	FBgn0284248	Cytochrome c proximal	protein_coding	34996
FBgn0058198	62.6296898003664	-3.61073827699692	0.918752002859979	13.0752385166413	0.000299225114546217	0.00649950664300247	0.890514770562393	6.49926998419673	FBgn0058198		protein_coding	3354922
FBgn0031066	5128.13141888528	-1.08236760075513	0.296128203539572	13.0610096099702	0.000301506869276963	0.00653067266571534	443.933698628608	837.690956893993	FBgn0031066	Cytochrome c oxidase subunit 6B	protein_coding	32989
FBgn0031860	288.438399084431	-1.56266691573415	0.424031425391711	13.0392845064924	0.000305024605647303	0.0065516566410762	7.97199261985433	17.4029171425584	FBgn0031860	D-amino acid oxidase 2	protein_coding	33955
FBgn0032809	57.2090187828138	3.8622559630165	0.983064132209646	13.0418489827148	0.000304607220053523	0.0065516566410762	8.15060399184685	0.126134604513473	FBgn0032809		protein_coding	35251
FBgn0086355	13360.8937335308	-1.4404241874608	0.390956062506464	13.0471074890776	0.000303753163162402	0.0065516566410762	405.761632682891	981.278215057049	FBgn0086355	Triose phosphate isomerase	protein_coding	43582
FBgn0036948	7769.3250969042	1.21727433902357	0.33286853403866	12.9962989323087	0.000312107265331948	0.00668516423048515	499.70102182089	181.101925042019	FBgn0036948		protein_coding	40210
FBgn0032132	74.574968547545	1.78836364471228	0.488365495837654	12.9116012342625	0.000326551817657228	0.0069559145468367	4.10523648832124	0.700078370862276	FBgn0032132		protein_coding	34279
FBgn0034736	285.856468269401	1.06108259997667	0.29285905180606	12.8905905042702	0.000330238221207533	0.00701506039595396	12.6347232184338	4.44336747754332	FBgn0034736	gasoline	protein_coding	37572
FBgn0033968	2068.55379620058	-1.44936538854211	0.396425217947066	12.8511065848687	0.000337279730532021	0.00714495604981432	123.647027749379	266.695246326398	FBgn0033968	hase und igel	protein_coding	36648
FBgn0038349	1455.29276854842	-1.45396501037266	0.398211612651634	12.8186939261316	0.000343173197788927	0.00724988637849429	11.5197936691942	23.0579548435612	FBgn0038349	Aldehyde oxidase 3	protein_coding	41896
FBgn0085693	12.8789850507574	6.06674184120563	1.66781377617492	12.7716364334762	0.000351914836461462	0.00741424946435609	2.4488841443697	0	FBgn0085693		protein_coding	5740411
FBgn0037758	2960.27536924133	-1.2320175161227	0.339997157732676	12.759436870118	0.000354217521516015	0.00744242863326973	38.2833029925845	65.8533216045186	FBgn0037758		protein_coding	41207
FBgn0033879	3966.95219285414	-1.19678521217566	0.330883165031899	12.7279783591111	0.000360225725149197	0.00754809936583005	138.625063173897	303.321416096374	FBgn0033879	Enoyl-CoA hydratase, short chain 1	protein_coding	36536
FBgn0035413	41.9676283285975	-2.2036320018753	0.600943601274091	12.6683835725209	0.000371890906987486	0.0077598264440614	2.3110818817426	8.66546566741597	FBgn0035413		protein_coding	38387
FBgn0036551	1107.01430292476	-1.27047680648531	0.351642325151087	12.6661127605216	0.000372342858812439	0.0077598264440614	34.8709237540215	91.0227924330608	FBgn0036551		protein_coding	39740
FBgn0261584	99.0704107054214	-1.57748771747273	0.437553730949965	12.6447994903176	0.000376611860171317	0.0078065969187662	1.51925481412159	4.77552325876458	FBgn0261584		protein_coding	10178792
FBgn0030048	91.0034911252171	2.63906476926943	0.705530714988416	12.6328812538549	0.000379020544515903	0.00783546224869203	6.04609830085913	1.24035636113767	FBgn0030048		protein_coding	31794
FBgn0032422	639.08685804882	-1.50335437562483	0.415074659197245	12.5762815637718	0.000390673253338244	0.00805476325265027	38.9627519718678	86.4471137848955	FBgn0032422	atilla	protein_coding	34647
FBgn0023197	196.181390804836	1.41511134986664	0.392490365099525	12.5691612521295	0.000392164546159011	0.00806394884115237	21.5755207241773	7.51940858369972	FBgn0023197	Jonah 74E	protein_coding	39959
FBgn0035545	171.250445961871	-3.54114622376413	0.91172447111962	12.5590252012175	0.000394297373219923	0.00808624214068837	1.53383127337336	13.2480433680622	FBgn0035545		protein_coding	38547
FBgn0034011	500.141788596286	-1.42402919084336	0.396252056984713	12.4781905946209	0.000411730811921001	0.00837692952697319	16.4888621045528	36.513555797007	FBgn0034011		protein_coding	36701
FBgn0052823	579.236841522769	3.04684781636444	0.799309964204378	12.4803826341663	0.000411247952244384	0.00837692952697319	42.5419285933537	3.40719357901793	FBgn0052823	Sperm-specific dynein intermediate chain 3	protein_coding	318231
FBgn0037678	2233.27477908463	-1.48722396416022	0.413199680920192	12.4270974579409	0.000423149034024336	0.0085865847404254	85.7482397775846	223.376310589535	FBgn0037678		protein_coding	41111
FBgn0020638	274.932239403682	-3.43215322810051	0.889832693039376	12.4173713113175	0.000425358552312681	0.00860876587108421	4.82532625467194	53.0062435176289	FBgn0020638	Lcp65Ag1	protein_coding	38703
FBgn0038972	412.178476814826	-1.04587298670867	0.293975176713242	12.4116015638354	0.000426674780517902	0.00861279903815064	19.7089624594657	37.3537289797151	FBgn0038972		protein_coding	42643
FBgn0004783	39.9588587595851	-2.83392409410226	0.773346619319104	12.3763619612432	0.000434803522367504	0.0087539685665165	1.08544041562329	6.31366528078809	FBgn0004783	Ccp84Aa	protein_coding	40825
FBgn0260004	79.7233344040351	1.28093600621064	0.360998578365857	12.3489012142162	0.000441246099691618	0.00886054342375538	3.29558008816107	1.09869355687304	FBgn0260004	Sensory neuron membrane protein 1	protein_coding	42514
FBgn0031939	1354.79440455448	1.35039589934642	0.378050879625167	12.3294058765277	0.000445878296763256	0.00893030531517265	45.6861355639984	12.908584708622	FBgn0031939		protein_coding	34051
FBgn0030837	2429.19841616899	-1.00996240540194	0.28519953510498	12.294648507392	0.000454258912054286	0.00905948258554003	195.655755916268	336.308411696773	FBgn0030837		protein_coding	32720
FBgn0031490	80.6580755389882	1.97871689396115	0.548678777285822	12.2929286542227	0.000454677702062507	0.00905948258554003	2.85618966677629	0.65190274621071	FBgn0031490		protein_coding	33511
FBgn0023129	1590.88499490048	-1.04877770390992	0.296319384019503	12.2653590604412	0.000461444422688825	0.0091706132560658	38.1972675815911	67.5376004237547	FBgn0023129	astray	protein_coding	39085
FBgn0032282	4492.20021690199	-2.05862058113782	0.565805401050665	12.2511482755768	0.000464971938316428	0.0092169630240565	143.332859192796	605.383142489388	FBgn0032282		protein_coding	34468
FBgn0033296	262.555483335608	-1.89506496758053	0.526665299079138	12.1905587345944	0.000480319945628586	0.00949601307084805	4.08169341114626	11.3118473394217	FBgn0033296	Maltase A7	protein_coding	35829
FBgn0042118	1771.61028856686	-6.5005069907182	1.47253919408743	12.1189212083472	0.000499127705382358	0.00981830034745757	2.53426277104081	861.039562625902	FBgn0042118	Cuticular protein 65Ax2	protein_coding	59157
FBgn0030605	607.700846433737	-1.04145625550887	0.296523023823475	12.0788920852285	0.000509958927900355	0.0100058353512459	56.3535616487942	102.673670918784	FBgn0030605	NADH dehydrogenase (ubiquinone) B18 subunit	protein_coding	32434
FBgn0262007	755.66089508195	1.13915876183784	0.323968083879236	12.0651328570258	0.000513736485689579	0.0100543706628232	33.7434520348366	11.6601531070008	FBgn0262007		protein_coding	39179
FBgn0033308	116.868484227126	-3.04847103023838	0.820763635993128	12.0178618466811	0.000526931162996278	0.0102605207016775	0.858589889710703	18.333029594384	FBgn0033308		protein_coding	35841
FBgn0033475	116.753790536985	1.76820651511356	0.497695831068934	12.0130219103428	0.00052830128712514	0.0102612877204583	7.49989709478564	2.4291847758709	FBgn0033475		protein_coding	36044
FBgn0030511	135.410262349865	-1.39729042197061	0.399322613249294	11.8832896108214	0.000566398145829932	0.0109461055200366	2.08288496381858	5.63600553181108	FBgn0030511		protein_coding	32327
FBgn0002772	17093.8957859683	-1.28715532002016	0.37023502668118	11.7067530286352	0.000622736869161411	0.011974872813226	668.183109345028	1348.0917436575	FBgn0002772	Myosin alkali light chain 1	protein_coding	43323
FBgn0035931	214.644303747078	-2.116749925629	0.596651270155561	11.7006538452542	0.000624781398718027	0.0119843019042654	5.37369791440399	18.6843822584055	FBgn0035931		protein_coding	39010
FBgn0031737	3501.8586498989	-1.36299801094828	0.392337739672818	11.6480765116837	0.00064268954862371	0.0122972186338398	103.410360976572	286.668450499491	FBgn0031737	obstructor-E	protein_coding	33806
FBgn0033538	403.909364632438	-1.06579854172275	0.309580084491811	11.6420869816736	0.000644762238671527	0.0123063406494954	4.79837819765202	6.31606662562897	FBgn0033538		protein_coding	36121
FBgn0032613	110.124186575905	-1.44477128699196	0.417002871479455	11.6308231078621	0.000648678431539489	0.0123505170014839	1.23221405798696	3.58674757489318	FBgn0032613	Neprilysin-like 9	protein_coding	35020
FBgn0038017	353.156468228716	-1.06010001664928	0.308632469500227	11.5941603528173	0.000661592383832708	0.0125653666791478	14.571375740857	25.4592995829723	FBgn0038017		protein_coding	41499
FBgn0032447	118.57880608682	-1.07990817727862	0.316376990242446	11.4509361166379	0.000714579923436951	0.0134485711374793	2.70880176704892	4.83033141354202	FBgn0032447	Protein interacting with C kinase 1	protein_coding	34677
FBgn0032453	1414.5593226713	-1.03579607307025	0.302879317272227	11.450996298811	0.000714556780890377	0.0134485711374793	54.5732133733177	99.6331958076945	FBgn0032453		protein_coding	34683
FBgn0037069	675.487941858118	-3.47347357112732	0.934935052484792	11.4117732346749	0.000729801409107043	0.0135929919459527	4.53345073862719	175.898762234014	FBgn0037069	Cuticular protein 78Cc	protein_coding	40355
FBgn0051821	234.102661600202	-1.35880176258917	0.39677144452701	11.3970856931587	0.000735594137529313	0.0136678708300928	6.47932687362418	13.1711052858646	FBgn0051821		protein_coding	34938
FBgn0035742	936.005281457559	-1.61021306762245	0.466451106397625	11.3657349889079	0.000748114670124637	0.013867096685892	219.671491585212	651.102528356822	FBgn0035742	Acyl-CoA binding protein 4	protein_coding	38781
FBgn0052091	554.090039440218	1.19840970292665	0.351029222871718	11.3542808740203	0.000752742619671598	0.0139194204803062	12.7588176945061	5.18327798954974	FBgn0052091		protein_coding	39307
FBgn0037518	254.435566758356	1.34415676056702	0.39407766470141	11.2755002825412	0.00078536687071642	0.0143847124467799	16.2275363840598	4.88984418623275	FBgn0037518		protein_coding	40921
FBgn0262559	9046.33465738152	-1.23325285678154	0.361895480755124	11.2776468136147	0.000784459297107078	0.0143847124467799	270.520546501892	504.998305839592	FBgn0262559	Malate dehydrogenase 2	protein_coding	42185
FBgn0036199	352.742372982322	1.01904536703532	0.30163058101297	11.2208253745489	0.000808845138626633	0.0147796323790284	17.6608215082678	6.78242509060645	FBgn0036199	Bmcp	protein_coding	39322
FBgn0037819	999.569802957242	-1.23905971645959	0.364579279745444	11.216062473589	0.000810923692490949	0.0147825829616967	32.5691536270938	57.0153887122541	FBgn0037819	Phytanoyl-CoA dioxygenase domain containing 1	protein_coding	41275
FBgn0038034	137.541825039526	-1.34710781857183	0.397399071602807	11.1474236872124	0.000841484574552415	0.0153035083829568	2.38945209538232	4.48327397760648	FBgn0038034	Cytochrome P450 9f3	protein_coding	3772405
FBgn0033775	452.560096580302	1.37065750081622	0.404210350449929	11.1120141415204	0.000857702951741353	0.0155617587314766	28.1817698560529	8.62314721251282	FBgn0033775	Cytochrome P450 9h1	protein_coding	36412
FBgn0039476	52.7728765986265	3.1573455537693	0.890362459407122	11.0305165627711	0.000896241701983457	0.0161848238032657	5.99151694282318	0.52315774980558	FBgn0039476		protein_coding	43252
FBgn0053178	213.41204941354	-1.24933457491291	0.371518254803621	11.0031080148497	0.00090959233399502	0.0163493391315515	15.7436175917569	36.3592182666347	FBgn0053178		protein_coding	318913
FBgn0051086	1978.50284893496	-1.42439262833674	0.422787791744476	10.9254430812161	0.000948525151296309	0.0169700172659996	167.29845600354	429.209666418498	FBgn0051086		protein_coding	43179
FBgn0030981	70.6083835539759	-1.85421902198453	0.54981668367396	10.9093769223965	0.000956787019490565	0.0170782053409531	3.17800920600216	6.02217757940656	FBgn0030981		protein_coding	32893
FBgn0030105	1548.00287873221	1.35568987075911	0.405083276140768	10.8149788749253	0.00100682173320476	0.01788355257699	478.652676857582	175.404234040291	FBgn0030105		protein_coding	31862
FBgn0020645	195.593975662142	-2.12643251003381	0.624839006691112	10.7663497409244	0.00103362159067945	0.0182804038663515	15.7305386175675	62.8836851195454	FBgn0020645	Lcp65Aa	protein_coding	38709
FBgn0014391	1062.49107397527	-1.00579030605393	0.304451299467196	10.6986751683321	0.00107212281480908	0.0188747466324037	216.367645206158	378.596467303067	FBgn0014391	stunted	protein_coding	44046
FBgn0023507	5923.57719096069	-1.50841893008771	0.451279325868447	10.700763441574	0.00107091334036821	0.0188747466324037	97.0593086439586	210.086272898162	FBgn0023507	D-2-hydroxyglutaric acid dehydrogenase	protein_coding	31184
FBgn0039591	119.956246512755	-1.58473867234763	0.47580544908751	10.6852589747936	0.00107992615269264	0.0189688167731502	1.17949453646223	3.06558062161506	FBgn0039591		protein_coding	43388
FBgn0034999	5389.5896984484	1.2323659639377	0.372533086050331	10.6279795082558	0.00111389351785213	0.0194767186307433	211.779123703567	59.614877383071	FBgn0034999	Fatty acid transport protein 3	protein_coding	37887
FBgn0002789	17012.1473097743	-1.08629955522909	0.329498255144966	10.6221204587627	0.00111742837315834	0.0194943216864796	871.039832137705	1685.85788089161	FBgn0002789	Muscle protein 20	protein_coding	36468
FBgn0037890	1044.32959312705	-1.02834090868791	0.314327805706027	10.4964644256729	0.00119603183248775	0.0207716249106149	64.4534451108717	123.31533816857	FBgn0037890		protein_coding	41359
FBgn0085227	56.5276698137637	1.80131101707852	0.544977013156244	10.474942377372	0.00121004563110447	0.0209677794639249	17.4770264481361	2.41632239353266	FBgn0085227		protein_coding	5740481
FBgn0033702	80.0522196118739	1.35039857459449	0.412979253106974	10.4636478273326	0.00121746628943509	0.0210490640310178	3.82739480093642	1.38913802069953	FBgn0033702		protein_coding	36324
FBgn0261538	175.486897027073	-1.17305530861873	0.358746860859987	10.4177806816451	0.0012480778862132	0.0214819834388169	20.1776921049682	41.1670695983261	FBgn0261538		protein_coding	10178847
FBgn0039452	67.2857306936738	-1.72588977872599	0.525479203305115	10.3659634475308	0.00128359894254719	0.0219951809910698	9.87125762120352	31.9504158000026	FBgn0039452		protein_coding	3772449
FBgn0035777	109.238980540235	-1.65809033815627	0.504906503812298	10.3588359844141	0.0012885642785996	0.0220313063243493	1.47719648487755	4.62735564533055	FBgn0035777		protein_coding	38826
FBgn0032850	254.990994814373	-1.15509851723546	0.354916764188211	10.3481631536762	0.00129603586575024	0.0221100277893808	4.48268039685358	10.195785191425	FBgn0032850	Kua	protein_coding	35300
FBgn0031426	74.0106789557865	-1.08411589334205	0.336214354774479	10.3348296226687	0.00130543173842871	0.0222211570309576	1.73071414313132	2.61046810755032	FBgn0031426		protein_coding	33429
FBgn0001091	33862.4818804079	-1.16246380592376	0.357024120464172	10.326851982909	0.0013110863584591	0.0222682531058989	998.223124971133	1874.03435233046	FBgn0001091	Glyceraldehyde 3 phosphate dehydrogenase 1	protein_coding	35728
FBgn0004592	24155.7053838857	1.32187485026123	0.404903915669963	10.3050481627776	0.00132666790541914	0.0224340706550153	1413.98741905553	469.813286483588	FBgn0004592	Ecdysone-induced gene 71Ee	protein_coding	39706
FBgn0035044	252.941984955406	-1.02917779727923	0.317776142680372	10.2748526918649	0.00134855640185602	0.0226870364610751	14.8225833976963	27.6811028116956	FBgn0035044		protein_coding	37944
FBgn0039671	1086.49664181661	-1.06458946045586	0.328773848920545	10.2722585281916	0.00135045386274588	0.0226870364610751	90.2290836261402	133.959966414041	FBgn0039671		protein_coding	43480
FBgn0017566	4052.01040558603	-1.08864627963172	0.336013957525052	10.2609128081605	0.00135878432443151	0.0227773607080247	60.157645184885	102.050693372273	FBgn0017566	NADH dehydrogenase (ubiquinone) 75 kDa subunit	protein_coding	31762
FBgn0034245	291.560317775192	-1.04523684162495	0.323642519891143	10.2114854932849	0.00139568708412723	0.0232443695587582	98.510945956412	212.893641990148	FBgn0034245	Ubiquinol-cytochrome c reductase 6.4 kDa subunit	protein_coding	36991
FBgn0063667	58.5185496970853	-2.3911649820578	0.718012948340713	10.1861946269303	0.00141496020061973	0.0235145648857301	1.25382086294049	5.63666513909987	FBgn0063667	meep	protein_coding	261663
FBgn0050082	26.9583094644469	-2.89173367862913	0.868873433310363	10.153741691438	0.00144008656011251	0.0237286489630001	0.198517692856908	3.12238376402383	FBgn0050082		protein_coding	246443
FBgn0051955	60.0636910688307	2.25292684027366	0.686307373410295	10.1536586440124	0.00144015143492206	0.0237286489630001	9.49963381558876	2.17085504196381	FBgn0051955		protein_coding	319045
FBgn0032076	3506.73791428039	-1.33264633326529	0.412142777726262	10.1067862164498	0.00147724344445137	0.0241455626008674	79.5959985403545	174.174886679755	FBgn0032076	Argininosuccinate lyase	protein_coding	3771738
FBgn0085300	30.3378969210581	-1.71925702087914	0.532019601094235	10.1058672742147	0.00147798022923219	0.0241455626008674	3.49509432511845	12.1618601014793	FBgn0085300	Cuticular protein 65Ay	protein_coding	5740348
FBgn0034162	2316.73867462564	-1.43833603237313	0.444269337773794	10.0766675818711	0.00150158660626405	0.0244277095377682	132.773152696626	293.348725741494	FBgn0034162		protein_coding	36891
FBgn0031957	72.2273827388768	1.7592714391758	0.543442996903584	10.0478151934185	0.00152528730454827	0.0246572125898777	5.37970784065758	0.976906940557842	FBgn0031957	TweedleE	protein_coding	34075
FBgn0034624	111.885283005623	-2.22859729944969	0.676349854956405	10.0512574233485	0.00152243990826291	0.0246572125898777	1.54181149754639	10.3945760093587	FBgn0034624		protein_coding	37441
FBgn0262816	67.2703654007185	1.94722390083605	0.598888581531419	10.0060938474853	0.00156023093506354	0.0251167865141439	4.14713485973866	0.864595790249805	FBgn0262816		protein_coding	12798317
FBgn0030994	32.7026294303865	1.52700376601941	0.480632559887906	9.96904592307442	0.00159193963433472	0.0255206788364969	4.87447612832459	1.24169033666327	FBgn0030994	Heterochromatin Protein 1D3 chromoshadow domain	protein_coding	32906
FBgn0022700	731.79260448709	-1.10529873767336	0.346769447932634	9.93019646740976	0.00162589178948635	0.0260108954123013	15.4068131439731	36.9653143623018	FBgn0022700	Chitinase 4	protein_coding	49815
FBgn0037151	117.462764379066	-1.4153447949254	0.441789822692923	9.91685118002145	0.00163772330048944	0.0260381121032455	6.78221517904305	12.7354076854541	FBgn0037151		protein_coding	40450
FBgn0051742	65.2409211068335	2.95435811765264	0.883195964420273	9.91972432513387	0.00163516871464916	0.0260381121032455	3.15003547948787	0.352291571193742	FBgn0051742	Proteasome beta5 subunit-related 2	protein_coding	318924
FBgn0034828	68.0318206857332	-2.74753115958735	0.828847571100435	9.90081618667429	0.0016520548490159	0.026158100494377	2.99263056364405	13.1412225874002	FBgn0034828		protein_coding	37675
FBgn0024289	1517.91883379213	-1.4607464696097	0.455863229720672	9.86410343695218	0.00168534786104964	0.0266305683535939	43.2283895093442	112.079504796238	FBgn0024289	Sorbitol dehydrogenase 1	protein_coding	40836
FBgn0004782	89.1705973962757	-2.84625256317098	0.854142131279471	9.83712190598872	0.00171024880056682	0.0269137316350424	0.554319417115995	13.3209825336415	FBgn0004782	Ccp84Ab	protein_coding	40824
FBgn0030593	4689.78566324096	-1.98348394730769	0.610662619783546	9.81395280697701	0.0017319286232653	0.0271993922892032	43.8826187702169	150.217840341944	FBgn0030593		protein_coding	32419
FBgn0031791	1222.83215541175	1.42918266734514	0.448136594692363	9.78679481809719	0.0017576957705251	0.027502290906525	170.727254489526	47.7316396152736	FBgn0031791	Arylalkylamine N-acetyltransferase-like 2	protein_coding	33874
FBgn0037891	3643.01230735273	-1.06898685039764	0.338030554510471	9.78392763686014	0.00176043868732396	0.027502290906525	80.5612143596239	143.449832923248	FBgn0037891		protein_coding	41360
FBgn0050091	401.112805798818	-1.25592977656157	0.395830945024406	9.78238561902363	0.00176191566694636	0.027502290906525	9.00242810620479	16.4853213594823	FBgn0050091		protein_coding	246449
FBgn0030544	1434.36185412282	-1.21406018201599	0.383181422671779	9.75654454746059	0.00178685452354291	0.0278352226889685	127.77288455334	240.75806819856	FBgn0030544		protein_coding	32366
FBgn0052407	202.250007222401	-1.39251039908551	0.440328830269477	9.68618648459461	0.00185658462795573	0.028863153359207	6.96382209981905	17.631964211798	FBgn0052407		protein_coding	38667
FBgn0028544	11080.979312814	-1.90486080641741	0.592202989685576	9.67318756245864	0.00186976629588822	0.0289756394371655	144.208309390764	578.66906634486	FBgn0028544		protein_coding	34812
FBti0059730	31.5644908669475	1.78505414015296	0.567901055466585	9.67164625303057	0.00187133555177129	0.0289756394371655	4.29759095928573	1.42758454161745	FBti0059730		transposable_element	NA
FBgn0004430	23213.3659512515	-1.33617327193131	0.422575271508125	9.66040984648137	0.0018828161064202	0.0290756712910966	2599.56464174955	5481.75004959484	FBgn0004430	Lysozyme S	protein_coding	38130
FBgn0053002	271.007309030547	-1.70501497929643	0.534892354342498	9.62905323902	0.00191523309984497	0.0294296246483409	18.8163875462805	51.7022751207391	FBgn0053002	mitochondrial ribosomal protein L27	protein_coding	318825
FBgn0051087	594.96245748066	-1.11061506549394	0.354281447620855	9.61464476163007	0.00193031798778091	0.0295330992138464	15.6338075036775	31.3509814306344	FBgn0051087		protein_coding	43062
FBgn0033033	2092.47166790062	-1.51260392493616	0.478277947018373	9.5822331683748	0.00196469289232639	0.0299732970151862	22.4146234790002	47.7383863996585	FBgn0033033	scarface	protein_coding	35505
FBgn0063499	265.564244218797	-1.10468424134078	0.353532447604983	9.57658062832527	0.00197075108114374	0.0299732970151862	13.0820333868397	24.3997427420583	FBgn0063499	Glutathione S transferase E10	protein_coding	37105
FBgn0029690	494.496123005777	-1.4075968787785	0.447136241470056	9.5632424194245	0.00198512167565715	0.0300732283713012	8.82604530357079	19.1162342900831	FBgn0029690		protein_coding	31352
FBgn0000053	8898.63861870187	1.03394253181372	0.331121885466423	9.54985381386828	0.00199965342299061	0.030233975577805	149.490846666863	59.9709531214053	FBgn0000053	GART trifunctional enzyme	protein_coding	33986
FBgn0039736	144.769971634922	-1.72786385240859	0.546672903227467	9.53514412749644	0.00201574343288179	0.03041760784922	1.776316900318	4.597885187624	FBgn0039736		protein_coding	43561
FBgn0002570	1367.82622257323	1.57736274393804	0.49962013510559	9.51324556911075	0.00203994043255546	0.0307226185067093	70.1168685413098	18.243229738147	FBgn0002570	Maltase A1	protein_coding	35824
FBgn0039830	18260.4087625218	-1.12162926243359	0.361062074087158	9.41703712923535	0.00214978598550594	0.0321259684772021	814.868280035635	1563.79442700065	FBgn0039830	ATP synthase, subunit C	protein_coding	43693
FBgn0020641	40.9570908273879	-2.00781216458627	0.639582503361732	9.3946477103002	0.00217619815865964	0.0323747026001503	2.81673152205317	9.74526433256007	FBgn0020641	Lcp65Ad	protein_coding	38707
FBgn0036547	2053.56955495626	-1.16774507718965	0.376190552732531	9.38768137897102	0.00218448309681179	0.0323933637682994	73.6746786606847	136.316862574448	FBgn0036547		protein_coding	39736
FBgn0038774	3884.6094292754	-1.13167203824115	0.365415383192862	9.35664345230975	0.00222178655477762	0.0328578005284696	203.731389064994	418.111919053131	FBgn0038774		protein_coding	42400
FBgn0004240	366.754615701262	3.36289447903701	1.00552567383138	9.34567958386624	0.0022351175587486	0.0329540946376873	62.3894670093829	8.829839967064	FBgn0004240	Diptericin A	protein_coding	37183
FBgn0031498	70.0531073616918	1.45838121293297	0.469737272621371	9.33998864010813	0.00224206915552902	0.0329935024013059	3.91612044338032	1.49936193192625	FBgn0031498		protein_coding	33519
FBgn0265052	100.880848120475	-1.11815879569873	0.362873356913086	9.31978336097415	0.00226692794949207	0.0332957741305397	3.20238362305106	6.19584559107361	FBgn0265052	Sulfotransferase 3	protein_coding	37743
FBgn0287423	3051.62328302582	-2.25726310855514	0.709862772934097	9.2260873240245	0.00238590960637405	0.0348442215430877	159.129023896044	1044.27274787629	FBgn0287423	Neuropeptide-like precursor 2	protein_coding	50286
FBgn0010423	3168.42362691294	-1.28519367259679	0.418849017598726	9.12275032441296	0.00252450138153584	0.0363858507533137	231.929251735613	557.563984592213	FBgn0010423	Troponin C at 47D	protein_coding	36195
FBgn0034317	148.1320957482	1.86375124249757	0.599546859833261	9.10931178216177	0.00254311536668253	0.0365176212150632	21.3231214280796	4.30900406167922	FBgn0034317		protein_coding	37086
FBgn0039674	2100.76115894065	-1.02902566870087	0.337907536418197	9.08766592098186	0.00257339085889293	0.0368836745593371	47.5765793009675	82.1758400876497	FBgn0039674		protein_coding	43483
FBgn0261682	164.769224468667	-1.00220311659344	0.330761079554924	9.07921135113345	0.0025853151674961	0.0369858353554033	18.8265598320489	25.7250660885532	FBgn0261682		protein_coding	3885667
FBgn0063494	227.848404141177	-1.23165644878473	0.404078598723861	9.06319637144904	0.00260805663897567	0.0372200034686652	11.9790817994384	30.791704744722	FBgn0063494	Glutathione S transferase E6	protein_coding	37111
FBgn0031097	2690.17810729346	-1.37614019754079	0.449537472419646	9.03903567349764	0.00264275004389924	0.0375289974005655	80.4084320450373	144.093255665715	FBgn0031097	obstructor-A	protein_coding	33022
FBgn0031830	1559.83414110009	-1.03498192199293	0.341032954308914	9.01896254351422	0.00267193005187926	0.0378736261581636	150.545493133016	275.062429961972	FBgn0031830	Cytochrome c oxidase subunit 5B	protein_coding	33918
FBgn0039521	33.9729814786965	-1.8898726620367	0.612795694013223	8.99468069608971	0.00270766580216136	0.038309744954984	1.36897754933393	6.05307488000098	FBgn0039521		protein_coding	43306
FBgn0261349	59.1335290452132	1.97722147395077	0.641730695517049	8.98039561870635	0.00272891557729058	0.0385396850118822	2.2975841596174	0.785384975024466	FBgn0261349	Male-specific transcript 36Fb	protein_coding	8673957
FBgn0039609	81.4433086932391	-1.45384655060396	0.480429688802262	8.94750204953208	0.00277849264011388	0.0390966364013104	1.47592614021062	3.21433463575611	FBgn0039609	Neprilysin-like 17	protein_coding	43408
FBgn0261633	35.9929329688707	3.48515213600398	1.08118862945537	8.94360890015262	0.00278442059477477	0.0391086834358984	29.2000601189598	2.41584605574746	FBgn0261633		protein_coding	10178784
FBgn0260955	64.5490699259084	1.72635430778211	0.565561227367936	8.93690303514669	0.00279466149737207	0.0391811541931565	117.995446626197	26.1352235002014	FBgn0260955		protein_coding	8674060
FBgn0036024	60073.6374579428	-1.03267373831811	0.342793673767919	8.88813253758042	0.00287030157772655	0.0401685943118864	3322.3346278525	5094.00046882354	FBgn0036024		protein_coding	39125
FBgn0031559	63.7864693431227	2.79076170498192	0.885295837149474	8.86250725879894	0.00291087477024011	0.0405890693550117	9.73064649901689	3.84299125852831	FBgn0031559		protein_coding	33590
FBgn0062565	25.5554226200386	-2.60632694612133	0.847642445579229	8.86253611952871	0.00291082874812375	0.0405890693550117	0.513546194721567	2.04580642555183	FBgn0062565	Odorant receptor 19b	protein_coding	260693
FBgn0032772	119.857966633492	-1.45194414906479	0.480406241257646	8.85427586080263	0.00292403099641377	0.0406989224067628	4.18756826197526	8.75670176739174	FBgn0032772		protein_coding	35210
FBgn0038631	29.2664207207347	-1.49003876204654	0.497415468922438	8.83274246331	0.00295873418223449	0.0411077464490273	1.6842631819798	3.70640809813551	FBgn0038631		protein_coding	42234
FBgn0039801	135.664456739333	-1.08916511464295	0.363626687244037	8.82633387049982	0.00296914282571311	0.0411207297863686	13.3811438273018	20.3302393353168	FBgn0039801	Niemann-Pick type C-2h	protein_coding	43649
FBgn0022355	11319.671807622	-1.22039137864844	0.406031662126754	8.77772457797398	0.00304931342577678	0.0419131119895984	225.121228985302	370.138569201756	FBgn0022355	Transferrin 1	protein_coding	32821
FBgn0033658	101.587560176673	-1.3539664109607	0.451581659514314	8.76865067613902	0.00306452073643939	0.0420471875421426	5.80703163411446	13.0617286846168	FBgn0033658	Tweedlebeta	protein_coding	36265
FBgn0052499	1464.91493638922	-1.31492959841179	0.437475168567897	8.7447423729101	0.00310495964813825	0.0424509642673654	23.8693817494773	50.6888214528677	FBgn0052499	Chitin deacetylase-like 4	protein_coding	33144
FBgn0037714	142.778251448774	-2.71757323474765	0.870346428599934	8.67729209932057	0.00322199366378512	0.0438953942428393	3.75271956447332	28.7527501136354	FBgn0037714		protein_coding	41156
FBgn0014869	7064.73532271003	-1.08328460071922	0.364198712289872	8.64811658709286	0.0032739961797208	0.0442908500733808	275.028566440144	479.658690266988	FBgn0014869	Phosphoglyceromutase 78	protein_coding	43447
FBgn0086917	169.546269852552	2.10604383713219	0.688966805773732	8.65745136011387	0.00325726570622517	0.0442908500733808	4.58417179131881	1.90774127734234	FBgn0086917	spookier	protein_coding	5740359
FBgn0031562	456.519629188934	-1.04647181962064	0.353100448244712	8.59823939343539	0.00336488143055324	0.0452820256736405	46.8606153771034	76.2734042993987	FBgn0031562		protein_coding	33593
FBgn0033961	383.959239122077	-1.18593698012883	0.398868949079883	8.60018340313208	0.0033612915154999	0.0452820256736405	49.1338402454231	93.3010729803755	FBgn0033961	NADH dehydrogenase (ubiquinone) B15 subunit	protein_coding	36640
FBgn0028396	1353.50260665352	1.79332967320859	0.597711658773807	8.47969509677293	0.00359132289508307	0.0477460186965268	163.789578379011	86.2451803689628	FBgn0028396	Turandot A	protein_coding	44121
FBgn0036600	397.243980678969	-1.91418130603592	0.636217870884584	8.48559662727729	0.00357969165258502	0.0477460186965268	17.6699251067174	66.3206718957367	FBgn0036600		protein_coding	39796
FBgn0052302	8184.17749449613	1.06581819616704	0.362476735397243	8.4571321843303	0.00363614729440375	0.0481758278129679	784.689974510335	296.121128422258	FBgn0052302		protein_coding	38293
FBgn0031032	73.3716169432639	4.34207848031858	1.32739627193811	8.38725801263453	0.00377860499422434	0.0496823463690736	2.15265910633664	0.144877314994685	FBgn0031032		protein_coding	32950
