baseMean	log2FoldChange	lfcSE	stat	pvalue	padj	expressionh1M8	expressionko	ensembl	description	gene_biotype	entrezgene_id
FBgn0051683	795.017619203728	13.0881088193263	1.20189888752014	560.59340358137	6.24502104734052e-124	4.27846391953299e-120	58.077519695223	0	FBgn0051683		protein_coding	261623
FBti0019144	383.281122269565	8.62141798457635	0.63779467154145	426.778668105848	8.16613802379032e-95	2.79731058004938e-91	8.79214945023574	0.00549671081255158	FBti0019144		transposable_element	NA
FBgn0037975	857.96557635703	-13.1767219850138	1.21898337814914	374.236372522888	2.23778561230264e-83	5.1103564099618e-80	0	86.6001604097444	FBgn0037975		protein_coding	41454
FBgn0052581	175.097410219932	-10.8848850691284	1.20095681499711	362.498241683897	8.04644728691242e-81	1.37815525906592e-77	0	14.3830671911734	FBgn0052581	suppression of retinal degeneration disease 1 upon overexpression 2	protein_coding	318098
FBti0102102	2176.72908452324	7.06319557939884	0.315123381223958	353.416254068361	7.64208827755515e-79	1.04711893579061e-75	20.0678873420544	0.125425398046543	FBti0102102		transposable_element	NA
FBgn0013772	333.016932319442	6.37858866214955	0.379717363492176	331.66919935	4.16136919954049e-74	4.75159006434198e-71	21.5121784678109	0.223735981810968	FBgn0013772	Cytochrome P450 6a8	protein_coding	36666
FBgn0053503	799.423349147954	-13.0745353734488	1.22521564826173	329.139604833045	1.47973280985305e-73	1.44823564004332e-70	0	44.6103947803616	FBgn0053503	Cytochrome P450 12d1 distal	protein_coding	2768720
FBgn0004425	53058.3126015153	4.99049219725982	0.244768164050682	297.293736185428	1.28051265899343e-66	1.0965990283455e-63	20462.2901097069	542.602281667895	FBgn0004425	Lysozyme B	protein_coding	38125
FBgn0038144	121.986751331595	6.19541417233433	0.515625459014675	249.788938551423	2.88704168627563e-56	2.19768028807492e-53	9.1299279282907	0.109019911945263	FBgn0038144		protein_coding	41645
FBgn0003886	5205.67908326533	4.35297454394756	0.242563986012231	247.559492560755	8.8410237637381e-56	6.05698538053697e-53	353.662324753733	16.218326635606	FBgn0003886	alpha-Tubulin at 85E	protein_coding	41183
FBgn0037477	171.999482962194	6.54351521424643	0.513069254199632	242.715105463897	1.00624774068024e-54	6.26709388309119e-52	63.6408537295451	0.717538555440135	FBgn0037477		protein_coding	40856
FBgn0004622	269.56075665542	3.29319556540043	0.20977956043596	242.193739507657	1.30731808427311e-54	7.46369682946257e-52	9.80457432576814	0.868851073351327	FBgn0004622	Tachykinin-like receptor at 99D	protein_coding	43551
FBgn0261363	370.004668739398	4.78151864557774	0.295824691580885	234.630729445727	5.82774343708908e-53	3.07122079134595e-50	16.7581322950284	0.57923506879854	FBgn0261363	Prophenoloxidase 3	protein_coding	44513
FBgn0037386	3003.10339419493	5.40739700807056	0.298863501055183	232.783560396816	1.47336380166253e-52	7.21001100370714e-50	148.481393169066	2.59302899459937	FBgn0037386		protein_coding	40727
FBgn0034899	7565.72811819412	9.76363172124193	0.477176916128996	230.964453156913	3.6729355502936e-52	1.6775520970041e-49	2135.92077783071	1.95192078372408	FBgn0034899		protein_coding	37758
FBgn0034880	223.956788382636	4.8314026124613	0.324692347856329	222.956182320097	2.04919807634126e-50	8.77441001313372e-48	7.58600704303128	0.201556743813005	FBgn0034880	Integrin alphaPS5 subunit	protein_coding	37732
FBgn0037930	280.628966134089	3.98284839513671	0.260510215284943	221.009077110861	5.44854297630375e-50	2.19576281945041e-47	64.6945546519484	3.99396325767247	FBgn0037930		protein_coding	41403
FBgn0037853	1081.34631193983	3.59808197240088	0.223518283250869	219.889033965296	9.56286753308298e-50	3.63973363717508e-47	63.830229775956	4.82722458169396	FBgn0037853		protein_coding	41317
FBgn0052521	1876.33519816995	2.54148547457801	0.167870518961096	207.521036630525	4.77221841655112e-47	1.7207614932522e-44	100.156028198315	14.6591796493467	FBgn0052521	Membrane-bound Notch regulator	protein_coding	33098
FBgn0034761	485.588091641183	3.35056248007272	0.223019248256252	203.417257500708	3.75094388204624e-46	1.28488582679494e-43	127.167023701992	9.63252602235714	FBgn0034761		protein_coding	37599
FBgn0010357	27608.9005669834	-3.79688971767979	0.249810545236887	184.972076252419	3.98010005869046e-42	1.29846026200421e-39	321.89329848339	3831.37566237121	FBgn0010357	betaTrypsin	protein_coding	47901
FBgn0033327	9398.05861730292	-6.87025157507644	0.393740168660068	184.654235090335	4.66962316547845e-42	1.45416310484968e-39	11.6370935121058	1553.01301537509	FBgn0033327	Peptidoglycan recognition protein SC1b	protein_coding	35861
FBgn0260475	90.124785205637	7.50051506875721	0.884082556130326	183.950678987335	6.65085193548739e-42	1.98108637434887e-39	6.25912750541741	0	FBgn0260475		protein_coding	246425
FBgn0037069	648.268817555557	-3.63955289638806	0.253649071510664	176.556941522577	2.7366486074719e-40	7.81199150407917e-38	17.5904855990581	175.898762234014	FBgn0037069	Cuticular protein 78Cc	protein_coding	40355
FBgn0028533	8422.61088180403	5.19074471771946	0.335506443565902	169.046933393968	1.19489319597948e-38	3.27448531426217e-36	914.286417736899	23.8269730727096	FBgn0028533		protein_coding	34801
FBti0019364	396.948407363337	-12.0642543671493	1.27181126222485	162.212818974686	3.71701347253206e-37	9.79433050012197e-35	0	8.30985461775618	FBti0019364		transposable_element	NA
FBgn0035708	512.700846098876	2.43367023544358	0.185782580598261	160.763146671437	7.70747962839568e-37	1.95570159015329e-34	23.1346011912444	3.5072010155831	FBgn0035708	axundead	protein_coding	38741
FBgn0034441	395.604672037773	-7.61521321989583	0.593751977989507	153.631114383367	2.78833905442502e-35	6.82246816495207e-33	0.0728721634549515	15.7083440842697	FBgn0034441		protein_coding	37226
FBti0019129	370.357508519245	-2.8424010460542	0.227922622330897	143.657987060849	4.2205341203478e-33	9.03589976828211e-31	0.780113529492262	5.55722255898757	FBti0019129		transposable_element	NA
FBti0019307	370.357508519245	-2.8424010460542	0.227922622330897	143.657987060849	4.2205341203478e-33	9.03589976828211e-31	0.780113529492262	5.55722255898757	FBti0019307		transposable_element	NA
FBti0019387	370.357508519245	-2.8424010460542	0.227922622330897	143.657987060849	4.2205341203478e-33	9.03589976828211e-31	0.780113529492262	5.55722255898757	FBti0019387		transposable_element	NA
FBti0019467	370.357508519245	-2.8424010460542	0.227922622330897	143.657987060849	4.2205341203478e-33	9.03589976828211e-31	0.780113529492262	5.55722255898757	FBti0019467		transposable_element	NA
FBgn0052379	84.8735287939463	-7.9788489257112	1.08349354471067	141.952140910426	9.96198760141493e-33	2.06816900173617e-30	0.0453584621460506	6.59284007719302	FBgn0052379		protein_coding	326211
FBti0019588	85.6889392163778	6.20360266816185	0.642221662997576	138.918985165588	4.58789037297107e-32	9.2445991015367e-30	3.8831978770015	0.0507994147329676	FBti0019588		transposable_element	NA
FBgn0038730	187.663684331319	-10.0240672690206	1.26374333623365	138.830457216303	4.7970376889382e-32	9.38985863054731e-30	0	13.3206587456913	FBgn0038730	Acyl-CoA synthetase X1 L	protein_coding	42351
FBgn0039777	21159.48732209	-4.28804578509314	0.319371619647306	137.846066461666	7.87507108436672e-32	1.4986697777499e-29	149.555392914656	2563.54539608955	FBgn0039777	Jonah 99Fii	protein_coding	43621
FBgn0031141	413.953891949125	6.97857564223545	0.546555382219782	133.146926770823	8.3962240422383e-31	1.55466299765877e-28	48.0297472982824	0.452800073648955	FBgn0031141		protein_coding	33074
FBti0019609	101.165729103007	-10.0904018244901	1.25782510480283	128.927858360168	7.03286680941577e-30	1.26795185556072e-27	0	7.5651906831009	FBti0019609		transposable_element	NA
FBgn0036108	888.990556931535	-7.17110614613651	0.529877728782857	125.735750660416	3.51278384145828e-29	6.17079028149504e-27	1.78719103834706	233.86328376796	FBgn0036108	Cuticular protein 67Fa1	protein_coding	39223
FBgn0264895	1570.70926623201	1.87541114069118	0.163093812213672	124.962292253234	5.18710585096387e-29	8.88421554623837e-27	27.5999665139455	6.98034673842841	FBgn0264895	Rap GTPase activating protein 1	protein_coding	34032
FBgn0261238	2128.06388865726	1.72310076672762	0.153490755364509	119.915174230909	6.60244280701083e-28	1.10325208953247e-25	33.04669911903	8.76460259785079	FBgn0261238	Alhambra	protein_coding	40850
FBgn0034005	1100.36355803318	6.47986254965348	0.496017525422436	115.325397778421	6.67879582094008e-27	1.08943881355382e-24	32.8864711632497	0.274768431605835	FBgn0034005	Integrin alphaPS4 subunit	protein_coding	36693
FBti0062820	36.6163189470263	8.64732776438792	1.23185095235964	115.180456627429	7.18522338992797e-27	1.14478989405573e-24	3.04253845595169	0	FBti0062820		transposable_element	NA
FBgn0020270	323.96554181555	1.8405192363313	0.174158685744076	108.824974497788	1.77267789459612e-25	2.76014005815409e-23	14.2103896227851	3.33500827000118	FBgn0020270	meiotic recombination 11	protein_coding	34565
FBti0019666	42.7761980696887	-6.98852592821093	1.08128936405329	108.729636082233	1.86002711057986e-25	2.83178794101836e-23	0	4.68161354294087	FBti0019666		transposable_element	NA
FBgn0003748	1988.20147261843	1.32844032000381	0.126546093622294	107.097766939898	4.23741204133558e-25	6.31098041199784e-23	58.3284274125961	18.7008002892948	FBgn0003748	Trehalase	protein_coding	45368
FBgn0038508	159.276595875896	-4.23179833356334	0.39903007555834	102.272525576916	4.83856400555147e-24	7.05297914936875e-22	1.1537643802952	28.1530643704829	FBgn0038508		protein_coding	42097
FBgn0042106	39.4953223184839	5.97585444899281	0.804179548889987	101.863429721246	5.94846068406922e-24	8.4901883638663e-22	4.4366132002552	0.0499263795806564	FBgn0042106		protein_coding	59145
FBgn0030313	91.8996586824502	-3.01048744044844	0.306273630445592	98.7996357955444	2.79385847375655e-23	3.90627028647064e-21	1.68428813989401	10.2642167117359	FBgn0030313	Receptor accessory protein like 1	protein_coding	32103
FBgn0266671	737.305301734101	1.59068575227396	0.160904710140948	94.3310799702576	2.6692610181057e-22	3.65742144700842e-20	26.3725792046624	7.94413179878982	FBgn0266671	Secretory 6	protein_coding	37142
FBti0018968	949.383876570818	-2.75505362574543	0.268365095547089	93.7716115232422	3.54114470887107e-22	4.75693772558347e-20	2.5519649116404	13.6047735390709	FBti0018968		transposable_element	NA
FBgn0032049	574.264607222766	4.50064495635785	0.413724361960543	92.8258948917188	5.71031032763211e-22	7.5233338566553e-20	51.9308569096177	1.71643445575232	FBgn0032049	beta-site APP-cleaving enzyme	protein_coding	34182
FBti0020099	744.448208494628	-3.23843023505958	0.312681749426843	92.1983854882914	7.84087109037876e-22	1.01354354415443e-19	1.73204830094339	14.2545949659557	FBti0020099		transposable_element	NA
FBgn0050489	799.215902258783	-3.03087304351559	0.29627514379007	91.2832264582744	1.24511624743616e-21	1.57968359466391e-19	6.16279562937183	40.8142111215276	FBgn0050489	Cytochrome P450 12d1 proximal	protein_coding	246648
FBgn0261434	56.8078337312783	4.567093327606	0.516575008419456	91.2297611325554	1.27921729862743e-21	1.593439584163e-19	3.83389504132304	0.16265089629176	FBgn0261434	huckebein	protein_coding	40549
FBgn0261847	83.3067746167185	7.24906507974129	0.747762821316994	88.6050137844664	4.8206580730375e-21	5.89755865328213e-19	69.5521689267561	0.54233155721055	FBgn0261847		protein_coding	10178912
FBgn0053225	396.665978220376	3.45238832222818	0.348225390933956	84.3249644666218	4.19781016415906e-20	5.01320724230493e-18	47.8547744857359	4.06497656046935	FBgn0053225		protein_coding	2768860
FBgn0288686	14734.412813986	3.15300858645234	0.316340552410377	84.3032637361852	4.24413983438455e-20	5.01320724230493e-18	628.105575718955	49.4629850082495	FBgn0288686	beta-Tubulin at 60D	protein_coding	37888
FBgn0262531	233.72745793279	2.28997646162499	0.244322154809987	83.5282574919798	6.28116872087161e-20	7.29360795028668e-18	32.0389669801695	5.16138885028793	FBgn0262531		protein_coding	12797926
FBgn0004429	101.445436859178	-2.96877337645324	0.322119172777763	83.3297521258294	6.94464923498438e-20	7.929631984813e-18	2.87285878193239	19.0598230941145	FBgn0004429	Lysozyme P	protein_coding	38129
FBgn0267698	2076.64912050411	1.26384612543068	0.137960648088925	81.6541307001107	1.6211263315901e-19	1.82071090126619e-17	52.1574270798064	19.0179983605088	FBgn0267698	p21-activated kinase	protein_coding	44039
FBgn0032161	125.902325347321	-3.10518017288164	0.338469858212444	79.6104417614442	4.56009165147199e-19	5.03890127487655e-17	1.57964270319008	11.88543961623	FBgn0032161		protein_coding	34316
FBgn0028945	94.2038809622619	-5.41165165543706	0.603203575959451	79.5435540621442	4.71711266141494e-19	5.12967283227837e-17	0.379470795260347	15.5627207431472	FBgn0028945		protein_coding	34919
FBgn0030693	1236.19230767803	-1.57704328566412	0.173570579414098	79.2586164741338	5.4489198138346e-19	5.80558884994834e-17	29.1465611918545	75.2719946637932	FBgn0030693	suppression of retinal degeneration disease 1 upon overexpression 1	protein_coding	32532
FBti0019183	1033.6628003709	-4.42845199095748	0.436591049596741	79.2372571732695	5.50814881399273e-19	5.80558884994834e-17	1.07243654486445	18.0780666755833	FBti0019183		transposable_element	NA
FBgn0259998	14343.8658168401	3.28650898669264	0.339449713641785	78.6042869386552	7.58845620091253e-19	7.87704748976541e-17	1648.49338084187	141.252097809811	FBgn0259998		protein_coding	35409
FBgn0053508	39.6456378804052	-4.51012189822396	0.575799917656932	78.3935865246725	8.44258245411807e-19	8.63285558106909e-17	0.142285059506887	2.73395453717324	FBgn0053508	pickpocket 13	protein_coding	3346226
FBti0019469	2471.18349600144	-2.53068651473209	0.27213124504445	77.5626879626033	1.28576209492178e-18	1.29540531063369e-16	6.59624094394234	37.00848886375	FBti0019469		transposable_element	NA
FBgn0028699	244.009855939337	-2.04695065641331	0.230924959566119	75.4190036043883	3.80708127795252e-18	3.78004548336996e-16	2.9477758124452	11.9419741711583	FBgn0028699	Rh50	protein_coding	38589
FBgn0033756	89.2709189429241	3.16385417773803	0.37541749529317	68.4334499363604	1.31232511715796e-16	1.28439133966417e-14	5.78664835733953	0.666874125327653	FBgn0033756		protein_coding	36385
FBgn0052819	56.8717162753119	4.50850909793422	0.55966017247048	68.3804186123435	1.34809590745579e-16	1.30081761436333e-14	2.47039040671579	0.102999648844988	FBgn0052819		protein_coding	318227
FBgn0028864	153.91940851917	-3.17286079913702	0.367802646923267	67.9449979401869	1.6812036337872e-16	1.57779809521591e-14	1.40851459835232	11.2262357831943	FBgn0028864		protein_coding	34922
FBgn0051780	153.91940851917	-3.17286079913702	0.367802646923267	67.9449979401869	1.6812036337872e-16	1.57779809521591e-14	1.40851459835232	11.2262357831943	FBgn0051780		protein_coding	318937
FBgn0030956	194.885785657805	1.72472875236068	0.209563577687584	66.5105265924917	3.48030073119567e-16	3.22210004181372e-14	7.90612563454496	1.98341122130848	FBgn0030956		protein_coding	32866
FBgn0032024	232.661968983026	2.11271735676362	0.253186891289945	66.4571847797373	3.57576639027634e-16	3.26634340530443e-14	21.7240179216037	4.78643125755449	FBgn0032024		protein_coding	34146
FBgn0052820	57.6549368768207	4.52903589889813	0.569715607549777	65.5473120656947	5.67354492491076e-16	5.11440214217942e-14	2.47039040671579	0.102999648844988	FBgn0052820		protein_coding	318228
FBgn0013279	152.305419522296	4.28464236791108	0.493539007873737	64.2815678654589	1.07850001644479e-15	9.59584884761462e-14	6.81696916641965	0.275456645514599	FBgn0013279	Heat shock protein 70 Bc	protein_coding	48583
FBgn0037974	330.56698215641	2.92840167535507	0.345433942125842	64.0332320015075	1.22338107291967e-15	1.07453637571445e-13	33.369480169052	3.75250438769881	FBgn0037974		protein_coding	41453
FBgn0034720	336.894523514331	1.50787311429231	0.188026258971582	62.7951620338021	2.29361544304057e-15	1.98905815193303e-13	6.16354813567056	1.57407830486832	FBgn0034720	Liprin-gamma	protein_coding	37552
FBgn0033065	543.510317005643	1.69013152307314	0.209273448257468	62.5909202442799	2.5442373060571e-15	2.17882122297465e-13	29.29640505841	8.1993024636411	FBgn0033065	Cytochrome P450 6w1	protein_coding	35543
FBgn0034429	249.43760196981	-4.25908848089621	0.487289259938148	62.5479252899352	2.60039090531716e-15	2.19941704843554e-13	1.81718425330538	46.3244258836435	FBgn0034429	Arylalkylamine N-acetyltransferase-like 4	protein_coding	37213
FBgn0015872	851.351324863862	1.1850835301598	0.15137765141259	60.0644145584626	9.18032059232495e-15	7.67004589975832e-13	52.9710784519361	17.7554853599559	FBgn0015872	Drip	protein_coding	36236
FBgn0034437	808.328908267825	-2.34132953239419	0.29077939424321	59.3067399718698	1.34913660876827e-14	1.11360661526162e-12	4.8367653940534	24.0593107492509	FBgn0034437		protein_coding	37222
FBgn0037225	82.4157317336953	2.8871529477082	0.370758469874962	59.016460324039	1.563584999268e-14	1.27525247976013e-12	6.08133311949184	1.07006084066704	FBgn0037225	TweedleG	protein_coding	40535
FBgn0263111	244.090095053372	-2.25807437481375	0.286027267538721	58.5865479584127	1.94542053739102e-14	1.56800895313716e-12	0.572955492092203	2.210343712111	FBgn0263111	cacophony	protein_coding	32158
FBgn0036648	186.766198430509	-2.02303574097411	0.260442010178112	58.0309513844591	2.58025908823566e-14	2.05550639691889e-12	4.44473466231031	15.3595490390799	FBgn0036648		protein_coding	39854
FBgn0033697	62.6650510457589	-2.96112684943453	0.389165441885946	57.9456919492272	2.69455014236224e-14	2.12188080750847e-12	0.451677583746683	3.62087060009837	FBgn0033697	Cytochrome P450 6t3	protein_coding	36318
FBgn0038079	120.419908993918	2.09508100062004	0.274145086392346	57.8308873036013	2.85648991698388e-14	2.22384232059734e-12	18.6772903937786	3.55063719349692	FBgn0038079	Ninjurin C	protein_coding	41568
FBgn0033968	1864.90699168214	-1.89737805355397	0.243166362903237	57.1287191991337	4.08201017814085e-14	3.14223053151044e-12	82.6568034271138	266.695246326398	FBgn0033968	hase und igel	protein_coding	36648
FBti0018869	541.805478783618	-2.24152290969358	0.285664974932615	56.9848551366793	4.39181046284529e-14	3.3431437201059e-12	1.48359862803719	6.92700588964258	FBti0018869		transposable_element	NA
FBgn0085390	584.627278319118	1.13235070901525	0.148941961342244	56.9066808878227	4.56990692422614e-14	3.44048707009596e-12	9.09196812218998	3.83853811214577	FBgn0085390	Diacyl glycerol kinase	protein_coding	35738
FBgn0033683	601.278538635841	-2.44652800078016	0.309488560273908	56.8719387132559	4.65135873172084e-14	3.46374550771951e-12	41.8630311117142	195.440990955924	FBgn0033683		protein_coding	36297
FBgn0050054	34.590576600656	4.63464754963069	0.669542500189055	56.6810374231257	5.12554365885838e-14	3.77581716202568e-12	4.36855042430717	0.11519246912329	FBgn0050054		protein_coding	246420
FBgn0032981	74.9822262252155	-2.97580167442561	0.394847965078845	54.9896212332602	1.21167977757169e-13	8.83108314483364e-12	0.720965632776999	5.43989468268405	FBgn0032981		protein_coding	35447
FBgn0038523	2601.98102759146	-2.75212272318967	0.349891278018202	54.4425803642861	1.60056879268908e-13	1.15426282091715e-11	91.0250656459195	642.012191756789	FBgn0038523		protein_coding	42113
FBgn0038412	956.935946081581	-1.92297888630799	0.253501559347833	54.0531400014613	1.95140017061899e-13	1.3926086009282e-11	10.166798964408	37.2088612113479	FBgn0038412	Zinc/iron regulated transporter-related protein 89B	protein_coding	41975
FBti0019621	984.528613620006	-1.66174901085877	0.222801053376175	53.086922371926	3.1910993662492e-13	2.25383729465704e-11	4.64893831149276	15.4405040408069	FBti0019621		transposable_element	NA
FBgn0032066	426.207119864956	-3.34402720449945	0.424262159611393	52.9429988445979	3.43369755394627e-13	2.40043489204958e-11	1.1869014188806	10.4774468806426	FBgn0032066	Lysosomal alpha-mannosidase III	protein_coding	34203
FBgn0037227	28.4577511145058	3.75973295957586	0.561385816518777	52.669837588404	3.94604956263338e-13	2.73074601551528e-11	3.37811175326962	0.171727757522193	FBgn0037227	TweedleV	protein_coding	40537
FBgn0263355	1105.94615444164	1.21641778211057	0.166195367231082	52.2782409335094	4.81682191930861e-13	3.30000469691833e-11	23.5714635771783	8.57246799052744	FBgn0263355		protein_coding	35314
FBgn0030040	4319.68904670114	1.15639397155375	0.158413827853231	51.9808984201078	5.60431809601025e-13	3.80150329463032e-11	430.328833283112	168.050091149059	FBgn0030040		protein_coding	31779
FBgn0024150	616.959726353151	1.72792052157285	0.237100812464938	50.6556400924308	1.10079657405294e-12	7.39368365572227e-11	7.65270114786374	2.25066032013337	FBgn0024150	Adenylyl cyclase 78C	protein_coding	40333
FBgn0262035	656.886591876843	-1.36766215451521	0.190096153975293	50.298214185404	1.3206967296783e-12	8.78455659711265e-11	55.7144439444558	135.839598555933	FBgn0262035		protein_coding	10178831
FBgn0032669	350.499404348059	-1.6683133853324	0.231618451236873	49.9436041577645	1.58228999496851e-12	1.04233353418551e-10	11.4067543766259	35.6466572323265	FBgn0032669		protein_coding	35087
FBgn0050104	939.875998017742	-2.18679634191653	0.298493821904651	49.5047632533252	1.97890667699676e-12	1.29118948991474e-10	10.3405210593463	39.3726558010495	FBgn0050104	Ecto-5'-nucleotidase 2	protein_coding	246458
FBgn0263743	24.812956450721	-6.19068094562266	1.15351334811965	49.3071204024666	2.18866620670811e-12	1.41458039454314e-10	0	4.0402469410183	FBgn0263743		protein_coding	14462617
FBgn0039108	70.9730247768833	2.28996582503425	0.328266057118318	48.3711930136959	3.52711649965879e-12	2.25834347094976e-10	3.67496302161068	0.694005741844218	FBgn0039108		protein_coding	42800
FBgn0260767	138.62157083869	2.13083202787491	0.299246288855276	48.2817665916671	3.69168977289579e-12	2.34183024389898e-10	9.32488746781294	2.00545910931813	FBgn0260767		protein_coding	37598
FBgn0029710	298.878531137961	1.34586076491844	0.192652641078715	47.8870609036987	4.51491426343194e-12	2.83776858887819e-10	16.7250504407123	5.20861698760164	FBgn0029710		protein_coding	31383
FBgn0036742	352.372820722519	1.26496856936401	0.183047008486873	46.9339566053184	7.34195469222954e-12	4.55224534203475e-10	16.3769343235871	6.06946384260596	FBgn0036742		protein_coding	39966
FBgn0037503	102.86975490003	-1.80363686150542	0.262038171672106	46.9250079922257	7.37555441491545e-12	4.55224534203475e-10	2.26184289784329	6.9028606303536	FBgn0037503		protein_coding	40893
FBgn0040582	27.0628345471312	-6.46355094730201	0.945360218679306	45.7496300555211	1.34374727677361e-11	8.21965410105002e-10	0.196303377849858	8.94329023298205	FBgn0040582	Bomanin Bicipital 3	protein_coding	50055
FBgn0052304	39.7516869982283	-3.54934538551728	0.531916369179935	45.676349997757	1.3949687169356e-11	8.4574607785184e-10	0.770442884379859	5.7140088684671	FBgn0052304	obstructor-I	protein_coding	317966
FBgn0062412	3240.30725897141	1.96402568293026	0.282622206099313	45.0426101032626	1.92793429982152e-11	1.1586208673752e-09	399.15028578	71.2962652995533	FBgn0062412	Copper transporter 1B	protein_coding	40989
FBgn0050052	221.430786845941	-1.27208971580873	0.188843943613042	44.892402007612	2.08164032396634e-11	1.24011459647769e-09	12.6222892246099	25.0279619671241	FBgn0050052	Odorant-binding protein 49a	protein_coding	36399
FBgn0250836	1752.47863480121	-1.57011656666646	0.229706009229265	44.6984477988835	2.29839453217773e-11	1.35743973620255e-09	247.227253518803	728.530213856818	FBgn0250836	Acyl-CoA binding protein 3	protein_coding	38783
FBgn0028430	185.337492188814	1.76930405433023	0.261471847060583	44.2991755973216	2.8183488467138e-11	1.65029982468686e-09	42.1937737920685	12.7607861199754	FBgn0028430	Hemese	protein_coding	117464
FBgn0034356	3119.48953202925	1.3644510857274	0.202770899109295	43.7385286176519	3.75309929634785e-11	2.17902400671857e-09	116.246571737115	36.1193287925507	FBgn0034356	Phosphoenolpyruvate carboxykinase 2	protein_coding	37130
FBgn0032087	3314.04573512372	-1.3222441726277	0.197431588897548	43.4165157117529	4.4243807145863e-11	2.52595268963589e-09	227.101688182984	519.689829867722	FBgn0032087		protein_coding	34227
FBgn0034624	115.078367008849	-1.75648604377937	0.264382701296196	43.4328078700315	4.38769675342557e-11	2.52595268963589e-09	3.02147925205472	10.3945760093587	FBgn0034624		protein_coding	37441
FBgn0028515	830.174282091068	-1.43702138981676	0.214406408926855	43.3919034406856	4.48038152931055e-11	2.53678461630633e-09	21.4360397551949	46.5524428963803	FBgn0028515	Endonuclease G inhibitor	protein_coding	34953
FBgn0025454	1612.89417562983	2.2937338619469	0.334004544274249	43.0280229637587	5.39613820805085e-11	3.0302412183079e-09	67.8490745726274	12.1393402462269	FBgn0025454	Cytochrome P450 6g1	protein_coding	36316
FBti0019522	454.254407589271	-3.65296118878668	0.506724411665925	42.9291671319813	5.67581038079014e-11	3.16138023730026e-09	0.375739428935643	7.84748825212406	FBti0019522		transposable_element	NA
FBgn0033733	150.642268355911	-2.70986655750624	0.397908058321211	42.5101873612311	7.03150353346978e-11	3.88490570224206e-09	1.21081616821085	7.54574381626619	FBgn0033733		protein_coding	36356
FBgn0035623	192.327026721947	1.27194834576051	0.194469462789018	42.3719188438424	7.54658202664412e-11	4.13613067716311e-09	8.1940851044126	2.54100568294189	FBgn0035623	methuselah-like 2	protein_coding	38636
FBgn0032140	454.97233355798	1.60251038300674	0.243009127734397	41.7815357250843	1.02062717143017e-10	5.50826061684904e-09	82.1918229235607	21.9500462433781	FBgn0032140		protein_coding	34289
FBgn0033593	528.186039530689	-3.42631058715712	0.485656243037577	41.7806483374533	1.0210904953143e-10	5.50826061684904e-09	18.5286360039961	147.078768125271	FBgn0033593	Listericin	protein_coding	36183
FBgn0034759	120.026222690345	-2.26012609116662	0.344010489948721	40.8897318316216	1.6106517726946e-10	8.62076194900836e-09	3.23321850693211	13.840714758254	FBgn0034759		protein_coding	37597
FBti0019115	281.841647045317	-1.2239465941175	0.190110882422857	40.8691309586864	1.62772004426386e-10	8.6445814133734e-09	1.25897743461229	2.26116653093991	FBti0019115		transposable_element	NA
FBgn0034335	810.435068307254	-1.4968454398327	0.229997168956014	40.7825989619359	1.70141381043285e-10	8.96645078098111e-09	36.4080850310423	95.5503291190211	FBgn0034335	Glutathione S transferase E1	protein_coding	37106
FBgn0033297	2179.54716120494	-2.17555093645032	0.327446061754304	40.5882482941153	1.87933544781226e-10	9.8284940098945e-09	22.3988081547586	94.9913910354322	FBgn0033297	Maltase A8	protein_coding	35830
FBgn0085455	233.51717350788	-1.3615578789542	0.212128270737989	40.4477728494336	2.01942510015217e-10	1.04811222432898e-08	7.80868754149646	18.5709242372895	FBgn0085455		protein_coding	5740622
FBgn0043575	29746.4280068453	2.08591005792948	0.317060889814119	39.9714003639996	2.57708599036767e-10	1.31758329253798e-08	4669.02306296199	968.310379350993	FBgn0043575	Peptidoglycan recognition protein SC2	protein_coding	35862
FBgn0031547	228.444422935064	1.25482233214982	0.197598545801013	39.7549653416305	2.87907724963202e-10	1.46107838794289e-08	13.9907064250097	5.6407627224753	FBgn0031547	Scavenger receptor class C, type IV	protein_coding	33576
FBgn0039645	468.078744234642	1.97433519730389	0.305578060076193	39.1993783395247	3.82662052332318e-10	1.92766008862405e-08	8.2363281777176	2.00347571303133	FBgn0039645		protein_coding	43451
FBgn0037758	2850.57383154023	-1.19943975310968	0.190686556928469	38.5248467462203	5.40610317964145e-10	2.70344619589223e-08	31.9029544307737	65.8533216045186	FBgn0037758		protein_coding	41207
FBti0019151	11153.4673475393	-1.90514881513376	0.297731517170292	38.2902766028117	6.09656669913571e-10	3.02663611998397e-08	41.8745735532309	155.254381648678	FBti0019151		transposable_element	NA
FBgn0037238	92.3691402205566	2.09539381320334	0.335435828654598	37.7476934163234	8.05118601325632e-10	3.96825002710929e-08	2.48864081519878	0.563272583698445	FBgn0037238		protein_coding	40551
FBgn0030593	4484.59026099644	-1.9493170919863	0.306736780789624	37.6766016376172	8.35001598432443e-10	4.08613996490048e-08	43.63871765058	150.217840341944	FBgn0030593		protein_coding	32419
FBgn0038938	482.840688253204	-1.80255415765528	0.286273573054636	37.6114218105684	8.6337440624653e-10	4.19501989871984e-08	4.31495759137204	13.7479129135872	FBgn0038938		protein_coding	42606
FBgn0030777	4166.43121455397	-1.67207563547726	0.267423996867316	37.1168726760784	1.11256860140325e-09	5.36775175226317e-08	150.839641115988	474.233342734708	FBgn0030777		protein_coding	32651
FBgn0034796	464.834825506255	-1.41117129522922	0.228582050596466	36.9774578356779	1.19502886598404e-09	5.68551580615048e-08	14.0691636978195	32.7081709894185	FBgn0034796		protein_coding	37640
FBgn0053499	470.325006649565	-2.25630995077007	0.356034982010706	36.9907051967658	1.18693713195348e-09	5.68551580615048e-08	3.91323716718271	16.3635318960011	FBgn0053499	Sperm-specific dynein intermediate chain 4	protein_coding	2768886
FBgn0034736	343.031487171455	1.52279884828693	0.246410284253204	36.8995753520291	1.24373034562491e-09	5.87641144681123e-08	14.7876337965436	4.44336747754332	FBgn0034736	gasoline	protein_coding	37572
FBgn0029608	308.302416328804	1.4061888690489	0.229335347357389	36.617790635355	1.43714101199972e-09	6.74373498165076e-08	22.034164981896	7.41319878412908	FBgn0029608		protein_coding	31210
FBgn0030575	128.59977625958	-1.41232038843109	0.232602693991146	36.5804801747145	1.46491323508497e-09	6.82729290718851e-08	3.09605478169359	8.1086132727907	FBgn0030575		protein_coding	32399
FBgn0034470	6073.49595000456	1.58609982023442	0.257215916079885	36.2723686430855	1.71579327612267e-09	7.94249982075434e-08	1210.72374369431	403.004033854078	FBgn0034470	Odorant-binding protein 56d	protein_coding	37266
FBgn0034392	324.984496197804	1.51827064405834	0.248263244095406	36.1444518561245	1.83219375659613e-09	8.42440229962423e-08	16.1971698016182	4.84575181431894	FBgn0034392	Major Facilitator Superfamily Transporter 15	protein_coding	37168
FBgn0052404	606.504593480765	-1.9249647642221	0.31214153756131	35.7337393150604	2.26212208794255e-09	1.03318656163296e-07	59.2347924730889	211.385177785581	FBgn0052404	Cuticular protein 65Aw	protein_coding	38706
FBgn0051633	225.845057557893	-1.19346659554207	0.198754489284633	35.6478931767688	2.36403415244183e-09	1.07258264757477e-07	5.8650223323457	10.2969319458884	FBgn0051633		protein_coding	33931
FBgn0040091	226.020219147988	1.17229457644014	0.196715482738367	35.0971301591006	3.13662715750563e-09	1.41375214842573e-07	9.98512763709805	4.3175741768973	FBgn0040091	UDP-glycosyltransferase family 317 member A1	protein_coding	37590
FBgn0031182	221.445333933339	-1.29456801234804	0.217211066566836	34.9227391898532	3.43050947441386e-09	1.53610590909865e-07	3.93323311761918	8.94007161945049	FBgn0031182	Cytochrome P450 6t1	protein_coding	33127
FBgn0262570	289.038438644129	-1.64741425063583	0.273524940243309	34.8696050345644	3.52541707478084e-09	1.55823434705313e-07	3.63299538540757	8.74611327189165	FBgn0262570		protein_coding	12798330
FBti0018951	2075.52046850057	-1.50595705656852	0.249730131427721	34.8818814711562	3.50325808516261e-09	1.55823434705313e-07	10.8139072623346	31.6027758133173	FBti0018951		transposable_element	NA
FBgn0034160	543.52944227759	2.3304046977523	0.380789902377862	34.2747360498833	4.78553969596266e-09	2.10164951647693e-07	60.0913498324284	8.65167055502933	FBgn0034160		protein_coding	36883
FBgn0032436	71.5017077679938	3.1142798415333	0.516470355107926	33.5886206472756	6.80899039371177e-09	2.97123523486111e-07	6.9110064249274	0.790542662824491	FBgn0032436		protein_coding	34663
FBgn0038511	277.759381748883	-1.17097234027393	0.200763903908938	33.5044686197497	7.11004492873132e-09	3.08296948143913e-07	3.03347475499115	6.12729209354892	FBgn0038511	Curly Su	protein_coding	42100
FBgn0028422	329.921867497857	-1.4747809518141	0.251404843036837	33.3384635071677	7.74358208704715e-09	3.33655854580881e-07	3.22512672821965	6.81243458069423	FBgn0028422	Glutamate receptor IID	protein_coding	44483
FBgn0040256	210.158164649771	-1.8529288354544	0.314821241376235	33.0407287572168	9.02483710843916e-09	3.86432243936979e-07	3.40354304587154	10.2175390992471	FBgn0040256	UDP-glycosyltransferase family 35 member C1	protein_coding	53507
FBgn0265140	1676.37199055932	1.36355254157533	0.233562930117191	32.9528468649385	9.44213803832344e-09	4.01789364599714e-07	29.747505761714	9.41915746721721	FBgn0265140	Meltrin	protein_coding	3772109
FBgn0035929	195.139148709757	-1.23444788252751	0.21520644891873	32.4839519316031	1.2018086308569e-08	5.08246353703744e-07	17.6200009352978	32.4179589346223	FBgn0035929		protein_coding	39008
FBgn0039452	56.7244946194004	-2.95345940121289	0.505089469847305	32.1837194167196	1.40261156784735e-08	5.89527107443077e-07	4.13474157289494	31.9504158000026	FBgn0039452		protein_coding	3772449
FBgn0030539	2058.62101479861	-1.19190143502162	0.207493476145542	32.1438813876993	1.43166860718875e-08	5.94446159263644e-07	114.834608942122	234.656777562899	FBgn0030539		protein_coding	32361
FBgn0039671	1012.39604661402	-1.22635362885103	0.213462260559108	32.153455374533	1.42463096472003e-08	5.94446159263644e-07	63.9444966624276	133.959966414041	FBgn0039671		protein_coding	43480
FBgn0053459	425.098625531645	-1.79931813560462	0.309838561555977	31.987264319863	1.55186659114662e-08	6.40472169635273e-07	13.4105354071991	41.6943013624187	FBgn0053459		protein_coding	2768847
FBgn0033367	27357.0816168129	1.71256427150673	0.294683350944235	31.9626410426646	1.57166275924708e-08	6.44758177461183e-07	1045.80442362299	268.866651128937	FBgn0033367	Prophenoloxidase 2	protein_coding	35910
FBgn0063495	72.1558010919699	2.48141883146582	0.428700552555312	31.9201615124318	1.60641112049047e-08	6.5509063014763e-07	12.9615141501446	2.04274368141402	FBgn0063495	Glutathione S transferase E5	protein_coding	37110
FBgn0036606	63.5269985054505	-3.728732507812	0.626376899174376	31.6919545245748	1.80669104504277e-08	7.2383861693497e-07	1.76126835569802	12.8132608039364	FBgn0036606		protein_coding	39802
FBgn0041150	572.25829039823	1.19245602629624	0.211110811874236	31.169491012397	2.36453218279194e-08	9.36382080017777e-07	12.2718946775521	4.6352203235117	FBgn0041150	hoepel1	protein_coding	249663
FBgn0032088	714.87924016866	-1.85693251929929	0.323213545448379	31.0991643362751	2.4517692263381e-08	9.65348906301283e-07	38.3650230851724	153.451232904355	FBgn0032088		protein_coding	34228
FBgn0033296	217.974746990465	-3.2153397811177	0.536382226116999	31.0393351983383	2.52851824805953e-08	9.84254461219082e-07	0.933178953820675	11.3118473394217	FBgn0033296	Maltase A7	protein_coding	35829
FBgn0085483	61.7762047771447	-2.48874663193288	0.437150982314591	31.0451703479946	2.520928172992e-08	9.84254461219082e-07	2.0830851684075	11.9652166915235	FBgn0085483		protein_coding	5740130
FBgn0033598	1560.174553021	1.84361243041347	0.321493895876692	30.9213680008866	2.68697016508096e-08	1.04002444073275e-06	196.814218737326	53.33992080525	FBgn0033598	Cuticular protein 47Eb	protein_coding	36189
FBti0019425	617.472821091417	1.14438848495385	0.204217391761107	30.7776184803478	2.8935604733566e-08	1.11369566308798e-06	8.8383552905981	3.22354001485556	FBti0019425		transposable_element	NA
FBgn0030836	16644.4419685254	-2.26725233894386	0.391921047708512	30.507139948679	3.32640017256975e-08	1.2731378537584e-06	604.343201071439	2474.37642439277	FBgn0030836		protein_coding	32719
FBgn0003117	309.033157136889	1.67455453530231	0.298990230222946	30.1054859018587	4.09172097700126e-08	1.55735446741309e-06	10.7150668261406	2.29872169951381	FBgn0003117	pannier	protein_coding	44849
FBgn0038034	353.80519272265	1.46894461108098	0.264293543147277	29.8556418425527	4.65440501881935e-08	1.76173087204041e-06	13.5755011601954	4.48327397760648	FBgn0038034	Cytochrome P450 9f3	protein_coding	3772405
FBgn0264272	314.628954176144	-1.07532847411468	0.195726606452433	29.7669938120159	4.87216657426263e-08	1.83402270331172e-06	3.0025692506666	6.20891528347572	FBgn0264272	multiple wing hairs	protein_coding	38131
FBgn0250821	80.8324767766727	2.10972328352843	0.382414728399929	29.4363745261614	5.7782860686281e-08	2.15146944870495e-06	7.40782892861226	1.20102352564608	FBgn0250821		protein_coding	40536
FBgn0035089	1292.65469525944	-1.15843968756917	0.211742683826054	29.2166543960292	6.47205048109757e-08	2.39675772140537e-06	135.490605856201	261.511852083701	FBgn0035089	Pherokine 3	protein_coding	37997
FBgn0036767	272.816193391695	1.48225150230132	0.269987201858861	29.1803455320942	6.59447689894177e-08	2.42896565777689e-06	40.1831792622908	12.7420055395352	FBgn0036767		protein_coding	39993
FBgn0259150	206.743618314273	1.50879978594276	0.275691553259889	29.1355247757615	6.74880870434708e-08	2.45936640603627e-06	2.23365971569528	0.625433889422725	FBgn0259150	Otopetrin-like c	protein_coding	7354434
FBgn0028916	842.622936286229	1.12940897132142	0.207208492304222	29.0735422018572	6.96821487670907e-08	2.52588572065259e-06	18.7220261676984	8.49857886212289	FBgn0028916		protein_coding	34835
FBgn0051865	58.6613221684621	3.60462304385829	0.632532881348716	29.0566868332226	7.02910603769172e-08	2.53454765601189e-06	7.456437739446	0.31463910469824	FBgn0051865	transcriptional Adaptor 1-1	protein_coding	318991
FBti0019113	2981.56010561487	-1.61227538616765	0.294056682644491	28.6434758618611	8.70066334068258e-08	3.12085049984379e-06	14.7295795332052	38.786942691296	FBti0019113		transposable_element	NA
FBti0019405	1413.50704762931	-1.8069460423691	0.329473144008239	28.3527063390629	1.01105359406366e-07	3.60767092340113e-06	5.65793342404194	19.3371385493191	FBti0019405		transposable_element	NA
FBgn0032934	190.609440080484	-1.21079005670479	0.226403171347032	28.2092016531412	1.08885690620977e-07	3.86515992976328e-06	2.66820764334923	5.45628494226083	FBgn0032934		protein_coding	35395
FBgn0035309	121.119547695252	1.77925943729492	0.329823562068187	28.0810138940829	1.16341633327826e-07	4.10853881406668e-06	8.08782619013481	1.95718945816305	FBgn0035309		protein_coding	38274
FBgn0027259	119.227543129813	-1.55498779527157	0.291024722660274	27.91125571471	1.27008785218086e-07	4.43947544657707e-06	6.66265704526946	17.8906251928581	FBgn0027259	kinetochore Mis12-Ndc80 network component 1	protein_coding	32102
FBgn0031389	182.189655959234	1.1381989732668	0.214257679286352	27.9158939021498	1.26704700229183e-07	4.43947544657707e-06	12.1063993914521	4.98099194582237	FBgn0031389		protein_coding	33385
FBgn0034229	3906.9115796033	-1.73399296589433	0.319379235524623	27.8758869273033	1.29351784790924e-07	4.47570241213445e-06	80.1816571826953	239.962057016572	FBgn0034229		protein_coding	36973
FBgn0050424	52.5110661157455	1.88938749765046	0.357131601354825	27.8818480491355	1.28953877848103e-07	4.47570241213445e-06	5.90243230188685	1.26520857359896	FBgn0050424	cGAS-like receptor 2	protein_coding	246606
FBgn0004427	43871.1668233691	2.0307804019593	0.37099029708486	27.7764773479077	1.36171730301421e-07	4.6880026346484e-06	14686.4041310728	2422.97151235231	FBgn0004427	Lysozyme D	protein_coding	38127
FBti0060500	10.6602132352846	-6.84844348482401	1.4053199480881	27.6602446105475	1.44604202401005e-07	4.95341695324641e-06	0	7.60746602236251	FBti0060500		transposable_element	NA
FBgn0038056	175.929134831944	1.67515068982669	0.312858168718779	27.6054226205512	1.48761137129272e-07	5.07046045011265e-06	10.0418887376748	3.04254056570103	FBgn0038056		protein_coding	41541
FBgn0033792	272.381807945451	-2.04972032256442	0.380174698377619	27.2015457640269	1.83312055662216e-07	6.18655612483665e-06	2.61853414458373	10.7241803483628	FBgn0033792		protein_coding	36437
FBgn0032387	79.3002373653924	2.60241075252457	0.484746849582552	26.9367283135539	2.1022572902199e-07	7.06008073298851e-06	3.80403980963492	0.310601404749117	FBgn0032387		protein_coding	34607
FBgn0038143	89.0967886790458	1.55301595482876	0.298296700584981	26.8154813991631	2.23836957005015e-07	7.44420870117163e-06	3.00107273888662	0.789098507593033	FBgn0038143		protein_coding	41644
FBgn0004428	276.912454577551	-1.88310744777197	0.354537391304882	26.6800941760136	2.40082153119867e-07	7.94590739625221e-06	14.7112845451977	54.455489375311	FBgn0004428	Lysozyme E	protein_coding	38128
FBgn0085693	11.1351172771323	5.93355948441087	1.36576533074057	26.6267024266782	2.46808975132349e-07	8.12927061842174e-06	2.43494181116035	0	FBgn0085693		protein_coding	5740411
FBgn0015568	1392.86719249763	1.46090432727034	0.277737817818214	26.6046444398332	2.49642907838166e-07	8.18327062966161e-06	52.7759198356489	16.9742257843671	FBgn0015568	alpha-Esterase-1	protein_coding	40909
FBgn0042206	306.01087125736	-2.0310888370997	0.382269770774978	26.4173435191388	2.75059605198592e-07	8.9734921676931e-06	8.05862683915727	34.0468870034025	FBgn0042206	Glutathione S transferase D10	protein_coding	59240
FBgn0039050	277.11127198037	1.57470548622797	0.301154746972963	26.3112988374378	2.90583690102382e-07	9.4350182980636e-06	14.2057699835841	4.32229530280876	FBgn0039050		protein_coding	42729
FBgn0031805	258.366888412073	1.27621524163738	0.246198023247522	26.2633280007819	2.97891848031213e-07	9.58148850169878e-06	8.21075957101365	3.17503301151773	FBgn0031805	Neprilysin-like 4	protein_coding	33889
FBgn0038301	330.819225681744	-1.11207522846884	0.215181136396679	26.2646997459692	2.97680331253512e-07	9.58148850169878e-06	4.73601176702135	9.82984850723125	FBgn0038301		protein_coding	41831
FBgn0051019	82.7801560370779	1.9358829140072	0.371675753778267	26.2221717425462	3.0430850509708e-07	9.74213817018736e-06	3.88187011050194	0.972885131019395	FBgn0051019		protein_coding	318558
FBgn0030544	1307.69812994497	-1.52904985992773	0.293725936905613	25.9670173961745	3.47300430278635e-07	1.10667685945997e-05	90.3169007486852	240.75806819856	FBgn0030544		protein_coding	32366
FBgn0004606	921.96050489436	1.2387776099558	0.240693603211152	25.7863879917358	3.81368624297964e-07	1.20960946530803e-05	14.8482146237965	4.60955253630742	FBgn0004606	Zn finger homeodomain 1	protein_coding	43650
FBgn0031150	320.840685256414	1.24524368412289	0.242906097774429	25.7346392742226	3.91732472587816e-07	1.23675537774153e-05	6.63448087275273	2.19114166393316	FBgn0031150	bves	protein_coding	33083
FBgn0020907	217.19201933374	-1.0258035048306	0.202462132186337	25.4371255557806	4.57037493031769e-07	1.42975518938842e-05	6.96015428269964	11.8513247266479	FBgn0020907	Sarcoplasmic calcium-binding protein 2	protein_coding	42015
FBgn0034468	1366.17917625082	-1.51432349361048	0.29447998181462	25.3573244423624	4.76340268479025e-07	1.48336689970445e-05	119.666585969107	280.514818150171	FBgn0034468	Odorant-binding protein 56a	protein_coding	37264
FBgn0031249	29239.0003383822	1.39018058488279	0.272608034291517	25.0592838253244	5.55944390529176e-07	1.72342761064044e-05	2980.50773848403	933.980468994371	FBgn0031249		protein_coding	33206
FBgn0020644	69206.730227419	-1.15854534417654	0.22999784175968	24.7203352896026	6.62811346116076e-07	2.02105237373223e-05	12674.9105274041	24138.0702767402	FBgn0020644	Lcp65Ab1	protein_coding	48382
FBgn0030477	32.5346850077632	3.14907776588985	0.619974952273875	24.7235733102594	6.6169873302513e-07	2.02105237373223e-05	2.30298180363159	0.285281745539369	FBgn0030477	doublesex-Mab related 11E	protein_coding	32291
FBgn0034126	101.01678038989	-1.2965294604497	0.25986952167816	24.7196910189019	6.63032946979344e-07	2.02105237373223e-05	5.03732191504837	10.6477673845079	FBgn0034126	jetboil	protein_coding	36838
FBgn0085244	50.4660279791838	2.40752897575172	0.475414942587336	24.717600743412	6.63752421675306e-07	2.02105237373223e-05	17.0712382351268	3.0104487002429	FBgn0085244		protein_coding	5740170
FBgn0030594	937.820354551098	1.15168422653076	0.229626527194501	24.5608043103314	7.20014900777622e-07	2.18266463948119e-05	30.8066223927619	12.2986932279585	FBgn0030594	fezzik	protein_coding	32420
FBgn0036601	390.503208026918	-1.74255462121916	0.343113725272867	24.5190635541516	7.35782417519728e-07	2.22063671472584e-05	32.2283288990461	72.753934768411	FBgn0036601		protein_coding	39797
FBgn0030999	3408.43144464686	-1.17888013497284	0.235226979330368	24.4627503608732	7.57604716503371e-07	2.27646925998447e-05	69.7558673302761	163.435858082662	FBgn0030999	Mucin related 18B	protein_coding	32912
FBgn0001228	103.820300044133	-1.27191988323516	0.257552528424132	24.1701606715853	8.81881140342533e-07	2.60421021227875e-05	13.9229006610122	33.0598450952657	FBgn0001228		protein_coding	3771872
FBgn0034011	481.669933534843	-1.40286682497863	0.280608723938982	24.175679655174	8.79357532663169e-07	2.60421021227875e-05	15.0138636688025	36.513555797007	FBgn0034011		protein_coding	36701
FBgn0031418	1393.61060892107	1.33639451596583	0.270923296422758	23.5438792841407	1.22097212092627e-06	3.57473504293414e-05	95.1060050484664	37.5621374927909	FBgn0031418		protein_coding	33421
FBgn0052073	176.586489695715	3.65105891591238	0.688077450756636	23.4726013224014	1.26705406786511e-06	3.69386698678461e-05	81.0461511552744	4.945778035806	FBgn0052073		protein_coding	326191
FBgn0031741	346.854861156062	-2.10535902297795	0.422113342419997	23.1338296470959	1.51108605647739e-06	4.38663159869772e-05	2.86969288011719	10.1313058907923	FBgn0031741		protein_coding	33810
FBgn0032363	2085.05526559806	1.19634284295303	0.246541921078364	22.9286688870883	1.68125542657207e-06	4.86003414660138e-05	25.1855286471575	9.47354694863942	FBgn0032363	Discs large 5	protein_coding	34573
FBgn0036553	1454.84770433268	-1.08176033366252	0.223576866339401	22.910929854582	1.69684251319279e-06	4.87118747199843e-05	38.6788102911606	72.1859142133884	FBgn0036553		protein_coding	39742
FBgn0039482	2059.34705373543	-1.52544797178247	0.311886744219672	22.9081094174392	1.69933412028554e-06	4.87118747199843e-05	83.0187235854142	215.025367203212	FBgn0039482		protein_coding	43260
FBgn0028855	1696.50173943931	-1.76570530272994	0.358759058187763	22.8790471476952	1.72522278035278e-06	4.92479219508203e-05	288.211163128817	736.24383044676	FBgn0028855		protein_coding	34853
FBgn0003358	2867.76110807781	-1.2472313531849	0.257070476418905	22.8566934854184	1.74540427914439e-06	4.96172809809883e-05	129.706367255467	243.315809347942	FBgn0003358	Jonah 99Ci	protein_coding	43545
FBgn0034800	162.587482727384	-1.0545682019108	0.220829242155971	22.6313966969623	1.96251221388626e-06	5.53299225404724e-05	4.50231477063513	7.95127196102353	FBgn0034800		protein_coding	37644
FBgn0010395	602.28671814197	1.03343237028765	0.215915765437321	22.4956951688805	2.10615061473011e-06	5.91362207439179e-05	13.9243052530486	6.05400674296809	FBgn0010395	Integrin betanu subunit	protein_coding	35368
FBgn0265185	2234.22187046113	1.63782847145239	0.338350197616426	22.2918923361868	2.34193318994594e-06	6.52218873346327e-05	190.626441892247	50.1680236111263	FBgn0265185		protein_coding	19836034
FBgn0261989	503.371460015094	-1.66311586256416	0.344567016359504	22.2081378225369	2.44634713984495e-06	6.78539443525416e-05	12.4028300789441	52.6221433581433	FBgn0261989		protein_coding	36511
FBgn0053192	56.6328160646844	-1.82111134414965	0.383211630276638	22.1741881713382	2.48998980341873e-06	6.87859683194423e-05	24.6713471864943	66.467344435962	FBgn0053192	Metallothionein D	protein_coding	326270
FBgn0034139	159.688682511268	-1.6969668420307	0.35376083152438	22.1020590706129	2.58532286080621e-06	7.11327185517403e-05	3.25633763996869	8.02449154383895	FBgn0034139		protein_coding	36852
FBgn0038242	104.424535142067	2.07891665589132	0.430679685519373	22.0203848459949	2.69770050470469e-06	7.39277846309274e-05	20.3740802610188	4.68835560393523	FBgn0038242		protein_coding	41765
FBgn0283437	12974.4860526236	1.31820337940022	0.276606560587136	21.9652007204416	2.77639147145766e-06	7.57811074540097e-05	459.004028527616	144.224758908298	FBgn0283437	Prophenoloxidase 1	protein_coding	37044
FBti0019410	9.34174030383057	5.67484880353838	1.40015566700829	21.9419038377766	2.81029968148339e-06	7.6402234594614e-05	2.39139545242595	0.0356238294711087	FBti0019410		transposable_element	NA
FBgn0026268	53.401597953737	-3.66625258883613	0.740915672712815	21.5219041149402	3.49810158592192e-06	9.43523384454768e-05	0.31812912804502	4.23848494635263	FBgn0026268	Antennal dehydrogenase	protein_coding	32058
FBgn0015033	708.545689225533	-1.30845427105649	0.278051954265235	21.4793864158705	3.57652708054638e-06	9.60893608973461e-05	15.4001530190258	31.5610084341253	FBgn0015033	Cytochrome P450 4d8	protein_coding	38841
FBgn0031910	1312.75607073056	-1.38427072557237	0.293877300658662	21.4236719154023	3.68197165770533e-06	9.73945475943598e-05	36.8512559536536	70.1038682754984	FBgn0031910		protein_coding	34019
FBgn0041182	4675.12386298447	-1.16576523648939	0.24892176550989	21.3694912713319	3.78750458422488e-06	9.98007457943257e-05	39.5763703380605	60.7902001063667	FBgn0041182	Thioester-containing protein 2	protein_coding	34044
FBgn0039798	400.554137888095	-1.54680800553481	0.329373776777049	21.1805673585782	4.17981126163107e-06	0.000109297278448223	11.9963866451507	29.4787923943167	FBgn0039798		protein_coding	43646
FBgn0052603	5425.2583766022	-1.41747273051801	0.303371261107075	21.013581727954	4.56039082583931e-06	0.000118345596772065	164.593737453344	382.303494020605	FBgn0052603		protein_coding	318109
FBgn0037126	180.296284520717	1.33474280060331	0.288282171753427	20.9720248911507	4.66039004799774e-06	0.000120031324130949	29.1699986441404	8.40636295254574	FBgn0037126		protein_coding	40420
FBgn0085465	95.1916876992472	-1.86872847473619	0.400078908858882	20.9267293825397	4.77189404488234e-06	0.000121985992916003	2.82004809464635	9.36257838255962	FBgn0085465		protein_coding	5740743
FBgn0038731	126.678050738209	1.80278875692803	0.386673772826479	20.8651917279808	4.92768367371037e-06	0.000125500226202936	7.17281619711825	1.66604543409525	FBgn0038731	Acyl-CoA synthetase X1 R	protein_coding	42352
FBgn0029766	7039.77830700624	-1.05672406728191	0.230383706805145	20.5894357131564	5.6909289014601e-06	0.000143869202597429	145.006388109101	220.166584227968	FBgn0029766		protein_coding	31461
FBti0018963	379.896395222192	1.24074514115363	0.271172749799114	20.3986427606673	6.28743714218137e-06	0.000157208875405418	5.43507908671536	2.06222115399161	FBti0018963		transposable_element	NA
FBgn0033033	2128.1842180622	-1.19329946612242	0.260859416626777	20.3735151460398	6.37054016789935e-06	0.000158707529782831	27.2756645627656	47.7383863996585	FBgn0033033	scarface	protein_coding	35505
FBgn0011822	174.122792434234	-1.48994114127583	0.327251164018672	20.0987896159306	7.35432037094419e-06	0.000180589422442074	4.28962660629561	13.2297054027046	FBgn0011822	Pepsinogen C-like	protein_coding	30984
FBgn0051414	199.270153522723	-1.51368584846241	0.332753313115982	20.0116765980911	7.69707137956717e-06	0.000187660626410728	2.84578283871356	7.13049456336041	FBgn0051414	Glucocerebrosidase 1b	protein_coding	318721
FBgn0031653	74921.3441919663	-1.26423528461694	0.278397489283847	19.9943022603375	7.76732657076086e-06	0.000188701965731499	3844.87295020182	8047.8208450135	FBgn0031653	Jonah 25Biii	protein_coding	33706
FBgn0030398	478.375424940263	-1.00694380364246	0.223463087787687	19.979345248378	7.82832245093671e-06	0.000189511791912959	28.3327447696651	53.4756867403129	FBgn0030398	Cuticular protein 11B	protein_coding	32203
FBgn0052196	57.2237541864448	-1.37813490696216	0.308687518568458	19.9327780252053	8.0213237052263e-06	0.000193500312339808	2.6799444927266	7.02855111557679	FBgn0052196		protein_coding	317908
FBgn0041087	313.952173031988	1.25334530856326	0.277592186472833	19.9166292851058	8.08936297705011e-06	0.000193777013132064	13.6599601935321	4.14346392659667	FBgn0041087	wunen-2	protein_coding	53558
FBgn0050479	330.87421331382	-1.47778427254727	0.325780948722621	19.8594393274008	8.33501397328756e-06	0.00019896578651914	6.77115591773967	19.8321326931688	FBgn0050479		protein_coding	36631
FBgn0002869	79.7958278335081	-1.45380391069765	0.324057347818729	19.8057685573113	8.57235741776316e-06	0.000203920905101026	26.8924788657711	61.6709809936099	FBgn0002869	Metallothionein B	protein_coding	42424
FBgn0039521	32.7118516952632	-1.83886958571045	0.414647161476986	19.7875588141139	8.65441687652712e-06	0.000204004220593251	1.72933153174756	6.05307488000098	FBgn0039521		protein_coding	43306
FBgn0038132	29.2678848692522	3.68820598455364	0.804407461398848	19.7626067600011	8.7681418045212e-06	0.000205721025694434	3.42746615341746	0.152794918140508	FBgn0038132	apnoia	protein_coding	41631
FBgn0052085	227.839774080583	1.31175035269029	0.292678661577832	19.6272483807215	9.41173400979941e-06	0.000219319012588897	5.93654493308577	1.64382762204022	FBgn0052085		protein_coding	39311
FBgn0027584	53.9485310457089	-2.2788120310034	0.50269326402231	19.5841333288933	9.62653464437725e-06	0.000223564029995351	0.681422169374325	2.74533329524435	FBgn0027584		protein_coding	41330
FBgn0038257	637.637555523575	-1.36981864995131	0.304813822838878	19.5313611651232	9.89615872951033e-06	0.000229049268432011	20.8443630786032	51.0768977889279	FBgn0038257	Senescence marker protein-30	protein_coding	41786
FBgn0033538	360.632489254145	-1.16562641561907	0.261847255211083	19.409166966306	1.05499447493587e-05	0.000243359163225107	4.00945345319591	6.31606662562897	FBgn0033538		protein_coding	36121
FBgn0040296	32.028537646428	1.93723032245668	0.43948505631529	19.3873313495934	1.0671261389543e-05	0.000245331583153555	3.25715439790364	0.887820824044801	FBgn0040296	Ocho	protein_coding	39621
FBgn0265835	9.83698872945608	-6.73719036982237	1.53872794384745	19.351956882388	1.0870778738384e-05	0.000249082625875147	0	7.45111920855401	FBgn0265835		protein_coding	19835525
FBgn0031562	413.332370555717	-1.35139926188164	0.302578705243436	19.3353731837149	1.09655987432426e-05	0.00025041772329985	35.8730553296928	76.2734042993987	FBgn0031562		protein_coding	33593
FBgn0033302	252.265857023777	1.60816988903505	0.359549831930789	19.174458506512	1.19299012785811e-05	0.000268894760342967	12.8867097230027	3.14411266651583	FBgn0033302	Cytochrome P450 6a14	protein_coding	35835
FBgn0039678	1393.49312432306	-1.29901628581402	0.292036257874429	19.1741723489644	1.19316898473598e-05	0.000268894760342967	121.941380470241	276.573520107284	FBgn0039678	Odorant-binding protein 99a	protein_coding	43488
FBgn0024289	1400.05838809168	-1.6541665220617	0.368969564582405	19.110799209146	1.233449810737e-05	0.000276891461240836	34.4524596391903	112.079504796238	FBgn0024289	Sorbitol dehydrogenase 1	protein_coding	40836
FBgn0031426	67.3779123443392	-1.34784141375695	0.307965705405029	19.0488946280865	1.27411554252015e-05	0.000284331126443177	1.4127287645861	2.61046810755032	FBgn0031426		protein_coding	33429
FBgn0031918	38.1292421966532	1.93640679215352	0.440700656616582	19.0399288406383	1.28011585219396e-05	0.000284742652707169	3.53630061114279	0.872223549450081	FBgn0031918		protein_coding	34027
FBgn0004171	120.87039699647	1.8788637023134	0.42181461219381	18.9617837612214	1.33363046128407e-05	0.000293784639558108	10.1458539217931	2.52177316693506	FBgn0004171	Male-specific RNA 98Cb	protein_coding	43367
FBgn0039471	10513.8938335213	1.5570635179857	0.349616320473776	18.9434266753016	1.34652408864049e-05	0.000295674247797308	912.677932864439	315.265984034504	FBgn0039471		protein_coding	43247
FBgn0034480	111.656974223437	-1.96715304055831	0.440651588229519	18.9006326087013	1.37706995621759e-05	0.00030141553578424	2.41752767412656	8.47493997785972	FBgn0034480		protein_coding	37276
FBgn0042119	42.1194589566414	-2.5300643818987	0.567296583458877	18.871729254476	1.39809361833406e-05	0.000305042655388746	3.33768946974548	13.6731152052519	FBgn0042119	Cuticular protein 65Au	protein_coding	59158
FBgn0004431	978.134598135699	4.41220670331498	0.886073055891684	18.8170654791637	1.43874026599225e-05	0.000312914589279774	297.770756147124	10.5374770725654	FBgn0004431	Lysozyme X	protein_coding	38122
FBgn0025578	5809.988386538	-1.37612653426978	0.311868491169019	18.779329295329	1.46749043663202e-05	0.000317153847992618	1078.73651704198	2217.09729895	FBgn0025578	Larval cuticle protein 9	protein_coding	37963
FBgn0052499	1477.10422359948	-1.0590490937639	0.242106073864436	18.7380172066386	1.49962708855725e-05	0.00032308003722345	27.7566043321334	50.6888214528677	FBgn0052499	Chitin deacetylase-like 4	protein_coding	33144
FBgn0030048	50.3319369567102	1.65837772846343	0.381646575040526	18.7096544368443	1.5220987955782e-05	0.000326111745390061	4.64222772813326	1.24035636113767	FBgn0030048		protein_coding	31794
RR48347_transposable_element	240.576532963625	-2.34253352161304	0.519179753993525	18.6284213705076	1.58834868824714e-05	0.000338996163962029	0.552944201202454	3.70662983359071	RR48347_transposable_element		transposable_element	NA
FBgn0031470	74.3793978958137	1.25583785829193	0.290825272965612	18.5589061038864	1.6473374655959e-05	0.000350494067602406	6.67943138007893	2.08546553364338	FBgn0031470		protein_coding	33483
FBgn0025814	2436.84802264255	-1.15484950190917	0.265541355653062	18.441696179122	1.7518251527228e-05	0.000370424509916787	172.113243906918	403.522180870705	FBgn0025814	Microsomal glutathione S-transferase-like	protein_coding	44110
FBgn0030478	4973.0009400405	-1.00251700868176	0.231381032653979	18.4119115007621	1.77942157901256e-05	0.000375102068855847	82.3697097244702	137.741588205084	FBgn0030478		protein_coding	32292
FBgn0035791	28.2675926626403	2.51062729283704	0.57779062845961	18.3992963639395	1.7912411492962e-05	0.000376435371589824	2.22438271638719	0.240692750161193	FBgn0035791		protein_coding	38842
FBgn0000279	36.579766370868	-2.43564142683954	0.560576188956422	18.1007934489825	2.09514107114322e-05	0.000437146995452198	3.87274474009527	19.557881768361	FBgn0000279	Cecropin C	protein_coding	43599
FBgn0040759	239.162051627331	-1.37115899810546	0.317936153799088	18.0816945319932	2.11626247211424e-05	0.000438021576932164	12.2724585891228	33.0919827179687	FBgn0040759		protein_coding	5740215
FBgn0052641	75.9404694111105	1.52077907378814	0.354975470051095	17.9885852098578	2.22233588428435e-05	0.000458591058531087	24.447506673609	8.61072881896029	FBgn0052641		protein_coding	318136
FBgn0031636	437.742856056072	-1.04926035535086	0.245249236856718	17.9718618188663	2.24194609933226e-05	0.000461248430225986	6.70531398195849	12.9175428175303	FBgn0031636		protein_coding	33685
FBgn0032613	103.141119311088	-1.55351697861174	0.364236689004337	17.6758903036231	2.61925565767752e-05	0.000536633074923185	1.29280169908115	3.58674757489318	FBgn0032613	Neprilysin-like 9	protein_coding	35020
FBgn0260000	206.907051060013	-1.14746835009547	0.270556914213661	17.6724286631988	2.62402685884202e-05	0.000536633074923185	8.1127606401082	18.4408402435565	FBgn0260000		protein_coding	35410
FBgn0037164	215.417085107307	1.02680832504465	0.243057662889699	17.6150534041834	2.70439176202797e-05	0.000549785992927408	13.1979306381825	5.49519253099862	FBgn0037164		protein_coding	40469
FBgn0039747	333.625006878006	1.07393511156094	0.254863232788891	17.454470323864	2.942714702452e-05	0.000594706148274297	6.94547985126439	3.48710667688901	FBgn0039747	Adenosine receptor	protein_coding	43583
FBgn0032250	86.8107892697299	-1.0743432645098	0.257759160959781	17.3144659225323	3.16766238000626e-05	0.000638283969571261	2.90686298107136	5.37416945464209	FBgn0032250	hole-in-one	protein_coding	34432
FBgn0265836	17.9673078347282	-3.19930617522206	0.767666619290885	17.305014593331	3.18345651322934e-05	0.000639585354021532	0.547587461347082	7.28633037711127	FBgn0265836		protein_coding	19836231
FBgn0052302	9877.3469061912	1.53130116769978	0.360787200401443	17.2300230810671	3.31161334961746e-05	0.000663095229252582	715.938136577564	296.121128422258	FBgn0052302		protein_coding	38293
FBgn0053966	225.748371148585	-1.46989560425407	0.34820562329576	17.2253141351321	3.3198316104749e-05	0.000663095229252582	5.0064640544886	15.1044090598814	FBgn0053966		protein_coding	3885642
FBgn0022355	10618.8972922821	-1.29912403414447	0.308635868746688	17.1519084273243	3.45062549731542e-05	0.000685519938381559	174.734411983718	370.138569201756	FBgn0022355	Transferrin 1	protein_coding	32821
FBgn0034784	581.682364172489	-1.11329566616495	0.265935559943624	17.1510888345373	3.4521147094094e-05	0.000685519938381559	13.6000161168333	22.2141103677251	FBgn0034784		protein_coding	37625
FBgn0033520	145.029921176561	-2.17483756148931	0.511378809387741	16.8204945040888	4.10871704663154e-05	0.00080655646093045	4.29426646215498	19.3430666169674	FBgn0033520	Peroxiredoxin 2540-1	protein_coding	246663
FBgn0040817	541.637047547247	-1.0537730211416	0.254993938029562	16.7511312477669	4.26168483504833e-05	0.000831817743729803	27.2674985928837	46.6327003372565	FBgn0040817		protein_coding	50290
FBti0063624	688.685243479538	-1.46395521325527	0.351963767295147	16.6512069221524	4.49217167430739e-05	0.000874314435814771	5.02865928356375	15.4995887179285	FBti0063624		transposable_element	NA
FBgn0035199	330.812451768909	-1.13883229507738	0.276897382163886	16.5562810893123	4.72272977437635e-05	0.000916584183689868	9.52853109509259	17.4147828230789	FBgn0035199	triforce	protein_coding	38141
FBgn0037518	245.090418110245	1.36281975551885	0.330219385720992	16.5162665679143	4.82344864016792e-05	0.000933487193044927	15.2021465670042	4.88984418623275	FBgn0037518		protein_coding	40921
FBgn0002933	835.913158011609	-1.4669994133655	0.354326127513718	16.4833115053472	4.9080183631102e-05	0.000941872095396862	69.9327886702835	187.258737671634	FBgn0002933	new glue 1	protein_coding	31300
FBgn0259715	350.72848342063	1.60793184563002	0.387256113746013	16.487878436795	4.89621023954627e-05	0.000941872095396862	18.8520774302988	6.53911461490374	FBgn0259715		protein_coding	33894
FBgn0260477	32.4923201349266	2.5974877162305	0.627106183375465	16.4935480212724	4.88159086265518e-05	0.000941872095396862	4.80546685801775	0.434704152834636	FBgn0260477		protein_coding	37454
FBgn0053002	259.382578546623	-1.75172438036999	0.421137037031118	16.447892650857	5.00057384251875e-05	0.000956953390924469	19.2234805368019	51.7022751207391	FBgn0053002	mitochondrial ribosomal protein L27	protein_coding	318825
FBgn0034894	406.194635509199	-1.0940654636434	0.267418397160642	16.4237986696426	5.06453658010349e-05	0.000966494153489944	8.56548865016534	11.9100214814433	FBgn0034894	salivary glands marred	protein_coding	37751
FBgn0033826	6702.95662190515	-1.49863411409465	0.362714549189352	16.3581381612757	5.24305397203599e-05	0.000995018359069767	232.979193267774	481.215536981015	FBgn0033826		protein_coding	36477
FBgn0038416	368.270511708496	-1.09272425322474	0.268763008644558	16.2068930444571	5.67871097330865e-05	0.00107471958226899	8.59739472265387	15.0505130665611	FBgn0038416		protein_coding	41979
FBgn0031244	99.3966746767105	1.0249398623807	0.254318112464158	16.1711595015632	5.78684937512516e-05	0.00109216818371853	7.34281076644645	2.95751416614079	FBgn0031244		protein_coding	33197
FBgn0033250	201.277184639777	1.02995882332781	0.254729298421294	16.1531942765698	5.8419964316477e-05	0.00109954718552798	4.21778469959604	1.78210160362678	FBgn0033250		protein_coding	35768
FBgn0033600	2047.83587259342	-1.41799144060142	0.347581157648146	16.025005321465	6.25113988612229e-05	0.00116693622233852	108.445284859705	277.875742552904	FBgn0033600	Cuticular protein 47Ec	protein_coding	36191
FBgn0284225	152.673863861067	-1.01245549527365	0.252854842398958	15.8602437795759	6.81963760197252e-05	0.00126960155464983	2.18813167149969	3.53953184452998	FBgn0284225		protein_coding	30522398
FBti0019523	181.43500877438	-1.76721538672215	0.432955291429642	15.8518151717246	6.85007979985178e-05	0.00127181291893725	0.676645836065382	2.1310755507011	FBti0019523		transposable_element	NA
FBgn0035343	631.48048410405	-1.17383159985876	0.292254362092325	15.7491324592549	7.23210970149234e-05	0.00133911306932227	27.8462758411613	47.0438987853044	FBgn0035343		protein_coding	38310
FBgn0032538	18719.3869055692	-1.04966256036856	0.261886418905393	15.7234533096841	7.33095369953161e-05	0.00135375643653615	533.051877655203	933.405618015262	FBgn0032538		protein_coding	34811
FBgn0031034	782.177605208851	1.42383211787297	0.355733918891833	15.4352642282433	8.53800727719507e-05	0.00156820074681135	28.4200081401119	8.82469270635855	FBgn0031034		protein_coding	32952
FBti0020325	705.632937308882	-1.25064299020523	0.314668251900826	15.3550504095296	8.9082482802811e-05	0.00162747757248549	4.85097035388037	9.94111892138165	FBti0020325		transposable_element	NA
FBgn0033521	43.0774620690164	-2.07613865790772	0.520702820240577	15.3270235421939	9.04138488422473e-05	0.00164740765536765	1.19638300561726	5.64172776328217	FBgn0033521		protein_coding	36101
FBgn0031974	114.402429916475	-1.43095878396189	0.363126023117839	15.1204819220514	0.000100863016539682	0.00182807546643747	4.00420363174717	9.17768450330427	FBgn0031974		protein_coding	34092
FBgn0000473	576.109051023774	2.307019713561	0.570171935128481	14.9371304421724	0.000111153665784123	0.00198310876116414	29.2324065123065	3.96690502148709	FBgn0000473	Cytochrome P450 6a2	protein_coding	35587
FBgn0020506	268.822441326323	-1.72295882903025	0.437049992660569	14.7819473239521	0.000120685337662902	0.00213096713486737	4.17887773252428	13.839710017746	FBgn0020506	Amylase related	protein_coding	36863
FBgn0031937	533.040837566112	-1.17104663347898	0.301912739097761	14.6822280067268	0.000127240398670834	0.00222947307236287	7.83108108674375	15.976693324055	FBgn0031937		protein_coding	34049
FBgn0040565	1272.80079229742	-1.11948939399444	0.289430280797628	14.6148932295378	0.000131868268054356	0.00230466710316428	395.621193088276	780.306155764297	FBgn0040565		protein_coding	8673956
FBgn0262146	233.794563804955	-1.86397441020687	0.474120854208642	14.5828326909116	0.00013413095204414	0.00233231256968122	30.9770373859459	178.21904062372	FBgn0262146	Metallothionein E	protein_coding	10178932
FBgn0284223	149.787062189834	-1.29765882041086	0.336840448178471	14.5140140480697	0.000139120749109462	0.00239741737181761	0.839796615206621	2.4072128503103	FBgn0284223		protein_coding	30522396
FBgn0032850	242.674052877273	-1.13863215543093	0.296025755816144	14.497050231671	0.000140379187659274	0.00241037046279119	5.64591363499532	10.195785191425	FBgn0032850	Kua	protein_coding	35300
FBgn0033320	566.224860021677	-1.33248358996608	0.34521478182994	14.4293776131993	0.00014551450779574	0.00249229973227153	13.059680502116	24.0012235904491	FBgn0033320		protein_coding	35854
FBgn0063492	139.216176607522	-1.92073722433936	0.491544765580652	14.421512851905	0.000146123463480883	0.00249648839976939	5.99107010522304	16.6393668874807	FBgn0063492	Glutathione S transferase E8	protein_coding	37113
FBgn0035931	237.585164804194	-1.24875334831955	0.326935979195776	14.2259040223157	0.000162123346127034	0.00274248652917608	7.8392480573371	18.6843822584055	FBgn0035931		protein_coding	39010
FBgn0039356	72.3261502328026	-1.09825224727382	0.290733241377738	14.1898184268126	0.000165262326008108	0.00278869998887082	4.59235823979003	9.20597309427483	FBgn0039356		protein_coding	43100
FBgn0033294	1115.75296011691	-1.29189101511528	0.337893892371751	14.168854890405	0.000167113917259501	0.00281073557528207	18.6378212103687	41.7922504417426	FBgn0033294	Maltase A4	protein_coding	35827
FBgn0063493	654.650135883316	-1.02722021127928	0.271396365935086	14.0555480224266	0.000177489452050036	0.00295858938198248	40.8914202284939	77.8523541938691	FBgn0063493	Glutathione S transferase E7	protein_coding	37112
FBgn0039321	941.102075297225	-1.04060861209009	0.275148594344005	14.0188005799646	0.000180991892340362	0.00300964916122286	26.5219635173377	43.9733104913729	FBgn0039321		protein_coding	43061
FBgn0034293	68.2990665473179	-1.24094360418482	0.331087122756458	13.9484934478316	0.000187888170309763	0.00311675993896413	2.728319218376	6.29582315548684	FBgn0034293		protein_coding	37056
FBgn0034162	2221.20414135959	-1.43981414232166	0.378314017486171	13.9283514718877	0.000189912202772452	0.00314272584829484	136.438863233464	293.348725741494	FBgn0034162		protein_coding	36891
FBgn0261932	33.1302613820165	-3.8504978344525	0.967080227964856	13.8425988526632	0.000198778107113392	0.00327362695152367	0.589524058099153	6.51960313474024	FBgn0261932		protein_coding	10178954
FBgn0034901	5829.72078351312	1.58620589475815	0.41763960234607	13.7562150192856	0.000208131051809103	0.00341125798072767	1378.19419749435	290.704413824322	FBgn0034901		protein_coding	37760
FBgn0004782	98.4569120435955	-1.71057673580224	0.455807017534361	13.5178481825945	0.000236305215727772	0.00380029819941542	2.92579723705525	13.3209825336415	FBgn0004782	Ccp84Ab	protein_coding	40824
FBgn0051741	304.023456831223	-1.23543248406939	0.332161786432334	13.4793221307969	0.000241206927168953	0.00387004369563114	4.94263417593861	9.84682686354385	FBgn0051741		protein_coding	35079
FBgn0002570	1234.39218223392	1.47053825055843	0.393023766792826	13.442554487204	0.000245980457728551	0.0039374114857437	55.7149430258286	18.243229738147	FBgn0002570	Maltase A1	protein_coding	35824
FBgn0037817	243.532049784014	1.18261683227389	0.320332906908411	13.3115268954524	0.000263779469915614	0.00416394734652505	12.1237809727503	4.86931119425976	FBgn0037817	Cytochrome P450 12e1	protein_coding	41272
FBgn0000640	89179.4040678868	-1.01978320799148	0.276752774767912	13.3044289413982	0.000264779923149129	0.00417013161722915	4805.39417696748	8678.59661466717	FBgn0000640	Fat body protein 2	protein_coding	34259
FBgn0260764	37.2397519893805	-2.23870491905425	0.600261769587094	13.2514868598536	0.000272363748388993	0.00426994059545308	2.20949616693712	10.3570554265371	FBgn0260764		protein_coding	37008
FBgn0004047	779.543537165853	1.9303915232907	0.514286000111928	13.1684177138576	0.000284707039572604	0.00445326010984455	49.6490080729884	8.96252609068263	FBgn0004047	Yolk protein 3	protein_coding	32339
FBgn0039915	123.243154969792	-1.25531835396718	0.342359213761135	13.1623204517876	0.000285634947815503	0.00445759687353989	1.32189068856055	2.99139006088582	FBgn0039915	GABA transporter	protein_coding	43805
FBgn0053548	160.612449485969	-1.08863238717276	0.297812532202524	13.131421781533	0.000290384327757404	0.00452141597605904	3.56277166244516	7.85896240035478	FBgn0053548	SET and MYND domain containing, arthropod-specific, member 8	protein_coding	31200
FBgn0033789	557.850226493718	-1.29741850272747	0.353553422953717	13.067321169142	0.000300492587482459	0.00465763510597811	63.9370436758941	141.054623830561	FBgn0033789		protein_coding	36434
FBgn0039323	64.2406016213096	1.17898063032904	0.325223100471416	13.0282807302451	0.000306822098973753	0.00474404908653248	3.6145598777394	1.48298932266342	FBgn0039323		protein_coding	43063
FBgn0052195	115.648597911182	-1.08667117295725	0.299323017805462	13.024436333672	0.000307452604644639	0.00474404908653248	2.740710641683	5.40567185542971	FBgn0052195		protein_coding	317907
FBgn0038658	682.718265743622	-1.24209755304582	0.340326892331352	12.9503335733807	0.000319864493944645	0.00490244216558112	43.2394359070222	122.976122911852	FBgn0038658		protein_coding	42264
FBgn0000079	2855.97015964044	-1.79350936615297	0.484333615168519	12.9167462618279	0.000325655447475476	0.00496139584777462	48.8694273111842	153.825950689793	FBgn0000079	Amylase proximal	protein_coding	47764
FBgn0063499	252.919217669474	-1.1170545948691	0.307712047000712	12.9154356932383	0.00032588353984799	0.00496139584777462	12.8317570794146	24.3997427420583	FBgn0063499	Glutathione S transferase E10	protein_coding	37105
FBgn0003378	11275.4635792349	-1.4194942913905	0.388375770923891	12.8535918651594	0.00033683207697316	0.00508079863451176	2901.26867331748	6201.60583389458	FBgn0003378	Salivary gland secretion 8	protein_coding	39285
FBgn0261534	1495.20746758465	-1.0929350638139	0.301419411644408	12.8528719277935	0.000336961691825108	0.00508079863451176	117.565026944236	225.14271276312	FBgn0261534	lethal (2) 34Fc	protein_coding	34838
FBgn0010038	218.918652426624	1.1482255134547	0.319618286281882	12.6527651139044	0.000375010615688255	0.00558521245234834	33.3744802234917	14.6322225375108	FBgn0010038	Glutathione S transferase D2	protein_coding	48335
FBti0019147	21.0163590834157	4.52499832695224	1.20975039236523	12.6289514820164	0.00037981815602938	0.00564454270489649	2.16810078333633	0	FBti0019147		transposable_element	NA
FBgn0033387	95.7314792521393	-1.18567061268959	0.332208920334257	12.5333216438451	0.000399758524856522	0.00591521739479921	1.20875589956914	2.29591502843067	FBgn0033387		protein_coding	35935
RR48532_transposable_element	1447.22328826649	-1.165910523814	0.326273998221409	12.4449651006914	0.000419120117703551	0.00616178524975757	7.31978667016056	20.2494773834684	RR48532_transposable_element		transposable_element	NA
FBgn0015316	40.5697708848544	-1.29735954852558	0.368244012242927	12.4049825160492	0.00042818981818934	0.0062415498817344	1.65279202205611	3.54318052645244	FBgn0015316	Trypsin 29F	protein_coding	34226
FBgn0033731	603.340521513008	-1.53099133883975	0.426603277509676	12.3413589315536	0.00044303239971855	0.00640340711069997	20.8562328825025	49.3795959396714	FBgn0033731	Cuticular protein 49Ah	protein_coding	36354
FBgn0062565	23.8965729709108	-2.86537556545711	0.790619210471171	12.3286857981981	0.000446050327793043	0.00640647965557681	0.342797517828752	2.04580642555183	FBgn0062565	Odorant receptor 19b	protein_coding	260693
FBgn0052823	183.208350298967	1.09001715099589	0.310401170324526	12.1295472629881	0.000496291670657654	0.00708352965765747	5.60256483976418	3.40719357901793	FBgn0052823	Sperm-specific dynein intermediate chain 3	protein_coding	318231
FBgn0011834	296.869624431328	1.45845777857286	0.411631279273932	12.1018318879013	0.000503723099329581	0.00715976546370738	22.8136770170236	10.7153109408959	FBgn0011834	Serine protease 6	protein_coding	33073
FBgn0032304	2757.58935803017	1.56067559208427	0.439286869164943	12.0553526351962	0.000516438781092302	0.00732530453263636	198.161726304353	58.9443003805565	FBgn0032304		protein_coding	34494
FBgn0031860	289.321647558278	-1.31587823331864	0.373865590344235	12.0227461010024	0.000525552129247063	0.00743916867246205	7.42656143928482	17.4029171425584	FBgn0031860	D-amino acid oxidase 2	protein_coding	33955
FBgn0264087	150.282570052909	1.16459162386433	0.334471463112609	11.9056643967219	0.000559635041168079	0.00785667964557891	2.95294983347008	1.33545512911238	FBgn0264087	Slowpoke binding protein	protein_coding	34038
FBgn0026570	176.692102330405	1.1419027791226	0.328927027869287	11.8295960594653	0.000582966396673512	0.00812464134197303	11.5353124659001	5.49276766843858	FBgn0026570		protein_coding	48613
FBgn0040056	108.814052899389	-1.19544750999636	0.345344727713697	11.7835420705866	0.00059756673739721	0.00827056508668341	1.59780827710078	3.75550832488401	FBgn0040056		protein_coding	4379919
FBgn0040736	49.8283369227892	-2.24383959287421	0.633927664467303	11.7742349265613	0.00060056190874782	0.00829526136457926	9.41695513344245	56.4222176897237	FBgn0040736	Bomanin Short 3	protein_coding	50209
FBgn0031695	195.887867648994	1.11110212482085	0.320685961041908	11.7640613114595	0.000603853268620204	0.00832394113343464	9.33240093986815	4.26816831553391	FBgn0031695	Cytochrome P450 4ac3	protein_coding	33756
FBgn0085334	612.366104703968	-1.4157522316986	0.406377785548275	11.7003992809886	0.000624866879353376	0.00859631122580318	256.826136084119	495.508127423704	FBgn0085334		protein_coding	5740825
FBgn0000120	56.6289056211714	-1.11953108852145	0.328521846917748	11.553855429055	0.000676089151742084	0.00913587135815586	1.44396477892339	2.99556789677086	FBgn0000120	Arrestin 1	protein_coding	35078
FBgn0043470	299.13523603657	2.02031488842519	0.575402411217217	11.4950141641451	0.000697831265505776	0.00940218415505224	31.0644526569288	7.93314622862432	FBgn0043470	lambdaTry	protein_coding	36214
FBgn0262036	26.043342643382	-1.54439959555328	0.456952263208983	11.4513826416745	0.000714408234035298	0.00957810334907206	1.23385100846107	2.77659861725959	FBgn0262036		protein_coding	10178913
FBgn0039591	126.602897028387	-1.10886413629108	0.3257506990197	11.4178364357421	0.000727423558233911	0.00973355233879008	1.7950778356976	3.06558062161506	FBgn0039591		protein_coding	43388
FBgn0053127	1227.48054610778	1.15512673914899	0.338804855242064	11.335884272698	0.00076023625042319	0.0100556183224014	107.62703560091	52.9116556716026	FBgn0053127		protein_coding	318893
FBgn0261990	364.503456231604	-1.14100071552311	0.335273825554088	11.3212590026496	0.000766247426759723	0.0100953098475594	29.0891803597894	54.4485024336066	FBgn0261990		protein_coding	10178961
FBgn0287183	82.0039123186612	-1.09288166154176	0.323495576830243	11.3038312258489	0.000773473220864978	0.0101514655864865	0.905288610706484	2.00070023279512	FBgn0287183	lethal (3) 80Fg	protein_coding	3354941
FBgn0262605	40.3601625591274	-1.21367763981354	0.362034596835184	11.2172565693651	0.000810402076617249	0.010595543181116	5.56120763417546	11.5616214804251	FBgn0262605		protein_coding	12798230
FBgn0031546	167.016839408562	-1.16016695027504	0.343726123216313	11.1845866647234	0.000824796279988839	0.0107225725365495	2.18112316692861	4.61802293053197	FBgn0031546		protein_coding	33575
FBgn0040907	69.7694155757096	-1.20017799604079	0.35652614674811	11.1830227199366	0.000825491791586916	0.0107225725365495	20.2218757796794	47.5347869826505	FBgn0040907	mitochondrial ribosomal protein L33	protein_coding	50381
FBgn0033999	207.671237562197	-1.50956178929797	0.4434520409987	11.1626529088278	0.000834604902868216	0.0108088434585069	5.34499769829078	11.9220386906758	FBgn0033999		protein_coding	36686
FBgn0033904	60.2304631929653	-1.4198532088486	0.421500399939045	11.1256981838016	0.000851398221649621	0.0109848007844097	2.37300715827328	5.12884125034988	FBgn0033904		protein_coding	36567
FBgn0038858	431.397090972248	-1.28492389579621	0.379706897628815	11.1147364684869	0.000856444928641418	0.011008450668147	24.690759382736	42.5913761673093	FBgn0038858		protein_coding	42505
FBgn0023535	554.936877714946	-1.24673115333243	0.37030908974492	11.0164869643708	0.00090305054933375	0.011496864388352	14.7333630414265	26.9857031896046	FBgn0023535	arginase	protein_coding	46717
FBgn0050360	3389.83037972498	-1.00068523979052	0.298624695943599	11.0134901346339	0.000904511736289849	0.011496864388352	70.1701544605697	114.117507787621	FBgn0050360	Maltase A6	protein_coding	246565
FBgn0034884	86.7000070514474	1.13313005781256	0.339675799220962	11.0043119716566	0.000909001689518472	0.0115325381016501	8.59958654949952	3.1593745719376	FBgn0034884	Entomoglyceroporin 3	protein_coding	37738
FBgn0063923	263.755545933638	-1.151947448635	0.34535431926912	10.8779089048919	0.000973180599101785	0.0122335051090758	22.3920860597347	43.9538652062544	FBgn0063923	Kaz1-ORFB	protein_coding	3772691
FBgn0041581	87.8302992478659	-2.41734980735426	0.701781915687641	10.8651701422908	0.000979897483298354	0.012269983202056	2.87521264310089	14.5283369093149	FBgn0041581	Attacin-B	protein_coding	36637
FBgn0033475	81.5498280221354	1.15406289183929	0.350209491656909	10.7148541849565	0.0010627883357516	0.0131428933000618	5.4673088738028	2.4291847758709	FBgn0033475		protein_coding	36044
FBti0019568	770.611599998333	1.96359382540897	0.58064590726265	10.6631691963267	0.00109289973803471	0.0134183801169817	7.66656451702296	2.11892055099573	FBti0019568		transposable_element	NA
FBgn0039609	78.0804372850691	-1.47606055851457	0.449732118505527	10.4678621648625	0.00121469204722204	0.0146511535484475	0.84193407877914	3.21433463575611	FBgn0039609	Neprilysin-like 17	protein_coding	43408
FBgn0003067	14578.3984386048	-1.00039765233422	0.307542660313402	10.3762413540542	0.00127647293005175	0.0152353938045027	204.18242327465	391.458427207032	FBgn0003067	Phosphoenolpyruvate carboxykinase 1	protein_coding	37131
FBgn0266488	14578.3984386048	-1.00039765233422	0.307542660313402	10.3762413540542	0.00127647293005175	0.0152353938045027	204.18242327465	391.458427207032	FBgn0266488		protein_coding	19834964
FBgn0039316	38.1405536203021	-1.37882849620308	0.427903991851052	10.3170701813551	0.00131805363363967	0.0156228121869643	0.809662283575721	2.28535718268786	FBgn0039316		protein_coding	43056
FBgn0033215	115.970279046652	-1.00247894133456	0.310492141092135	10.2953360157805	0.00133366866041529	0.0157805941148621	3.79659156381747	6.73174199898483	FBgn0033215	Diacylglycerol O-acyltransferase 2	protein_coding	35719
FBgn0051875	33.5782173837071	1.25209194476604	0.390418708316649	10.2896501683444	0.00133778450225327	0.0158020028016158	3.19940596493834	1.22785186421345	FBgn0051875		protein_coding	318996
FBgn0037801	1601.38876453753	-1.05973418779375	0.327657591670728	10.2394165928801	0.00137471059981007	0.0162102277440599	13.5770523585298	32.0664828413675	FBgn0037801		protein_coding	41253
FBgn0034407	99.7336827951847	-2.51756912087652	0.752325492527339	10.1472234443319	0.0014451874798877	0.0168958693254448	10.0440537307457	32.5533154670226	FBgn0034407	Diptericin B	protein_coding	37184
FBgn0038074	4434.53736562116	-1.41528507643546	0.435985842535554	10.1423856181123	0.00144898519431013	0.0169114098232005	157.56794249969	436.449872946929	FBgn0038074	Glycine N-methyltransferase	protein_coding	41561
FBgn0031498	61.1996589058256	1.28210597844277	0.400387407240358	10.0871577205274	0.00149306226309945	0.0173666715865778	3.11075431295275	1.49936193192625	FBgn0031498		protein_coding	33519
FBgn0038865	140.757814470075	-1.02215329180805	0.31996347327357	10.0530638475213	0.00152094779715838	0.0175421100308621	2.7460941286835	5.22306248557083	FBgn0038865	Common Dpr-interacting protein	protein_coding	42512
FBgn0000276	16.119514598254	-2.1853969674585	0.690606184137547	9.88777281069095	0.00166380625579961	0.0190296104482189	1.54340331148648	12.5999935407512	FBgn0000276	Cecropin A1	protein_coding	43596
FBgn0050025	273.151714874062	1.47646951018351	0.460769352354262	9.87830079998949	0.00167239309569662	0.0190641682173337	33.3653895415214	10.600178353254	FBgn0050025		protein_coding	246398
FBgn0032084	86.2613086670668	-1.1441438541029	0.365653800147367	9.6537057151939	0.00188969988607731	0.0211196311900745	2.10744925934958	5.41401333156869	FBgn0032084		protein_coding	34221
FBgn0038719	1783.09025055926	-1.1370819662147	0.361848899578408	9.6340243541393	0.00191005638658442	0.0212777175682762	23.8662208572911	58.4617625286248	FBgn0038719		protein_coding	42338
FBgn0020641	39.0116888377989	-2.25922146305769	0.710260191655128	9.50458258612861	0.00204959378208121	0.0225028317324333	2.54386837166289	9.74526433256007	FBgn0020641	Lcp65Ad	protein_coding	38707
FBgn0033096	32.5231801117065	-1.60343350897834	0.516957208278563	9.4497383960418	0.00211179218828349	0.0231116426228917	0.628513802140312	2.4710738576395	FBgn0033096	Zinc/iron regulated transporter-related protein 42C.1	protein_coding	35579
FBgn0015010	1503.94190341244	1.28804216501412	0.413662849589989	9.39608433991599	0.00217449356750525	0.0236092796053541	143.888515417275	40.2459029104544	FBgn0015010	Antigen 5-related	protein_coding	44631
FBgn0050049	104.897954715552	-1.31839427799864	0.425690652077215	9.35570071970247	0.00222292965035557	0.0240589115870237	0.912428306619371	3.04069636017594	FBgn0050049		protein_coding	246416
FBgn0035538	138.818891022148	-1.03172551863968	0.335885944474284	9.2862018146961	0.00230886391246805	0.0247931452418787	1.47997491183383	3.13123022621215	FBgn0035538	Dopamine/Ecdysteroid receptor	protein_coding	38539
FBgn0085257	45.7103360442373	-1.13061135064843	0.372885281681629	9.14275612846809	0.00249704676880264	0.0263594259061124	7.57277663530516	19.4978269123806	FBgn0085257		protein_coding	5740377
FBgn0052750	310.972222838741	1.01543484642152	0.336068434573685	8.96329314298787	0.00275457923748507	0.0286802771367936	13.8649558954342	5.40393593493318	FBgn0052750		protein_coding	326238
FBgn0085345	234.483473100815	-1.16384737177811	0.385270551126729	8.91674692017935	0.00282567389096869	0.0292427368988316	8.45869530844117	23.4422596697743	FBgn0085345		protein_coding	5740757
FBgn0038484	1688.78731380754	1.05645933697717	0.353219831550423	8.75687182599188	0.00308437637412807	0.0312723837421112	138.42029798174	55.9476178501579	FBgn0038484		protein_coding	42072
FBgn0004240	37.8722439969477	-2.25840061213873	0.742182472685951	8.68363863991681	0.0032107931808145	0.0324441653123306	3.14180852383273	8.829839967064	FBgn0004240	Diptericin A	protein_coding	37183
FBgn0260226	25753.8774074402	-1.09379656572922	0.371298885175111	8.47817369453951	0.00359432763081048	0.0353803715498313	7862.26710795674	13425.1834906906	FBgn0260226		protein_coding	50032
FBgn0033129	157.380762471965	-1.02124329509746	0.352241531322486	8.26765813948465	0.00403575294090914	0.0384680754796183	6.65500744928646	11.9416449938262	FBgn0033129	Tetraspanin 42Eh	protein_coding	35617
FBgn0004783	44.3981765415144	-1.69609417110579	0.581491031872771	8.21182686030522	0.00416182290282646	0.0395459760156228	1.55583066387972	6.31366528078809	FBgn0004783	Ccp84Aa	protein_coding	40825
FBgn0085736	67.5261553291498	-1.96183969223928	0.667042683723511	8.16862787422368	0.00426211373758539	0.0402210343416756	6.37551369098969	18.0774968526454	FBgn0085736		protein_coding	8673970
FBgn0033153	964.478412486098	-1.22439157003874	0.424333374835681	8.09270394166504	0.00444438059636843	0.0413701786219023	19.0855198442341	46.021793840498	FBgn0033153	Growth arrest and DNA damage-inducible 45	protein_coding	35646
FBgn0036321	2211.59927506141	1.16857380042953	0.405926151584116	8.07421552969512	0.00448995406212452	0.041644510387924	39.3831360431744	15.9662009363363	FBgn0036321		protein_coding	39463
FBgn0262004	62.064866993094	-1.52663065488884	0.532821543296162	7.94362677382694	0.00482570228930936	0.0441400352257122	4.62814052025927	11.7161643111047	FBgn0262004		protein_coding	10178916
FBgn0259230	363.298450403094	-1.11494488701544	0.391944543191311	7.91254267363631	0.00490932190808062	0.0447257505216228	18.7054520106866	30.2844132477293	FBgn0259230	lectin-22C	protein_coding	7354375
FBgn0038482	261.529845080553	1.21638262969644	0.427081269917785	7.9074196337906	0.00492324448564595	0.0447336179988865	20.1932943249703	10.9565189936442	FBgn0038482		protein_coding	42070
FBgn0035977	164.407219880567	-1.1696214611387	0.413217418148802	7.83090956191923	0.00513602481416394	0.0459359086185863	5.16630262420771	8.84358027665974	FBgn0035977	Peptidoglycan recognition protein LF	protein_coding	39064
FBgn0036620	32.2410670733839	-1.86786560323436	0.656210223374822	7.7973418568079	0.00523231506868692	0.0466752480931954	0.706316909026606	2.55845677906501	FBgn0036620		protein_coding	39817
FBgn0035636	57.047481605155	-1.14523032736692	0.408064484822468	7.76239724112413	0.00533451113690916	0.0474017325537803	1.40081350539375	2.57772200918641	FBgn0035636	Cellular retinaldehyde binding protein	protein_coding	38651
FBgn0033659	121.780238631092	-1.01189939818902	0.36117357036333	7.74673077977231	0.00538098636793611	0.0477092918139141	5.40431437644461	8.65119653748096	FBgn0033659	Death associated molecule related to Mch2 caspase	protein_coding	36266
FBgn0052071	144.74223227577	2.07290171092061	0.719286460044117	7.72515561661366	0.00544566659748506	0.0480744720664463	40.0765652442642	13.287957030456	FBgn0052071		protein_coding	39246
FBgn0052405	386.875263153014	-1.63934435058957	0.576800024158339	7.69218784655099	0.00554603557623347	0.0486503069561786	17.8997644493159	66.4446768372241	FBgn0052405	Cuticular protein 65Av	protein_coding	318014
