Run,Assay Type,AvgSpotLen,Bases,BioProject,BioSample,Bytes,cell_line,cell_type,Center Name,Consent,DATASTORE filetype,DATASTORE provider,DATASTORE region,Experiment,Instrument,Library Name,LibraryLayout,LibrarySelection,LibrarySource,Organism,Platform,ReleaseDate,create_date,version,Sample Name,source_name,SRA Study,tissue,treatment
SRR24197676,RNA-Seq,276,10759270304,PRJNA956567,SAMN34226756,3478245489,A-673 (RRID:CVCL_0080),ewing sarcoma,"UMR1307 - CHILD, NANTES UNIVERSITY",public,"fastq,run.zq,sra","gs,ncbi,s3","gs.us-east1,ncbi.public,s3.us-east-1",SRX19994464,NextSeq 500,GSM7180315,PAIRED,cDNA,TRANSCRIPTOMIC,Homo sapiens,ILLUMINA,2024-11-04T00:00:00Z,2023-04-17T22:33:00Z,1,GSM7180315,cell line,SRP433058,cell line,doxycyxline added
SRR24197677,RNA-Seq,278,8939073458,PRJNA956567,SAMN34226757,2853638452,A-673 (RRID:CVCL_0080),ewing sarcoma,"UMR1307 - CHILD, NANTES UNIVERSITY",public,"fastq,run.zq,sra","gs,ncbi,s3","gs.us-east1,ncbi.public,s3.us-east-1",SRX19994463,NextSeq 500,GSM7180314,PAIRED,cDNA,TRANSCRIPTOMIC,Homo sapiens,ILLUMINA,2024-11-04T00:00:00Z,2023-04-17T22:28:00Z,1,GSM7180314,cell line,SRP433058,cell line,doxycyxline added
SRR24197678,RNA-Seq,268,10130964730,PRJNA956567,SAMN34226758,3242641919,A-673 (RRID:CVCL_0080),ewing sarcoma,"UMR1307 - CHILD, NANTES UNIVERSITY",public,"fastq,run.zq,sra","gs,ncbi,s3","gs.us-east1,ncbi.public,s3.us-east-1",SRX19994462,NextSeq 500,GSM7180313,PAIRED,cDNA,TRANSCRIPTOMIC,Homo sapiens,ILLUMINA,2024-11-04T00:00:00Z,2023-04-17T22:32:00Z,1,GSM7180313,cell line,SRP433058,cell line,doxycyxline added
SRR24197679,RNA-Seq,278,10080652631,PRJNA956567,SAMN34226759,3232755233,A-673 (RRID:CVCL_0080),ewing sarcoma,"UMR1307 - CHILD, NANTES UNIVERSITY",public,"fastq,run.zq,sra","gs,ncbi,s3","gs.us-east1,ncbi.public,s3.us-east-1",SRX19994461,NextSeq 500,GSM7180312,PAIRED,cDNA,TRANSCRIPTOMIC,Homo sapiens,ILLUMINA,2024-11-04T00:00:00Z,2023-04-17T22:32:00Z,1,GSM7180312,cell line,SRP433058,cell line,doxycyxline not added
SRR24197680,RNA-Seq,270,7926605486,PRJNA956567,SAMN34226760,2664832514,A-673 (RRID:CVCL_0080),ewing sarcoma,"UMR1307 - CHILD, NANTES UNIVERSITY",public,"fastq,run.zq,sra","gs,ncbi,s3","gs.us-east1,ncbi.public,s3.us-east-1",SRX19994460,NextSeq 500,GSM7180311,PAIRED,cDNA,TRANSCRIPTOMIC,Homo sapiens,ILLUMINA,2024-11-04T00:00:00Z,2023-04-17T22:30:00Z,1,GSM7180311,cell line,SRP433058,cell line,doxycyxline not added
SRR24197681,RNA-Seq,270,8317094432,PRJNA956567,SAMN34226761,2795340928,A-673 (RRID:CVCL_0080),ewing sarcoma,"UMR1307 - CHILD, NANTES UNIVERSITY",public,"fastq,run.zq,sra","gs,ncbi,s3","gs.us-east1,ncbi.public,s3.us-east-1",SRX19994459,NextSeq 500,GSM7180310,PAIRED,cDNA,TRANSCRIPTOMIC,Homo sapiens,ILLUMINA,2024-11-04T00:00:00Z,2023-04-17T22:32:00Z,1,GSM7180310,cell line,SRP433058,cell line,doxycyxline not added
SRR24197682,RNA-Seq,84,2667455616,PRJNA956567,SAMN34226762,954763342,U2OS (RRID:CVCL_0042),osteosarcoma,"UMR1307 - CHILD, NANTES UNIVERSITY",public,"fastq,run.zq,sra","gs,ncbi,s3","gs.us-east1,ncbi.public,s3.us-east-1",SRX19994458,NextSeq 500,GSM7180309,PAIRED,cDNA,TRANSCRIPTOMIC,Homo sapiens,ILLUMINA,2024-11-04T00:00:00Z,2023-04-17T22:26:00Z,1,GSM7180309,cell line,SRP433058,cell line,
SRR24197683,RNA-Seq,84,2650068624,PRJNA956567,SAMN34226763,946730765,U2OS (RRID:CVCL_0042),osteosarcoma,"UMR1307 - CHILD, NANTES UNIVERSITY",public,"fastq,run.zq,sra","gs,ncbi,s3","gs.us-east1,ncbi.public,s3.us-east-1",SRX19994457,NextSeq 500,GSM7180308,PAIRED,cDNA,TRANSCRIPTOMIC,Homo sapiens,ILLUMINA,2024-11-04T00:00:00Z,2023-04-17T22:26:00Z,1,GSM7180308,cell line,SRP433058,cell line,
SRR24197684,RNA-Seq,84,3015182772,PRJNA956567,SAMN34226764,1079652601,U2OS (RRID:CVCL_0042),osteosarcoma,"UMR1307 - CHILD, NANTES UNIVERSITY",public,"fastq,run.zq,sra","gs,ncbi,s3","gs.us-east1,ncbi.public,s3.us-east-1",SRX19994456,NextSeq 500,GSM7180307,PAIRED,cDNA,TRANSCRIPTOMIC,Homo sapiens,ILLUMINA,2024-11-04T00:00:00Z,2023-04-17T22:28:00Z,1,GSM7180307,cell line,SRP433058,cell line,
SRR24197685,RNA-Seq,84,2812623156,PRJNA956567,SAMN34226765,1014181980,SaOS-2 (RRID:CVCL_0548),osteosarcoma,"UMR1307 - CHILD, NANTES UNIVERSITY",public,"fastq,run.zq,sra","gs,ncbi,s3","gs.us-east1,ncbi.public,s3.us-east-1",SRX19994455,NextSeq 500,GSM7180306,PAIRED,cDNA,TRANSCRIPTOMIC,Homo sapiens,ILLUMINA,2024-11-04T00:00:00Z,2023-04-17T22:28:00Z,1,GSM7180306,cell line,SRP433058,cell line,
SRR24197686,RNA-Seq,84,2959661124,PRJNA956567,SAMN34226766,1076433451,SaOS-2 (RRID:CVCL_0548),osteosarcoma,"UMR1307 - CHILD, NANTES UNIVERSITY",public,"fastq,run.zq,sra","gs,ncbi,s3","gs.us-east1,ncbi.public,s3.us-east-1",SRX19994454,NextSeq 500,GSM7180305,PAIRED,cDNA,TRANSCRIPTOMIC,Homo sapiens,ILLUMINA,2024-11-04T00:00:00Z,2023-04-17T22:30:00Z,1,GSM7180305,cell line,SRP433058,cell line,
SRR24197687,RNA-Seq,84,3026819628,PRJNA956567,SAMN34226767,1088677807,SaOS-2 (RRID:CVCL_0548),osteosarcoma,"UMR1307 - CHILD, NANTES UNIVERSITY",public,"fastq,run.zq,sra","gs,ncbi,s3","gs.us-east1,ncbi.public,s3.us-east-1",SRX19994453,NextSeq 500,GSM7180304,PAIRED,cDNA,TRANSCRIPTOMIC,Homo sapiens,ILLUMINA,2024-11-04T00:00:00Z,2023-04-17T22:26:00Z,1,GSM7180304,cell line,SRP433058,cell line,
SRR24197688,RNA-Seq,84,2679141864,PRJNA956567,SAMN34226768,977939995,MG-63 (RRID:CVCL_0426),osteosarcoma,"UMR1307 - CHILD, NANTES UNIVERSITY",public,"fastq,run.zq,sra","gs,ncbi,s3","gs.us-east1,ncbi.public,s3.us-east-1",SRX19994452,NextSeq 500,GSM7180303,PAIRED,cDNA,TRANSCRIPTOMIC,Homo sapiens,ILLUMINA,2024-11-04T00:00:00Z,2023-04-17T22:25:00Z,1,GSM7180303,cell line,SRP433058,cell line,
SRR24197689,RNA-Seq,84,2203812828,PRJNA956567,SAMN34226769,869899549,MG-63 (RRID:CVCL_0426),osteosarcoma,"UMR1307 - CHILD, NANTES UNIVERSITY",public,"fastq,run.zq,sra","gs,ncbi,s3","gs.us-east1,ncbi.public,s3.us-east-1",SRX19994451,NextSeq 500,GSM7180302,PAIRED,cDNA,TRANSCRIPTOMIC,Homo sapiens,ILLUMINA,2024-11-04T00:00:00Z,2023-04-17T22:23:00Z,1,GSM7180302,cell line,SRP433058,cell line,
SRR24197690,RNA-Seq,84,2417783088,PRJNA956567,SAMN34226770,978967105,MG-63 (RRID:CVCL_0426),osteosarcoma,"UMR1307 - CHILD, NANTES UNIVERSITY",public,"fastq,run.zq,sra","gs,ncbi,s3","gs.us-east1,ncbi.public,s3.us-east-1",SRX19994450,NextSeq 500,GSM7180301,PAIRED,cDNA,TRANSCRIPTOMIC,Homo sapiens,ILLUMINA,2024-11-04T00:00:00Z,2023-04-17T22:26:00Z,1,GSM7180301,cell line,SRP433058,cell line,
SRR24197691,RNA-Seq,84,3011114484,PRJNA956567,SAMN34226771,1097641743,KHOS/NP (RRID:CVCL_2546),osteosarcoma,"UMR1307 - CHILD, NANTES UNIVERSITY",public,"fastq,run.zq,sra","gs,ncbi,s3","gs.us-east1,ncbi.public,s3.us-east-1",SRX19994449,NextSeq 500,GSM7180300,PAIRED,cDNA,TRANSCRIPTOMIC,Homo sapiens,ILLUMINA,2024-11-04T00:00:00Z,2023-04-17T22:27:00Z,1,GSM7180300,cell line,SRP433058,cell line,
SRR24197692,RNA-Seq,84,3279384696,PRJNA956567,SAMN34226772,1211855905,KHOS/NP (RRID:CVCL_2546),osteosarcoma,"UMR1307 - CHILD, NANTES UNIVERSITY",public,"fastq,run.zq,sra","gs,ncbi,s3","gs.us-east1,ncbi.public,s3.us-east-1",SRX19994448,NextSeq 500,GSM7180299,PAIRED,cDNA,TRANSCRIPTOMIC,Homo sapiens,ILLUMINA,2024-11-04T00:00:00Z,2023-04-17T22:26:00Z,1,GSM7180299,cell line,SRP433058,cell line,
SRR24197693,RNA-Seq,84,3377358516,PRJNA956567,SAMN34226773,1229102011,KHOS/NP (RRID:CVCL_2546),osteosarcoma,"UMR1307 - CHILD, NANTES UNIVERSITY",public,"fastq,run.zq,sra","gs,ncbi,s3","gs.us-east1,ncbi.public,s3.us-east-1",SRX19994447,NextSeq 500,GSM7180298,PAIRED,cDNA,TRANSCRIPTOMIC,Homo sapiens,ILLUMINA,2024-11-04T00:00:00Z,2023-04-17T22:29:00Z,1,GSM7180298,cell line,SRP433058,cell line,
SRR24197694,RNA-Seq,84,3247127604,PRJNA956567,SAMN34226774,1216544014,MNNG/HOS Cl #5 (RRID:CVCL_0439),osteosarcoma,"UMR1307 - CHILD, NANTES UNIVERSITY",public,"fastq,run.zq,sra","gs,ncbi,s3","gs.us-east1,ncbi.public,s3.us-east-1",SRX19994446,NextSeq 500,GSM7180297,PAIRED,cDNA,TRANSCRIPTOMIC,Homo sapiens,ILLUMINA,2024-11-04T00:00:00Z,2023-04-17T22:30:00Z,1,GSM7180297,cell line,SRP433058,cell line,
SRR24197695,RNA-Seq,84,3100450248,PRJNA956567,SAMN34226775,1169727298,MNNG/HOS Cl #5 (RRID:CVCL_0439),osteosarcoma,"UMR1307 - CHILD, NANTES UNIVERSITY",public,"fastq,run.zq,sra","gs,ncbi,s3","gs.us-east1,ncbi.public,s3.us-east-1",SRX19994445,NextSeq 500,GSM7180296,PAIRED,cDNA,TRANSCRIPTOMIC,Homo sapiens,ILLUMINA,2024-11-04T00:00:00Z,2023-04-17T22:27:00Z,1,GSM7180296,cell line,SRP433058,cell line,
SRR24197696,RNA-Seq,84,3283596792,PRJNA956567,SAMN34226776,1279436057,MNNG/HOS Cl #5 (RRID:CVCL_0439),osteosarcoma,"UMR1307 - CHILD, NANTES UNIVERSITY",public,"fastq,run.zq,sra","gs,ncbi,s3","gs.us-east1,ncbi.public,s3.us-east-1",SRX19994444,NextSeq 500,GSM7180295,PAIRED,cDNA,TRANSCRIPTOMIC,Homo sapiens,ILLUMINA,2024-11-04T00:00:00Z,2023-04-17T22:29:00Z,1,GSM7180295,cell line,SRP433058,cell line,
SRR24197697,RNA-Seq,84,2672845056,PRJNA956567,SAMN34226777,970757102,G-292 clone A141B1 (RRID:CVCL_2909),osteosarcoma,"UMR1307 - CHILD, NANTES UNIVERSITY",public,"fastq,run.zq,sra","gs,ncbi,s3","gs.us-east1,ncbi.public,s3.us-east-1",SRX19994443,NextSeq 500,GSM7180294,PAIRED,cDNA,TRANSCRIPTOMIC,Homo sapiens,ILLUMINA,2024-11-04T00:00:00Z,2023-04-17T22:24:00Z,1,GSM7180294,cell line,SRP433058,cell line,
SRR24197698,RNA-Seq,84,4295791248,PRJNA956567,SAMN34226778,1558891024,G-292 clone A141B1 (RRID:CVCL_2909),osteosarcoma,"UMR1307 - CHILD, NANTES UNIVERSITY",public,"fastq,run.zq,sra","gs,ncbi,s3","gs.us-east1,ncbi.public,s3.us-east-1",SRX19994442,NextSeq 500,GSM7180293,PAIRED,cDNA,TRANSCRIPTOMIC,Homo sapiens,ILLUMINA,2024-11-04T00:00:00Z,2023-04-17T22:33:00Z,1,GSM7180293,cell line,SRP433058,cell line,
SRR24197699,RNA-Seq,84,4288900896,PRJNA956567,SAMN34226779,1560849727,G-292 clone A141B1 (RRID:CVCL_2909),osteosarcoma,"UMR1307 - CHILD, NANTES UNIVERSITY",public,"fastq,run.zq,sra","gs,ncbi,s3","gs.us-east1,ncbi.public,s3.us-east-1",SRX19994441,NextSeq 500,GSM7180292,PAIRED,cDNA,TRANSCRIPTOMIC,Homo sapiens,ILLUMINA,2024-11-04T00:00:00Z,2023-04-17T22:32:00Z,1,GSM7180292,cell line,SRP433058,cell line,
SRR24197700,RNA-Seq,84,2994939444,PRJNA956567,SAMN34226780,1366430823,TC-71 (RRID:CVCL_2213),ewing sarcoma,"UMR1307 - CHILD, NANTES UNIVERSITY",public,"fastq,run.zq,sra","gs,ncbi,s3","gs.us-east1,ncbi.public,s3.us-east-1",SRX19994440,NextSeq 500,GSM7180291,PAIRED,cDNA,TRANSCRIPTOMIC,Homo sapiens,ILLUMINA,2024-11-04T00:00:00Z,2023-04-17T22:28:00Z,1,GSM7180291,cell line,SRP433058,cell line,
SRR24197701,RNA-Seq,84,3356907540,PRJNA956567,SAMN34226781,1537234516,TC-71 (RRID:CVCL_2213),ewing sarcoma,"UMR1307 - CHILD, NANTES UNIVERSITY",public,"fastq,run.zq,sra","gs,ncbi,s3","gs.us-east1,ncbi.public,s3.us-east-1",SRX19994439,NextSeq 500,GSM7180290,PAIRED,cDNA,TRANSCRIPTOMIC,Homo sapiens,ILLUMINA,2024-11-04T00:00:00Z,2023-04-17T22:28:00Z,1,GSM7180290,cell line,SRP433058,cell line,
SRR24197702,RNA-Seq,84,3916307556,PRJNA956567,SAMN34226782,1784775146,TC-71 (RRID:CVCL_2213),ewing sarcoma,"UMR1307 - CHILD, NANTES UNIVERSITY",public,"fastq,run.zq,sra","gs,ncbi,s3","gs.us-east1,ncbi.public,s3.us-east-1",SRX19994438,NextSeq 500,GSM7180289,PAIRED,cDNA,TRANSCRIPTOMIC,Homo sapiens,ILLUMINA,2024-11-04T00:00:00Z,2023-04-17T22:28:00Z,1,GSM7180289,cell line,SRP433058,cell line,
SRR24197703,RNA-Seq,84,3508707132,PRJNA956567,SAMN34226783,1258930612,SK-ES-1 (RRID:CVCL_0627),ewing sarcoma,"UMR1307 - CHILD, NANTES UNIVERSITY",public,"fastq,run.zq,sra","gs,ncbi,s3","gs.us-east1,ncbi.public,s3.us-east-1",SRX19994437,NextSeq 500,GSM7180288,PAIRED,cDNA,TRANSCRIPTOMIC,Homo sapiens,ILLUMINA,2024-11-04T00:00:00Z,2023-04-17T22:27:00Z,1,GSM7180288,cell line,SRP433058,cell line,
SRR24197704,RNA-Seq,84,2675466444,PRJNA956567,SAMN34226784,958240138,SK-ES-1 (RRID:CVCL_0627),ewing sarcoma,"UMR1307 - CHILD, NANTES UNIVERSITY",public,"fastq,run.zq,sra","gs,ncbi,s3","gs.us-east1,ncbi.public,s3.us-east-1",SRX19994436,NextSeq 500,GSM7180287,PAIRED,cDNA,TRANSCRIPTOMIC,Homo sapiens,ILLUMINA,2024-11-04T00:00:00Z,2023-04-17T22:25:00Z,1,GSM7180287,cell line,SRP433058,cell line,
SRR24197705,RNA-Seq,84,2548760676,PRJNA956567,SAMN34226785,919703575,SK-ES-1 (RRID:CVCL_0627),ewing sarcoma,"UMR1307 - CHILD, NANTES UNIVERSITY",public,"fastq,run.zq,sra","gs,ncbi,s3","gs.us-east1,ncbi.public,s3.us-east-1",SRX19994435,NextSeq 500,GSM7180286,PAIRED,cDNA,TRANSCRIPTOMIC,Homo sapiens,ILLUMINA,2024-11-04T00:00:00Z,2023-04-17T22:32:00Z,1,GSM7180286,cell line,SRP433058,cell line,
SRR24197706,RNA-Seq,83,5021247308,PRJNA956567,SAMN34226786,1942967583,RD-ES (RRID:CVCL_2169),ewing sarcoma,"UMR1307 - CHILD, NANTES UNIVERSITY",public,"fastq,run.zq,sra","gs,ncbi,s3","gs.us-east1,ncbi.public,s3.us-east-1",SRX19994434,NextSeq 500,GSM7180285,PAIRED,cDNA,TRANSCRIPTOMIC,Homo sapiens,ILLUMINA,2024-11-04T00:00:00Z,2023-04-17T22:34:00Z,1,GSM7180285,cell line,SRP433058,cell line,
SRR24197707,RNA-Seq,84,3972683652,PRJNA956567,SAMN34226787,1810374132,RD-ES (RRID:CVCL_2169),ewing sarcoma,"UMR1307 - CHILD, NANTES UNIVERSITY",public,"fastq,run.zq,sra","gs,ncbi,s3","gs.us-east1,ncbi.public,s3.us-east-1",SRX19994433,NextSeq 500,GSM7180284,PAIRED,cDNA,TRANSCRIPTOMIC,Homo sapiens,ILLUMINA,2024-11-04T00:00:00Z,2023-04-17T22:33:00Z,1,GSM7180284,cell line,SRP433058,cell line,
SRR24197708,RNA-Seq,84,2676060912,PRJNA956567,SAMN34226788,1240171021,RD-ES (RRID:CVCL_2169),ewing sarcoma,"UMR1307 - CHILD, NANTES UNIVERSITY",public,"fastq,run.zq,sra","gs,ncbi,s3","gs.us-east1,ncbi.public,s3.us-east-1",SRX19994432,NextSeq 500,GSM7180283,PAIRED,cDNA,TRANSCRIPTOMIC,Homo sapiens,ILLUMINA,2024-11-04T00:00:00Z,2023-04-17T22:28:00Z,1,GSM7180283,cell line,SRP433058,cell line,
SRR24197709,RNA-Seq,84,3216419304,PRJNA956567,SAMN34226789,1148044562,MHH-ES-1 (RRID:CVCL_1411),ewing sarcoma,"UMR1307 - CHILD, NANTES UNIVERSITY",public,"fastq,run.zq,sra","gs,ncbi,s3","gs.us-east1,ncbi.public,s3.us-east-1",SRX19994431,NextSeq 500,GSM7180282,PAIRED,cDNA,TRANSCRIPTOMIC,Homo sapiens,ILLUMINA,2024-11-04T00:00:00Z,2023-04-17T22:32:00Z,1,GSM7180282,cell line,SRP433058,cell line,
SRR24197710,RNA-Seq,84,2350599804,PRJNA956567,SAMN34226790,884354833,MHH-ES-1 (RRID:CVCL_1411),ewing sarcoma,"UMR1307 - CHILD, NANTES UNIVERSITY",public,"fastq,run.zq,sra","gs,ncbi,s3","gs.us-east1,ncbi.public,s3.us-east-1",SRX19994430,NextSeq 500,GSM7180281,PAIRED,cDNA,TRANSCRIPTOMIC,Homo sapiens,ILLUMINA,2024-11-04T00:00:00Z,2023-04-17T22:24:00Z,1,GSM7180281,cell line,SRP433058,cell line,
SRR24197711,RNA-Seq,84,2667476532,PRJNA956567,SAMN34226791,951934246,MHH-ES-1 (RRID:CVCL_1411),ewing sarcoma,"UMR1307 - CHILD, NANTES UNIVERSITY",public,"fastq,run.zq,sra","gs,ncbi,s3","gs.us-east1,ncbi.public,s3.us-east-1",SRX19994429,NextSeq 500,GSM7180280,PAIRED,cDNA,TRANSCRIPTOMIC,Homo sapiens,ILLUMINA,2024-11-04T00:00:00Z,2023-04-17T22:29:00Z,1,GSM7180280,cell line,SRP433058,cell line,
SRR24197712,RNA-Seq,84,2260710060,PRJNA956567,SAMN34226792,811664436,EW-24 (RRID:CVCL_1215),ewing sarcoma,"UMR1307 - CHILD, NANTES UNIVERSITY",public,"fastq,run.zq,sra","gs,ncbi,s3","gs.us-east1,ncbi.public,s3.us-east-1",SRX19994428,NextSeq 500,GSM7180279,PAIRED,cDNA,TRANSCRIPTOMIC,Homo sapiens,ILLUMINA,2024-11-04T00:00:00Z,2023-04-17T22:24:00Z,1,GSM7180279,cell line,SRP433058,cell line,
SRR24197713,RNA-Seq,84,5198083380,PRJNA956567,SAMN34226793,2351439672,EW-24 (RRID:CVCL_1215),ewing sarcoma,"UMR1307 - CHILD, NANTES UNIVERSITY",public,"fastq,run.zq,sra","gs,ncbi,s3","gs.us-east1,ncbi.public,s3.us-east-1",SRX19994427,NextSeq 500,GSM7180278,PAIRED,cDNA,TRANSCRIPTOMIC,Homo sapiens,ILLUMINA,2024-11-04T00:00:00Z,2023-04-17T22:43:00Z,1,GSM7180278,cell line,SRP433058,cell line,
SRR24197714,RNA-Seq,84,3105293520,PRJNA956567,SAMN34226794,1404544288,EW-24 (RRID:CVCL_1215),ewing sarcoma,"UMR1307 - CHILD, NANTES UNIVERSITY",public,"fastq,run.zq,sra","gs,ncbi,s3","gs.us-east1,ncbi.public,s3.us-east-1",SRX19994426,NextSeq 500,GSM7180277,PAIRED,cDNA,TRANSCRIPTOMIC,Homo sapiens,ILLUMINA,2024-11-04T00:00:00Z,2023-04-17T22:25:00Z,1,GSM7180277,cell line,SRP433058,cell line,
SRR24197715,RNA-Seq,84,2655607080,PRJNA956567,SAMN34226795,949489033,EW-3 (RRID:CVCL_1216),ewing sarcoma,"UMR1307 - CHILD, NANTES UNIVERSITY",public,"fastq,run.zq,sra","gs,ncbi,s3","gs.us-east1,ncbi.public,s3.us-east-1",SRX19994425,NextSeq 500,GSM7180276,PAIRED,cDNA,TRANSCRIPTOMIC,Homo sapiens,ILLUMINA,2024-11-04T00:00:00Z,2023-04-17T22:27:00Z,1,GSM7180276,cell line,SRP433058,cell line,
SRR24197716,RNA-Seq,84,2724489936,PRJNA956567,SAMN34226796,972633253,EW-3 (RRID:CVCL_1216),ewing sarcoma,"UMR1307 - CHILD, NANTES UNIVERSITY",public,"fastq,run.zq,sra","gs,ncbi,s3","gs.us-east1,ncbi.public,s3.us-east-1",SRX19994424,NextSeq 500,GSM7180275,PAIRED,cDNA,TRANSCRIPTOMIC,Homo sapiens,ILLUMINA,2024-11-04T00:00:00Z,2023-04-17T22:28:00Z,1,GSM7180275,cell line,SRP433058,cell line,
SRR24197717,RNA-Seq,83,4302028577,PRJNA956567,SAMN34226797,1762230407,EW-3 (RRID:CVCL_1216),ewing sarcoma,"UMR1307 - CHILD, NANTES UNIVERSITY",public,"fastq,run.zq,sra","gs,ncbi,s3","gs.us-east1,ncbi.public,s3.us-east-1",SRX19994423,NextSeq 500,GSM7180274,PAIRED,cDNA,TRANSCRIPTOMIC,Homo sapiens,ILLUMINA,2024-11-04T00:00:00Z,2023-04-17T22:36:00Z,1,GSM7180274,cell line,SRP433058,cell line,
SRR24197718,RNA-Seq,84,2913165108,PRJNA956567,SAMN34226798,1239712695,A-673 (RRID:CVCL_0080),ewing sarcoma,"UMR1307 - CHILD, NANTES UNIVERSITY",public,"fastq,run.zq,sra","gs,ncbi,s3","gs.us-east1,ncbi.public,s3.us-east-1",SRX19994422,NextSeq 500,GSM7180273,PAIRED,cDNA,TRANSCRIPTOMIC,Homo sapiens,ILLUMINA,2024-11-04T00:00:00Z,2023-04-17T22:28:00Z,1,GSM7180273,cell line,SRP433058,cell line,
SRR24197719,RNA-Seq,84,3383794092,PRJNA956567,SAMN34226799,1554411220,A-673 (RRID:CVCL_0080),ewing sarcoma,"UMR1307 - CHILD, NANTES UNIVERSITY",public,"fastq,run.zq,sra","gs,ncbi,s3","gs.us-east1,ncbi.public,s3.us-east-1",SRX19994421,NextSeq 500,GSM7180272,PAIRED,cDNA,TRANSCRIPTOMIC,Homo sapiens,ILLUMINA,2024-11-04T00:00:00Z,2023-04-17T22:36:00Z,1,GSM7180272,cell line,SRP433058,cell line,
SRR24197720,RNA-Seq,84,4152344952,PRJNA956567,SAMN34226800,1888570797,A-673 (RRID:CVCL_0080),ewing sarcoma,"UMR1307 - CHILD, NANTES UNIVERSITY",public,"fastq,run.zq,sra","gs,ncbi,s3","gs.us-east1,ncbi.public,s3.us-east-1",SRX19994420,NextSeq 500,GSM7180271,PAIRED,cDNA,TRANSCRIPTOMIC,Homo sapiens,ILLUMINA,2024-11-04T00:00:00Z,2023-04-17T22:44:00Z,1,GSM7180271,cell line,SRP433058,cell line,
